/*******************************************************************************
 * Size: 12 px
 * Bpp: 4
 * Opts: --bpp 4 --size 12 --font Montserrat-Medium-v9.ttf -r 0x20-0xFF,0xB0,0x2013-0x2014,0x2018-0x2019,0x201C-0x201D,0x2022,0x2026,0x20BF --font SatoshiSymbol.ttf -r 0x4E2F,0x4E30 --font FontAwesome5-Solid+Brands+Regular.woff -r 61441,61448,61451,61452,61452,61453,61457,61459,61461,61465,61468,61473,61478,61479,61480,61502,61507,61512,61515,61516,61517,61521,61522,61523,61524,61543,61544,61550,61552,61553,61556,61559,61560,61561,61563,61587,61589,61636,61637,61639,61641,61664,61671,61674,61683,61724,61732,61787,61931,62016,62017,62018,62019,62020,62087,62099,62212,62189,62810,63426,63650,0xf002,0xf004,0xf005,0xf00e,0xf010,0xf029,0xf030,0xf15a,0xf164,0xf165,0xf1e0,0xf2ea,0xf379,0xf58f --format lvgl -o /Users/RT/Developer/dev-mpos/lvgl-fonts/lib_lvgl_src_font/lv_font_montserrat_12.c --force-fast-kern-format
 ******************************************************************************/

#ifdef LV_LVGL_H_INCLUDE_SIMPLE
#include "lvgl.h"
#else
#include "lvgl/lvgl.h"
#endif

#ifndef LV_FONT_MONTSERRAT_12
#define LV_FONT_MONTSERRAT_12 1
#endif

#if LV_FONT_MONTSERRAT_12

/*-----------------
 *    BITMAPS
 *----------------*/

/*Store the image of the glyphs*/
static LV_ATTRIBUTE_LARGE_CONST const uint8_t glyph_bitmap[] = {
    /* U+0020 " " */

    /* U+0021 "!" */
    0xf, 0x40, 0x3, 0x80, 0x70, 0x80, 0x80, 0xc,
    0xc1, 0xc2, 0x16, 0x22, 0x62,

    /* U+0022 "\"" */
    0x3c, 0x1e, 0x7, 0x10, 0xe, 0x2e, 0x9,

    /* U+0023 "#" */
    0x0, 0x24, 0x1, 0xd0, 0x6, 0x3e, 0x6, 0x20,
    0x2, 0x7c, 0x4f, 0xd3, 0xf8, 0xa7, 0xae, 0xfb,
    0xdf, 0x88, 0x1, 0x8c, 0x9, 0xc0, 0x30, 0x88,
    0x4, 0x80, 0x15, 0xe5, 0xfe, 0x4e, 0xb0, 0xae,
    0x3f, 0xf1, 0x7d, 0x80, 0x9, 0x80, 0x44, 0x1,
    0x0,

    /* U+0024 "$" */
    0x0, 0xa4, 0x80, 0x3f, 0xc9, 0x8d, 0xb6, 0x63,
    0x76, 0x5a, 0xc7, 0x51, 0x73, 0x77, 0x22, 0x8c,
    0x90, 0x4, 0x38, 0x49, 0x90, 0x0, 0x3b, 0x69,
    0x5a, 0x0, 0xcb, 0x28, 0xb6, 0x86, 0xfe, 0xaa,
    0x3a, 0x5a, 0x1a, 0x8, 0xe6, 0xda, 0x10, 0xb,
    0x4c, 0x0,

    /* U+0025 "%" */
    0xa, 0xc8, 0x0, 0xb0, 0x41, 0xb3, 0x4, 0x40,
    0x7a, 0x10, 0xe5, 0xd, 0x62, 0xb6, 0x0, 0x6a,
    0x6, 0xb4, 0xf0, 0x4, 0xbf, 0x78, 0x86, 0xf7,
    0x20, 0x8, 0xb7, 0xa9, 0xeb, 0xf7, 0x0, 0xae,
    0x8, 0x80, 0x9a, 0x0, 0x43, 0x42, 0x20, 0x39,
    0x0, 0x22, 0x0, 0x39, 0x8e, 0x90,

    /* U+0026 "&" */
    0x0, 0x4f, 0x6a, 0x0, 0x65, 0x57, 0x72, 0x40,
    0x30, 0x80, 0x1c, 0x40, 0x32, 0x5, 0x4f, 0x0,
    0x63, 0x14, 0x52, 0x10, 0x0, 0xef, 0x7a, 0xb4,
    0xc0, 0x3a, 0x98, 0xe5, 0xbd, 0x1, 0x22, 0x4,
    0x84, 0x10, 0x12, 0x65, 0xdc, 0xad, 0xd0, 0x1,
    0xb7, 0xf5, 0x8a, 0xc0,

    /* U+0027 "'" */
    0x3c, 0x7, 0x0, 0x17, 0x0,

    /* U+0028 "(" */
    0xa, 0x71, 0x56, 0x43, 0x1c, 0x40, 0x2e, 0x7,
    0x20, 0x10, 0x0, 0x80, 0x1c, 0x80, 0xb8, 0x31,
    0x1, 0xc, 0x44, 0xac,

    /* U+0029 ")" */
    0x6b, 0x6, 0x42, 0x4, 0x40, 0x1e, 0x6, 0xb0,
    0x8, 0x81, 0xcc, 0x1c, 0xc0, 0x44, 0x4, 0xc1,
    0x98, 0x4, 0x76, 0x41,

    /* U+002A "*" */
    0x0, 0x58, 0x2, 0x25, 0xed, 0x60, 0x8c, 0xcb,
    0x18, 0x62, 0xb0, 0xed, 0x2a,

    /* U+002B "+" */
    0x0, 0xac, 0x3, 0xc8, 0x1, 0xfe, 0x2e, 0xe0,
    0x77, 0x8, 0x9f, 0xe0, 0xff, 0x10, 0x8, 0x80,
    0x44, 0x0,

    /* U+002C "," */
    0x18, 0x5, 0x71, 0x42, 0x13, 0x50,

    /* U+002D "-" */
    0x4f, 0xf6, 0xa6, 0xeb, 0xc0,

    /* U+002E "." */
    0x2a, 0x6, 0x70,

    /* U+002F "/" */
    0x0, 0xc6, 0x80, 0x1a, 0x4, 0x3, 0x22, 0x80,
    0x4a, 0x80, 0x1b, 0xf4, 0x3, 0x23, 0x80, 0x48,
    0x42, 0x1, 0x6d, 0x80, 0x67, 0x50, 0x8, 0xcc,
    0x40, 0x15, 0xd0, 0x6, 0x55, 0x0, 0x44, 0x4,
    0x1, 0x0,

    /* U+0030 "0" */
    0x0, 0x4f, 0x72, 0x40, 0x2a, 0x4a, 0xa2, 0x48,
    0xa, 0xfa, 0x23, 0xd8, 0x50, 0x48, 0x0, 0x44,
    0x43, 0x20, 0xc, 0x26, 0x62, 0x0, 0xc2, 0x68,
    0x24, 0x0, 0x22, 0x20, 0xaf, 0xa2, 0x3d, 0x44,
    0x29, 0x2a, 0x89, 0x40,

    /* U+0031 "1" */
    0xef, 0xf1, 0xe6, 0x80, 0x8, 0x80, 0x1f, 0xfc,
    0xe0,

    /* U+0032 "2" */
    0x19, 0xef, 0xc2, 0x9, 0x2a, 0xc6, 0xc0, 0x8b,
    0x43, 0x81, 0x10, 0x6, 0x71, 0x10, 0x4, 0x57,
    0x60, 0x8, 0x7e, 0x54, 0x0, 0x38, 0xae, 0x0,
    0x1c, 0x7a, 0x22, 0xc, 0x92, 0xee, 0xcc,

    /* U+0033 "3" */
    0x9f, 0xfe, 0x8, 0xdd, 0x89, 0xc0, 0x48, 0x96,
    0xd0, 0x1, 0x2b, 0x48, 0x6, 0x23, 0xd8, 0x0,
    0x9f, 0x35, 0xc8, 0x3, 0x10, 0xb5, 0xca, 0x1c,
    0x82, 0xc1, 0x56, 0x2e, 0x88,

    /* U+0034 "4" */
    0x0, 0xd3, 0x60, 0x1c, 0x8f, 0x40, 0x18, 0x6a,
    0xc4, 0x3, 0x5a, 0x28, 0x6, 0x54, 0xb0, 0xd4,
    0x1, 0xba, 0x10, 0xd, 0x23, 0x7f, 0xe2, 0xbd,
    0x9d, 0xdc, 0x33, 0xe2, 0x45, 0x80, 0x88,

    /* U+0035 "5" */
    0xc, 0xff, 0xc0, 0x2, 0xad, 0xd8, 0x0, 0x28,
    0x45, 0x0, 0x87, 0x72, 0xd0, 0x7, 0x76, 0x2b,
    0x20, 0x22, 0x1c, 0x92, 0x0, 0x7d, 0x36, 0x87,
    0x4, 0xf6, 0x35, 0x89, 0x62,

    /* U+0036 "6" */
    0x0, 0x36, 0xfe, 0xa8, 0x2, 0x2e, 0x37, 0x9c,
    0x5, 0xf1, 0x48, 0xc8, 0x10, 0x9f, 0x7a, 0x84,
    0xc, 0xab, 0xb5, 0xa8, 0xc, 0x38, 0xcd, 0xc8,
    0xe, 0x1, 0xf1, 0x2c, 0x91, 0x25, 0x40, 0x16,
    0x3b, 0xa1, 0xb0,

    /* U+0037 "7" */
    0xaf, 0xfe, 0xb0, 0x6d, 0xd8, 0xb3, 0x7c, 0x88,
    0x24, 0xce, 0xc0, 0x9, 0x61, 0x0, 0x85, 0x6c,
    0x3, 0x31, 0x90, 0x6, 0x99, 0x0, 0x65, 0x5,
    0x0, 0xd2, 0xc0, 0x10,

    /* U+0038 "8" */
    0x3, 0xcf, 0xea, 0x10, 0x6, 0xa7, 0x63, 0x58,
    0x10, 0xc8, 0x94, 0xb8, 0x10, 0xb0, 0xf, 0x20,
    0x2, 0x21, 0xfc, 0x96, 0x7, 0x35, 0xfc, 0xf8,
    0xa, 0x6a, 0x3, 0x2, 0x4a, 0x6c, 0x25, 0x22,
    0x47, 0x54, 0xed, 0x2c, 0x0,

    /* U+0039 "9" */
    0x7, 0xef, 0xc3, 0x6, 0x9d, 0xe9, 0xd1, 0xf6,
    0x31, 0x55, 0x4f, 0x28, 0x81, 0xa9, 0xbb, 0xbb,
    0xf9, 0xdc, 0x15, 0xfd, 0xa2, 0xe0, 0x10, 0x83,
    0x60, 0x31, 0x25, 0x9b, 0x8d, 0x6d, 0xe, 0x0,

    /* U+003A ":" */
    0x4d, 0x6, 0x70, 0x2a, 0x0, 0xf8, 0xa8, 0x19,
    0xc0,

    /* U+003B ";" */
    0x4d, 0x6, 0x70, 0x2a, 0x0, 0xf8, 0x60, 0x15,
    0xc5, 0x8, 0x4d, 0x40,

    /* U+003C "<" */
    0x0, 0xe2, 0x10, 0x9, 0x2f, 0x0, 0xf, 0xb1,
    0xdc, 0x13, 0x8a, 0xc5, 0x0, 0x1d, 0xe7, 0x38,
    0x80, 0x12, 0xf3, 0xbc, 0x80, 0x22, 0x9e, 0x20,

    /* U+003D "=" */
    0x3f, 0xfe, 0x33, 0x7f, 0xf1, 0x80, 0x7c, 0x5d,
    0xdc, 0x44, 0xff, 0xe2,

    /* U+003E ">" */
    0x12, 0x0, 0xe3, 0xcb, 0x40, 0x8, 0xbb, 0x91,
    0xac, 0x1, 0x2e, 0x2c, 0x90, 0xb, 0xf1, 0xd9,
    0x13, 0xfb, 0x2d, 0x0, 0xba, 0x48, 0x2,

    /* U+003F "?" */
    0x1a, 0xef, 0xc3, 0x8, 0xd, 0xd3, 0x68, 0x4d,
    0x19, 0x48, 0x80, 0x74, 0xa8, 0x6, 0x96, 0xa0,
    0x8, 0x9b, 0x40, 0x31, 0x70, 0x80, 0x62, 0x90,
    0xe, 0x65, 0x0, 0x80,

    /* U+0040 "@" */
    0x0, 0x92, 0xfb, 0x75, 0x2, 0x1, 0xa7, 0xe3,
    0xb7, 0x5d, 0x86, 0x0, 0x73, 0xbb, 0x77, 0x22,
    0xe3, 0x84, 0x2a, 0x8e, 0xb9, 0xe2, 0x4d, 0x6c,
    0x8e, 0x15, 0x24, 0x32, 0x0, 0x7c, 0x22, 0x1,
    0x30, 0x4, 0x40, 0x2e, 0x1, 0x13, 0x0, 0x44,
    0x2, 0xe4, 0x40, 0xa9, 0x21, 0x90, 0x66, 0x62,
    0x20, 0x1d, 0x73, 0xc6, 0xa9, 0x8e, 0x13, 0x41,
    0x1d, 0xc8, 0x5f, 0xb0, 0x3, 0x85, 0x98, 0x0,
    0x90, 0x3, 0xab, 0xa3, 0xb9, 0xe4, 0x1, 0x0,

    /* U+0041 "A" */
    0x0, 0xcd, 0xe6, 0x1, 0xf5, 0x95, 0x0, 0x79,
    0xf, 0x98, 0x40, 0x3b, 0xd8, 0xcc, 0xc0, 0x18,
    0x52, 0x82, 0xa4, 0x3, 0x49, 0x90, 0x38, 0xa8,
    0x4, 0xc7, 0xdc, 0xf0, 0xe0, 0x3, 0x6, 0xff,
    0xd6, 0x84, 0x15, 0x24, 0x23, 0x22, 0x2c,

    /* U+0042 "B" */
    0xbf, 0xfd, 0x64, 0x0, 0x8e, 0xe6, 0x8f, 0x80,
    0x42, 0x22, 0x92, 0x0, 0xf5, 0x18, 0x2, 0x3f,
    0xe6, 0x80, 0x3, 0xee, 0xd3, 0x64, 0x1e, 0x45,
    0x31, 0xa8, 0x0, 0x46, 0x53, 0x30, 0x47, 0x75,
    0x12, 0x80,

    /* U+0043 "C" */
    0x0, 0x1d, 0xff, 0xac, 0xc0, 0x9, 0x85, 0x98,
    0x3d, 0x0, 0x54, 0xc8, 0xcd, 0x1c, 0x8, 0xc,
    0x1, 0xe2, 0x20, 0x7, 0xc4, 0x40, 0xf, 0x90,
    0x18, 0x3, 0xea, 0x99, 0x1a, 0x47, 0x0, 0x13,
    0xb, 0x2c, 0xf4, 0x0,

    /* U+0044 "D" */
    0xbf, 0xfb, 0xa8, 0xc0, 0x27, 0xdd, 0x8f, 0x10,
    0x1, 0xe4, 0x43, 0x98, 0xa0, 0xf, 0x9c, 0x4c,
    0x3, 0xe1, 0x60, 0xf, 0x85, 0x80, 0x3c, 0xe2,
    0x61, 0xe4, 0x43, 0x98, 0xa0, 0x3, 0xee, 0xc5,
    0x88, 0x0,

    /* U+0045 "E" */
    0xbf, 0xfe, 0x30, 0x7d, 0xdc, 0x61, 0xe4, 0x58,
    0x3, 0xfa, 0x3f, 0xea, 0x0, 0x3e, 0xed, 0x60,
    0xf, 0x22, 0x84, 0x1, 0xe4, 0x58, 0x0, 0xfb,
    0xb9, 0x40,

    /* U+0046 "F" */
    0xbf, 0xfe, 0x30, 0x7d, 0xdc, 0x61, 0xe4, 0x58,
    0x3, 0xfa, 0x3f, 0xea, 0x0, 0x3e, 0xed, 0x60,
    0xf, 0x22, 0x84, 0x3, 0xff, 0x86,

    /* U+0047 "G" */
    0x0, 0x1d, 0xff, 0xb1, 0x0, 0x9, 0x85, 0x79,
    0x74, 0x21, 0x53, 0x24, 0x37, 0xe1, 0x40, 0x60,
    0xf, 0x11, 0x0, 0x3a, 0x8, 0xa0, 0xe, 0x61,
    0x40, 0x60, 0xf, 0xaa, 0x64, 0x66, 0x71, 0x0,
    0x26, 0x16, 0x62, 0xe8, 0xc0,

    /* U+0048 "H" */
    0xb7, 0x0, 0xd6, 0xe0, 0x1f, 0xfc, 0xd8, 0xff,
    0xc8, 0x0, 0x7d, 0xdc, 0x60, 0xf, 0x22, 0xce,
    0x1, 0xff, 0xc5,

    /* U+0049 "I" */
    0xb7, 0x0, 0xff, 0xe2, 0x0,

    /* U+004A "J" */
    0x4, 0xff, 0xc0, 0x9b, 0xaa, 0x0, 0x88, 0x8c,
    0x1, 0xff, 0xcb, 0x71, 0xd, 0x52, 0xf5, 0x8,
    0x86, 0x84, 0x80,

    /* U+004B "K" */
    0xb7, 0x0, 0x9b, 0x44, 0x3, 0x2c, 0x78, 0x80,
    0x49, 0x7a, 0x40, 0x11, 0xd5, 0xc, 0x2, 0xed,
    0x16, 0x0, 0xcc, 0xd7, 0x80, 0x65, 0x89, 0x1a,
    0x0, 0xb4, 0x1, 0xa8, 0xe0, 0x1c, 0x3b, 0x6,

    /* U+004C "L" */
    0xb7, 0x0, 0xff, 0xf2, 0x79, 0x16, 0x0, 0x3e,
    0xee, 0x0,

    /* U+004D "M" */
    0xb8, 0x0, 0xe1, 0xf2, 0x7, 0x10, 0xd, 0x0,
    0x20, 0x36, 0x1, 0x13, 0x80, 0x52, 0x86, 0x0,
    0x99, 0x0, 0x43, 0x30, 0x8, 0xce, 0x1, 0x9d,
    0x92, 0x20, 0x1, 0xe8, 0xb0, 0x50, 0xf, 0x2a,
    0x78, 0x7, 0xeb, 0x30, 0xc,

    /* U+004E "N" */
    0xb9, 0x0, 0xd6, 0xe0, 0xca, 0x1, 0xe3, 0xa2,
    0x0, 0xeb, 0x5f, 0x0, 0xf5, 0x4, 0x80, 0x7b,
    0xd9, 0x40, 0x38, 0xa6, 0x98, 0x3, 0x99, 0x48,
    0x3, 0xd4, 0x40,

    /* U+004F "O" */
    0x0, 0x1d, 0xff, 0xad, 0x0, 0x24, 0xc2, 0xcc,
    0x1d, 0xb0, 0x2, 0xa6, 0x46, 0x68, 0xa9, 0x14,
    0x6, 0x0, 0xca, 0x4e, 0x44, 0x0, 0xf3, 0x9,
    0x10, 0x3, 0xcc, 0x28, 0xc, 0x1, 0x94, 0x9c,
    0x2a, 0x60, 0xcd, 0x15, 0x22, 0x9, 0xa7, 0x98,
    0x4b, 0x60,

    /* U+0050 "P" */
    0xbf, 0xfb, 0x60, 0x2, 0x7d, 0xd4, 0xac, 0x80,
    0x3c, 0x88, 0x92, 0xe0, 0x1e, 0x71, 0x0, 0xe2,
    0xf5, 0x0, 0x47, 0xfb, 0x5a, 0xc0, 0xf, 0xba,
    0xfa, 0x10, 0x7, 0x91, 0x0, 0x3f, 0xf8, 0x0,

    /* U+0051 "Q" */
    0x0, 0x1d, 0xff, 0xad, 0x0, 0x24, 0xc2, 0xcc,
    0x1d, 0xb0, 0x2, 0xa6, 0x46, 0x68, 0xa9, 0x14,
    0x6, 0x0, 0xca, 0x48, 0x44, 0x0, 0xf3, 0x11,
    0x40, 0x1e, 0x61, 0x41, 0x60, 0xc, 0xa4, 0xe1,
    0x53, 0x6, 0x4f, 0x52, 0x20, 0xb6, 0x99, 0xb7,
    0x4c, 0x1, 0x26, 0x79, 0xba, 0x94, 0x0, 0x76,
    0x87, 0xef, 0x0, 0x70, 0xdf, 0xf9, 0x80,

    /* U+0052 "R" */
    0xbf, 0xfb, 0x60, 0x2, 0x7d, 0xd4, 0xac, 0x80,
    0x3c, 0x88, 0x92, 0xe0, 0x1e, 0x71, 0x0, 0xe2,
    0x84, 0x0, 0x47, 0xfb, 0x42, 0x80, 0xf, 0xba,
    0x42, 0x10, 0x7, 0x91, 0x29, 0x8c, 0x3, 0x86,
    0x38, 0x0,

    /* U+0053 "S" */
    0x4, 0xcf, 0xeb, 0x31, 0xb4, 0xdd, 0x63, 0xa8,
    0xc1, 0x1b, 0xa2, 0x8c, 0x10, 0x4, 0x38, 0x7b,
    0xa8, 0x0, 0x1d, 0xfc, 0xad, 0x0, 0x64, 0x94,
    0x5b, 0x42, 0x3f, 0x55, 0x1c, 0xee, 0x86, 0x80,

    /* U+0054 "T" */
    0xff, 0xfb, 0x75, 0x81, 0x9b, 0xa2, 0x28, 0x8,
    0xa0, 0xf, 0xfe, 0xf0,

    /* U+0055 "U" */
    0xd6, 0x0, 0xdc, 0x80, 0x1f, 0xfd, 0x41, 0x10,
    0x6, 0x17, 0x5d, 0x0, 0x88, 0xa, 0xd6, 0xd,
    0x7d, 0x44, 0xad, 0x32, 0x16, 0x80,

    /* U+0056 "V" */
    0xc, 0x70, 0xe, 0xd5, 0xa, 0x90, 0xc, 0x86,
    0xa0, 0xc2, 0x80, 0x17, 0x30, 0x4, 0xde, 0x0,
    0x15, 0xa0, 0xa, 0xd0, 0x81, 0x90, 0x80, 0x22,
    0x3a, 0x9, 0xf0, 0xe, 0x96, 0x50, 0x40, 0xe,
    0x50, 0xb9, 0x0, 0xf9, 0x85, 0x80, 0x20,

    /* U+0057 "W" */
    0x7c, 0x0, 0xdd, 0x0, 0x11, 0x78, 0x29, 0x88,
    0x0, 0xc5, 0x40, 0x25, 0x50, 0x11, 0x1c, 0x1,
    0x6c, 0x44, 0x0, 0x5f, 0x80, 0x17, 0x40, 0xb,
    0x48, 0xa0, 0x26, 0xa0, 0xb, 0x40, 0x33, 0xb6,
    0xc1, 0xd0, 0x2, 0x31, 0x5b, 0x70, 0x73, 0x1d,
    0xd0, 0x6, 0x7f, 0x5d, 0x1, 0x46, 0x47, 0x0,
    0xda, 0xa6, 0x80, 0xd, 0x83, 0x10, 0xc, 0x80,
    0x80, 0x13, 0x85, 0x80, 0x40,

    /* U+0058 "X" */
    0x5f, 0x10, 0xb, 0x95, 0x6a, 0x0, 0x4a, 0x28,
    0x5a, 0xb2, 0x3d, 0x80, 0x6, 0xa6, 0xa8, 0x20,
    0x12, 0x10, 0x20, 0x6, 0x70, 0x38, 0x0, 0x8a,
    0x3b, 0xdc, 0xc0, 0x1c, 0xe6, 0x51, 0xc1, 0x3,
    0x0, 0x7, 0x19,

    /* U+0059 "Y" */
    0xc, 0x80, 0xd, 0x50, 0x1e, 0xe2, 0x0, 0x34,
    0x80, 0x35, 0xb0, 0x7, 0xc0, 0x5, 0x6a, 0x6c,
    0xc, 0x1, 0xc, 0x7c, 0x78, 0x7, 0x39, 0x21,
    0x80, 0x79, 0x74, 0x3, 0xff, 0x92,

    /* U+005A "Z" */
    0x6f, 0xff, 0x2b, 0x6e, 0xe6, 0x25, 0x2, 0x28,
    0x5b, 0x80, 0x30, 0xec, 0x98, 0x6, 0xa4, 0x60,
    0xd, 0xd, 0x40, 0x19, 0x1f, 0xc0, 0x30, 0xd3,
    0x81, 0x14, 0x2c, 0x2f, 0xbb, 0xa4,

    /* U+005B "[" */
    0xbf, 0xc0, 0x9c, 0x0, 0xff, 0xe9, 0xce, 0x0,

    /* U+005C "\\" */
    0x35, 0x0, 0xc3, 0x60, 0x18, 0x8c, 0xc0, 0x19,
    0x6c, 0x3, 0x5a, 0x80, 0x63, 0x2, 0x0, 0xca,
    0xa0, 0xd, 0x76, 0x0, 0xc6, 0x44, 0x0, 0xce,
    0xa0, 0x1b, 0x6c, 0x3, 0x21, 0x8, 0x6, 0x47,

    /* U+005D "]" */
    0xcf, 0xbc, 0x80, 0x0, 0x80, 0x7f, 0xf3, 0x84,
    0x32, 0x0,

    /* U+005E "^" */
    0x0, 0x9c, 0x3, 0x96, 0x54, 0x3, 0x75, 0x70,
    0x4, 0x4e, 0x8e, 0x40, 0xa, 0xa0, 0x55, 0x0,
    0xa, 0xc0, 0xca, 0x0,

    /* U+005F "_" */
    0xdd, 0xf0,

    /* U+0060 "`" */
    0x27, 0x10, 0x22, 0x68, 0x80,

    /* U+0061 "a" */
    0x8, 0xdf, 0xc3, 0x0, 0x14, 0xea, 0xf0, 0x2,
    0x90, 0xa0, 0x84, 0x23, 0x7b, 0xc0, 0xd1, 0xb3,
    0xb8, 0x1, 0xe8, 0x0, 0x23, 0xff, 0x78, 0x0,

    /* U+0062 "b" */
    0xe4, 0x0, 0xff, 0xe4, 0x1e, 0x7e, 0x20, 0x2,
    0x27, 0x6e, 0xc4, 0x10, 0xa4, 0xe9, 0x40, 0x60,
    0x11, 0x90, 0x18, 0x4, 0x64, 0x10, 0xa4, 0xe9,
    0x41, 0x32, 0xdb, 0xb1, 0x0,

    /* U+0063 "c" */
    0x2, 0xbf, 0xe8, 0x0, 0x78, 0xed, 0x29, 0xa8,
    0x51, 0x26, 0x99, 0x30, 0x7, 0x13, 0x0, 0x72,
    0x85, 0x12, 0x69, 0x87, 0x8e, 0xd2, 0x98,

    /* U+0064 "d" */
    0x0, 0xe1, 0xf1, 0x0, 0xff, 0xe2, 0x95, 0xfe,
    0xb8, 0x5, 0x83, 0xbd, 0x0, 0x5, 0x3a, 0x23,
    0xa0, 0x1, 0x30, 0x4, 0xa0, 0x2, 0x60, 0x9,
    0x40, 0xa, 0x74, 0x47, 0x20, 0x16, 0xe, 0xf4,
    0x0, 0x0,

    /* U+0065 "e" */
    0x2, 0xbf, 0xd6, 0x0, 0x61, 0xf4, 0xc2, 0x29,
    0xc0, 0xa4, 0x71, 0x13, 0x76, 0xb6, 0x22, 0x6e,
    0xec, 0x50, 0x92, 0x3a, 0x20, 0xf2, 0xdd, 0x19,
    0x0,

    /* U+0066 "f" */
    0x1, 0xcf, 0x70, 0x86, 0xe6, 0x2, 0xc1, 0x16,
    0xa4, 0xf9, 0xea, 0x4f, 0x98, 0x7, 0xff, 0x34,

    /* U+0067 "g" */
    0x2, 0xbf, 0xe6, 0xe2, 0xc, 0x1d, 0xd5, 0x88,
    0x29, 0xd1, 0x1f, 0x80, 0x9, 0x80, 0x22, 0x0,
    0x13, 0x0, 0x44, 0x0, 0x53, 0xa2, 0x3f, 0x0,
    0xb0, 0x77, 0x50, 0x1, 0x15, 0xff, 0x38, 0x10,
    0x63, 0x11, 0xca, 0x0, 0x2a, 0x9b, 0xa1, 0xa0,

    /* U+0068 "h" */
    0xe4, 0x0, 0xff, 0xe4, 0x66, 0xfe, 0x10, 0x1,
    0xa3, 0x5b, 0xc0, 0x10, 0xa5, 0x4, 0x20, 0x40,
    0x2, 0x0, 0xfc, 0x60, 0x1f, 0xfc, 0x20,

    /* U+0069 "i" */
    0xd, 0x40, 0x56, 0x8, 0x20, 0xe4, 0x0, 0xff,
    0xe3, 0x0,

    /* U+006A "j" */
    0x0, 0xb5, 0x40, 0x2a, 0x70, 0x9, 0xc8, 0x2,
    0xd4, 0x0, 0xff, 0xec, 0x11, 0x4c, 0x1f, 0xae,
    0x40,

    /* U+006B "k" */
    0xe4, 0x0, 0xff, 0xe5, 0xdd, 0x0, 0x6b, 0xa,
    0x0, 0xad, 0xec, 0x2, 0xa4, 0x10, 0xc, 0x5c,
    0x12, 0x1, 0x40, 0xfb, 0x20, 0x6, 0x29, 0xa1,

    /* U+006C "l" */
    0xe4, 0x0, 0xff, 0xe3, 0x0,

    /* U+006D "m" */
    0xe7, 0xdf, 0xb2, 0x9e, 0xe4, 0x0, 0x2b, 0xb5,
    0xf4, 0xf3, 0x59, 0x42, 0xcc, 0xa0, 0x2c, 0x8d,
    0xf0, 0x8, 0x0, 0xe0, 0x20, 0x1, 0x30, 0xf,
    0xfe, 0xa8,

    /* U+006E "n" */
    0xe6, 0xdf, 0xc2, 0x0, 0x44, 0xf3, 0x78, 0x2,
    0x10, 0x6c, 0x84, 0x8, 0x0, 0x20, 0x1f, 0x8c,
    0x3, 0xff, 0x84,

    /* U+006F "o" */
    0x2, 0xbf, 0xe8, 0x0, 0xbc, 0x77, 0x4d, 0x0,
    0xa1, 0x44, 0x74, 0xe0, 0x4c, 0x1, 0x28, 0x9,
    0x30, 0x4, 0xa0, 0x2a, 0x14, 0x47, 0x4e, 0x0,
    0xf1, 0xdd, 0x34, 0x0,

    /* U+0070 "p" */
    0xe7, 0xdf, 0xc4, 0x0, 0x44, 0xf5, 0xd8, 0x82,
    0x50, 0x5d, 0x68, 0x8, 0x2, 0x22, 0x1, 0x80,
    0x46, 0x41, 0xa, 0x50, 0x94, 0x11, 0x3a, 0x96,
    0x40, 0x79, 0xf8, 0x80, 0x1f, 0xfc, 0x30,

    /* U+0071 "q" */
    0x2, 0xbf, 0xd5, 0xf1, 0xc, 0x1d, 0xeb, 0x0,
    0x29, 0xd1, 0x1d, 0x0, 0x9, 0x80, 0x25, 0x0,
    0x13, 0x0, 0x4a, 0x0, 0x53, 0xa2, 0x3a, 0x0,
    0xb0, 0x77, 0xa0, 0x2, 0x2b, 0xfd, 0x70, 0xf,
    0xfe, 0x30,

    /* U+0072 "r" */
    0xe7, 0xd8, 0x9, 0x89, 0x8, 0x51, 0x2, 0x0,
    0xff, 0xe1, 0x0,

    /* U+0073 "s" */
    0x8, 0xef, 0xc2, 0x65, 0xcd, 0xa3, 0x0, 0x89,
    0x85, 0x9f, 0x7a, 0x44, 0x2b, 0xf1, 0x65, 0x58,
    0x81, 0xc0, 0x6b, 0x30, 0x30,

    /* U+0074 "t" */
    0x5, 0x30, 0xb, 0x94, 0x1, 0xa9, 0x3e, 0x7a,
    0x93, 0xe6, 0x1, 0xff, 0xc4, 0x1c, 0x11, 0x4,
    0x3f, 0x38,

    /* U+0075 "u" */
    0xf3, 0x0, 0x17, 0x80, 0x7f, 0xf2, 0x85, 0xc0,
    0xc, 0x0, 0x48, 0x34, 0x90, 0x5, 0xbe, 0x54,
    0x0, 0x0,

    /* U+0076 "v" */
    0xd, 0x50, 0xa, 0x60, 0x2e, 0x40, 0x26, 0xa0,
    0x73, 0x20, 0x64, 0x20, 0x15, 0xa0, 0xae, 0x0,
    0xa5, 0x8c, 0x94, 0x2, 0x33, 0x73, 0x0, 0x75,
    0x95, 0x0, 0x0,

    /* U+0077 "w" */
    0xc5, 0x0, 0x1f, 0x88, 0x1, 0xe2, 0xbc, 0x1,
    0x40, 0xe0, 0xa, 0xb7, 0x50, 0x3, 0xc6, 0x81,
    0x1, 0x8a, 0x2a, 0x13, 0xa8, 0xd2, 0x80, 0x37,
    0xf6, 0x81, 0x1d, 0x6c, 0x0, 0xe8, 0xee, 0xe,
    0x80, 0x30, 0x0, 0xaa, 0x84, 0x10, 0x14, 0x0,

    /* U+0078 "x" */
    0x5d, 0x0, 0x27, 0xa, 0xbc, 0x8d, 0x50, 0x42,
    0xdf, 0x1d, 0x0, 0x2, 0xc5, 0x0, 0x11, 0x32,
    0x58, 0x5, 0xd3, 0x6e, 0xc0, 0xe0, 0xe1, 0xd2,
    0x40,

    /* U+0079 "y" */
    0xd, 0x50, 0xa, 0x60, 0x2b, 0x80, 0x27, 0xa0,
    0x64, 0x20, 0x52, 0x20, 0xa, 0x50, 0x74, 0x80,
    0x5e, 0xc2, 0xaa, 0x0, 0x90, 0x29, 0xc0, 0x39,
    0x92, 0x80, 0x3b, 0x48, 0xc0, 0x25, 0x29, 0xb0,
    0x8, 0x67, 0x55, 0x80, 0x20,

    /* U+007A "z" */
    0x7f, 0xfd, 0x6f, 0xfe, 0xd0, 0x80, 0xb, 0xa0,
    0xc0, 0x10, 0xee, 0x0, 0x23, 0x50, 0x0, 0x6a,
    0xc4, 0x1, 0x23, 0x5f, 0xed,

    /* U+007B "{" */
    0x0, 0x5f, 0x82, 0x23, 0x80, 0x4c, 0x40, 0x3f,
    0x8c, 0x0, 0x93, 0x40, 0x8f, 0xa0, 0xd, 0x70,
    0xf, 0xf0, 0x98, 0x82, 0x23, 0x80,

    /* U+007C "|" */
    0xb5, 0x0, 0xff, 0xe6, 0x0,

    /* U+007D "}" */
    0xcd, 0x10, 0xc1, 0x60, 0x2, 0xf0, 0x7, 0xf8,
    0x4c, 0x1, 0x6a, 0xe1, 0x68, 0xe0, 0x24, 0x1,
    0xfe, 0x51, 0xc, 0x1a, 0x0,

    /* U+007E "~" */
    0xb, 0xe8, 0xa, 0x33, 0xf, 0x8f, 0x9, 0x80,

    /* U+00A0 " " */

    /* U+00A1 "¡" */
    0xe, 0x30, 0x62, 0x8, 0x10, 0xd1, 0x3, 0x0,
    0x9, 0x80, 0x4, 0x3, 0x9c,

    /* U+00A2 "¢" */
    0x0, 0xa4, 0x80, 0x3f, 0xc5, 0x8d, 0xb2, 0x3,
    0x96, 0xb6, 0x44, 0x73, 0x73, 0x6b, 0x21, 0x60,
    0xe, 0x35, 0x0, 0x88, 0x11, 0x75, 0x63, 0x4c,
    0x2e, 0x4, 0x30, 0xc0, 0xa, 0x90, 0x60, 0x1a,
    0x48, 0x0,

    /* U+00A3 "£" */
    0x0, 0xd, 0x77, 0xe2, 0x0, 0x30, 0x6b, 0x29,
    0xc0, 0xca, 0xd0, 0xd8, 0xc1, 0x88, 0x3, 0xa2,
    0xcb, 0xba, 0x0, 0x45, 0x97, 0x74, 0x1, 0xfe,
    0x13, 0x31, 0x16, 0xb, 0x91, 0xdd, 0xcc,

    /* U+00A4 "¤" */
    0x23, 0x0, 0xe4, 0x6, 0xd6, 0xcd, 0x9a, 0xf0,
    0x47, 0x88, 0x78, 0x2d, 0x80, 0x13, 0x10, 0xa5,
    0x10, 0x0, 0x32, 0x0, 0xb0, 0x80, 0x21, 0x0,
    0xb4, 0x80, 0xd, 0xa2, 0xe, 0x88, 0x2, 0x66,
    0x77, 0xd9, 0xb8, 0x35, 0xd7, 0xfb, 0x31, 0xe0,

    /* U+00A5 "¥" */
    0xb, 0x80, 0xc, 0x3c, 0x61, 0x4e, 0x60, 0x15,
    0xb1, 0x80, 0xcf, 0x0, 0x15, 0xe0, 0x2, 0x61,
    0x71, 0xb9, 0x0, 0xee, 0x8a, 0x74, 0x0, 0xd5,
    0xc2, 0x8b, 0x88, 0x1, 0x56, 0x59, 0x66, 0x10,
    0x2, 0xac, 0x82, 0xcc, 0x20, 0x5, 0x59, 0x5,
    0x98, 0x40,

    /* U+00A6 "¦" */
    0xb5, 0x0, 0xf6, 0xb3, 0xc, 0x3, 0x31, 0xeb,
    0x0, 0x78,

    /* U+00A7 "§" */
    0x5, 0xdf, 0xd5, 0x2b, 0xff, 0x73, 0x9, 0x90,
    0x19, 0xc1, 0xd0, 0x40, 0x83, 0x41, 0x87, 0x88,
    0x88, 0x6b, 0xc7, 0x95, 0x56, 0xa6, 0x1d, 0x9a,
    0x81, 0xd7, 0x19, 0x91, 0x0, 0x20, 0x1, 0x9f,
    0xe5, 0x35, 0xdf, 0xf4, 0x0,

    /* U+00A8 "¨" */
    0x0, 0xf7, 0x86, 0x18, 0x68, 0x71, 0x80,

    /* U+00A9 "©" */
    0x0, 0xc, 0x4c, 0x98, 0x3, 0x15, 0xcc, 0xc5,
    0x20, 0x15, 0xd3, 0xee, 0x82, 0x98, 0xf, 0xce,
    0xb3, 0xc8, 0xfc, 0x15, 0x2e, 0x84, 0x98, 0x4,
    0x3, 0xfe, 0x54, 0xba, 0x12, 0x60, 0x10, 0x3f,
    0x3a, 0xcf, 0x24, 0xf0, 0x5, 0xd3, 0xee, 0x87,
    0x58, 0x0, 0x57, 0x33, 0x4, 0x80, 0x0,

    /* U+00AA "ª" */
    0x29, 0xa9, 0x0, 0x89, 0xc2, 0xb2, 0xc, 0x6b,
    0xe5, 0xc4,

    /* U+00AB "«" */
    0x0, 0xf8, 0xb4, 0x71, 0x3, 0xa1, 0x95, 0x10,
    0xb, 0x10, 0x4, 0x5, 0x8b, 0x0, 0x6c, 0x33,
    0x10,

    /* U+00AC "¬" */
    0x2e, 0xee, 0x22, 0x7f, 0xe3, 0x10, 0x11, 0xc0,
    0x1f, 0x29, 0x0,

    /* U+00AE "®" */
    0x0, 0xc, 0x4c, 0x98, 0x3, 0x15, 0xcc, 0xc5,
    0x20, 0x15, 0xd6, 0xdd, 0x82, 0x98, 0xf, 0xc0,
    0x17, 0x68, 0x3f, 0x5, 0x40, 0xf, 0x8, 0x6,
    0x1b, 0xe8, 0x0, 0x95, 0x0, 0x17, 0x4, 0x2,
    0x7, 0xe0, 0xa0, 0xdc, 0x9e, 0x0, 0xba, 0x90,
    0x6, 0xe9, 0x80, 0x5, 0x73, 0x30, 0x48, 0x0,

    /* U+00AF "¯" */
    0x4c, 0xc9, 0xc0,

    /* U+00B0 "°" */
    0x7, 0xb7, 0x3, 0xfb, 0xf4, 0x5c, 0xb, 0x35,
    0xc0, 0xb3, 0x37, 0xdf, 0xa0,

    /* U+00B1 "±" */
    0x0, 0xbc, 0x3, 0xfc, 0x5d, 0xc0, 0xee, 0x11,
    0x3f, 0xc1, 0xfe, 0x20, 0x11, 0x0, 0x88, 0x3,
    0x30, 0x7, 0xa4, 0x2, 0x3f, 0xfe, 0x30,

    /* U+00B2 "²" */
    0x4b, 0xb8, 0x12, 0xec, 0x48, 0x0, 0x42, 0x40,
    0x5e, 0xb0, 0x5a, 0x1b, 0x60,

    /* U+00B3 "³" */
    0x5b, 0xb7, 0x9a, 0xd9, 0xc9, 0x80, 0x96, 0x90,
    0x8a, 0xba, 0x93, 0x2f, 0xa8,

    /* U+00B4 "´" */
    0x0, 0x39, 0x85, 0x81, 0x80,

    /* U+00B5 "µ" */
    0xe4, 0x0, 0xf, 0x88, 0x7, 0xff, 0x28, 0x40,
    0x4, 0x1, 0x49, 0x13, 0xc0, 0x26, 0xcc, 0x58,
    0x5, 0xdd, 0x3f, 0x88, 0x7, 0xff, 0x8,

    /* U+00B6 "¶" */
    0x1a, 0xff, 0xd1, 0x5, 0x4, 0xf8, 0x2, 0x0,
    0xf6, 0x80, 0x79, 0xa9, 0x0, 0x39, 0x7c, 0x3,
    0xff, 0xae, 0x20, 0x20,

    /* U+00B7 "·" */
    0xa, 0x21, 0x41,

    /* U+00B8 "¸" */
    0x0, 0xd6, 0x21, 0xd4, 0xfd, 0xc0,

    /* U+00B9 "¹" */
    0xa, 0xe3, 0x0, 0x52, 0x0, 0x7f, 0xf0, 0x6d,
    0x3d, 0x0,

    /* U+00BA "º" */
    0x1a, 0xa8, 0x67, 0xab, 0xa7, 0xc8, 0x8, 0x1f,
    0xab, 0xa0,

    /* U+00BB "»" */
    0x0, 0xf2, 0x60, 0xe9, 0x2, 0x2c, 0xcb, 0x80,
    0x10, 0xe8, 0xa, 0x11, 0x4, 0x5, 0x45, 0x69,
    0xe0,

    /* U+00BC "¼" */
    0xb, 0xd3, 0x0, 0xd2, 0x60, 0x1a, 0xdc, 0x3,
    0x19, 0xc0, 0x1f, 0xef, 0xb0, 0xf, 0xf3, 0xd8,
    0x80, 0x7f, 0x15, 0xb8, 0x2b, 0x80, 0x56, 0xfe,
    0xb3, 0xe0, 0x5c, 0xe0, 0x15, 0xee, 0x1, 0x18,
    0x75, 0x48, 0x80, 0x74, 0xc8, 0x18, 0x75, 0xf4,
    0x3, 0x4c, 0x80, 0xd, 0xb8, 0xba, 0x1, 0xb1,
    0x40, 0x3b, 0xc4, 0x0,

    /* U+00BD "½" */
    0xb, 0xd3, 0x0, 0xd2, 0x60, 0x15, 0xb8, 0x6,
    0x43, 0x30, 0x7, 0xf4, 0x58, 0x7, 0xf4, 0xd5,
    0xe5, 0x88, 0x63, 0xfa, 0xa1, 0xbc, 0xe6, 0xc8,
    0x66, 0xe2, 0xc5, 0x89, 0x87, 0xe8, 0x6, 0x99,
    0x8, 0x1, 0xcd, 0x40, 0x23, 0x25, 0x0, 0x36,
    0xd0, 0x6, 0x8a, 0x0, 0x15, 0xb6, 0x48,

    /* U+00BE "¾" */
    0x6c, 0xc6, 0xa0, 0x5, 0x26, 0x1, 0x36, 0x43,
    0xa0, 0x0, 0xce, 0x0, 0xea, 0xc0, 0xb, 0xec,
    0x3, 0xdb, 0x8c, 0xf, 0x62, 0x1, 0x8c, 0x4f,
    0x4, 0xad, 0xc1, 0x9c, 0x0, 0xf5, 0x7e, 0xf3,
    0xe0, 0x7a, 0xe0, 0x4, 0xbb, 0x4a, 0x91, 0x87,
    0xd4, 0x88, 0x7, 0x4c, 0x81, 0x87, 0x5f, 0x40,
    0x34, 0xc8, 0x0, 0xdb, 0x8b, 0xa0, 0x1b, 0x14,
    0x3, 0xbc, 0x40,

    /* U+00BF "¿" */
    0x0, 0xf, 0x10, 0x6, 0x17, 0x30, 0xe, 0x91,
    0x0, 0xc7, 0xe0, 0x1d, 0xee, 0x1, 0xad, 0xa0,
    0x2, 0x14, 0xb0, 0xc, 0x20, 0xe0, 0x34, 0xc1,
    0x32, 0xfe, 0x17, 0x6, 0xfe, 0xe5, 0x88,

    /* U+00C0 "À" */
    0x0, 0x8d, 0xc0, 0x3f, 0x18, 0x58, 0x7, 0xe7,
    0xb0, 0xf, 0xcd, 0xe6, 0x1, 0xf5, 0x95, 0x0,
    0x79, 0xf, 0x98, 0x40, 0x3b, 0xd8, 0xcc, 0xc0,
    0x18, 0x52, 0x82, 0xa4, 0x3, 0x49, 0x90, 0x38,
    0xa8, 0x4, 0xc7, 0xdc, 0xf0, 0xe0, 0x3, 0x6,
    0xff, 0xd6, 0x84, 0x15, 0x24, 0x23, 0x22, 0x2c,

    /* U+00C1 "Á" */
    0x0, 0xe1, 0x72, 0x0, 0xf0, 0xe9, 0x10, 0x3,
    0xc3, 0x8a, 0x1, 0xf3, 0x79, 0x80, 0x7d, 0x65,
    0x40, 0x1e, 0x43, 0xe6, 0x10, 0xe, 0xf6, 0x33,
    0x30, 0x6, 0x14, 0xa0, 0xa9, 0x0, 0xd2, 0x64,
    0xe, 0x2a, 0x1, 0x31, 0xf7, 0x3c, 0x38, 0x0,
    0xc1, 0xbf, 0xf5, 0xa1, 0x5, 0x49, 0x8, 0xc8,
    0x8b,

    /* U+00C2 "Â" */
    0x0, 0xc6, 0xe2, 0x1, 0xe4, 0x82, 0xd2, 0x0,
    0xe4, 0xb5, 0xc2, 0x0, 0xf3, 0x79, 0x80, 0x7d,
    0x65, 0x40, 0x1e, 0x43, 0xe6, 0x10, 0xe, 0xf6,
    0x33, 0x30, 0x6, 0x14, 0xa0, 0xa9, 0x0, 0xd2,
    0x64, 0xe, 0x2a, 0x1, 0x31, 0xf7, 0x3c, 0x38,
    0x0, 0xc1, 0xbf, 0xf5, 0xa1, 0x5, 0x49, 0x8,
    0xc8, 0x8b,

    /* U+00C3 "Ã" */
    0x0, 0x97, 0x58, 0xdc, 0x3, 0xbf, 0x3b, 0x8a,
    0x1, 0xd4, 0x31, 0xa4, 0x1, 0xe6, 0xf3, 0x0,
    0xfa, 0xca, 0x80, 0x3c, 0x87, 0xcc, 0x20, 0x1d,
    0xec, 0x66, 0x60, 0xc, 0x29, 0x41, 0x52, 0x1,
    0xa4, 0xc8, 0x1c, 0x54, 0x2, 0x63, 0xee, 0x78,
    0x70, 0x1, 0x83, 0x7f, 0xeb, 0x42, 0xa, 0x92,
    0x11, 0x91, 0x16,

    /* U+00C4 "Ä" */
    0x0, 0xff, 0xe0, 0x9e, 0x7, 0x80, 0x78, 0xf8,
    0x34, 0x3, 0xe4, 0xf1, 0x0, 0xfa, 0xca, 0x80,
    0x3c, 0x87, 0xcc, 0x20, 0x1d, 0xec, 0x66, 0x60,
    0xc, 0x29, 0x41, 0x52, 0x1, 0xa4, 0xc8, 0x1c,
    0x54, 0x2, 0x63, 0xee, 0x78, 0x70, 0x1, 0x83,
    0x7f, 0xeb, 0x42, 0xa, 0x92, 0x11, 0x91, 0x16,

    /* U+00C5 "Å" */
    0x0, 0xc9, 0x24, 0x1, 0xf6, 0xcd, 0x80, 0x7f,
    0xf1, 0x76, 0x2c, 0x3, 0xe2, 0x71, 0x0, 0xfa,
    0xca, 0x80, 0x3c, 0x87, 0xcc, 0x20, 0x1d, 0xec,
    0x66, 0x60, 0xc, 0x29, 0x41, 0x52, 0x1, 0xa4,
    0xc8, 0x1c, 0x54, 0x2, 0x63, 0xee, 0x78, 0x70,
    0x1, 0x83, 0x7f, 0xeb, 0x42, 0xa, 0x92, 0x11,
    0x91, 0x16,

    /* U+00C6 "Æ" */
    0x0, 0xe4, 0xff, 0xf5, 0x80, 0x74, 0xb0, 0x6e,
    0xea, 0x0, 0xcc, 0x14, 0x4, 0x58, 0x40, 0x34,
    0x40, 0x3, 0xfd, 0x6, 0xa0, 0xf, 0xfc, 0x60,
    0x1, 0x78, 0x0, 0xb7, 0x71, 0x80, 0x2c, 0x2f,
    0xb0, 0x8, 0xb0, 0x0, 0xd6, 0xff, 0xd6, 0x4,
    0x5c, 0x10, 0xe8, 0x22, 0x70, 0xdd, 0xd8,

    /* U+00C7 "Ç" */
    0x0, 0x1d, 0xff, 0xac, 0xc0, 0x9, 0x85, 0x98,
    0x3d, 0x0, 0x54, 0xc8, 0xcd, 0x1c, 0x8, 0xc,
    0x1, 0xe2, 0x20, 0x7, 0xc4, 0x40, 0xf, 0x90,
    0x18, 0x3, 0xea, 0x99, 0x1a, 0x47, 0x0, 0x13,
    0xb, 0x2c, 0xf4, 0x2, 0x3b, 0x7a, 0xb3, 0x0,
    0xe9, 0x90, 0x80, 0x71, 0xd3, 0x88, 0x0,

    /* U+00C8 "È" */
    0x5, 0x60, 0xe, 0x5f, 0x90, 0xe, 0x99, 0x0,
    0x57, 0xff, 0xc6, 0xf, 0xbb, 0x8c, 0x3c, 0x8b,
    0x0, 0x7f, 0x47, 0xfd, 0x40, 0x7, 0xdd, 0xac,
    0x1, 0xe4, 0x50, 0x80, 0x3c, 0x8b, 0x0, 0x1f,
    0x77, 0x28,

    /* U+00C9 "É" */
    0x0, 0x89, 0xc4, 0x2, 0x3e, 0x41, 0x0, 0x8f,
    0xc, 0x1, 0x7f, 0xfc, 0x60, 0xfb, 0xb8, 0xc3,
    0xc8, 0xb0, 0x7, 0xf4, 0x7f, 0xd4, 0x0, 0x7d,
    0xda, 0xc0, 0x1e, 0x45, 0x8, 0x3, 0xc8, 0xb0,
    0x1, 0xf7, 0x72, 0x80,

    /* U+00CA "Ê" */
    0x0, 0x23, 0x80, 0x66, 0xe2, 0xb1, 0x0, 0x35,
    0x2d, 0x88, 0x5f, 0xff, 0x18, 0x3e, 0xee, 0x30,
    0xf2, 0x2c, 0x1, 0xfd, 0x1f, 0xf5, 0x0, 0x1f,
    0x76, 0xb0, 0x7, 0x91, 0x42, 0x0, 0xf2, 0x2c,
    0x0, 0x7d, 0xdc, 0xa0,

    /* U+00CB "Ë" */
    0x0, 0xfc, 0xd2, 0x5a, 0x1, 0x34, 0x17, 0x80,
    0x2f, 0xfb, 0xf7, 0xcc, 0x1f, 0x77, 0x18, 0x79,
    0x16, 0x0, 0xfe, 0x8f, 0xfa, 0x80, 0xf, 0xbb,
    0x58, 0x3, 0xc8, 0xa1, 0x0, 0x79, 0x16, 0x0,
    0x3e, 0xee, 0x50,

    /* U+00CC "Ì" */
    0x7, 0x30, 0x2, 0xfa, 0x1, 0x62, 0x0, 0x2d,
    0xc0, 0x3f, 0xfa, 0x80,

    /* U+00CD "Í" */
    0x0, 0x2a, 0x80, 0xf, 0xea, 0x0, 0x7a, 0x0,
    0xad, 0xc0, 0x3f, 0xfb, 0xc0,

    /* U+00CE "Î" */
    0x0, 0x3a, 0x80, 0x56, 0x38, 0xe0, 0xb, 0x69,
    0x70, 0xa, 0xdc, 0x3, 0xff, 0xcc,

    /* U+00CF "Ï" */
    0x0, 0xd8, 0x70, 0xfc, 0x72, 0xc5, 0x6c, 0x20,
    0x1f, 0xfd, 0x40,

    /* U+00D0 "Ð" */
    0xa, 0xff, 0xba, 0xcc, 0x3, 0x36, 0xec, 0x78,
    0xa0, 0x18, 0x88, 0x71, 0x34, 0x1, 0xf9, 0x85,
    0x71, 0x5b, 0xb4, 0x2, 0x23, 0xd3, 0x5f, 0xc0,
    0x8, 0x8c, 0x58, 0xc4, 0x40, 0x6, 0x15, 0x0,
    0x88, 0x87, 0x13, 0x40, 0x13, 0x6e, 0xc7, 0x6a,
    0x0,

    /* U+00D1 "Ñ" */
    0x0, 0x5d, 0x86, 0xc0, 0x23, 0xc8, 0xd3, 0x0,
    0x8d, 0xcf, 0x20, 0x1, 0x72, 0x1, 0xad, 0xc1,
    0x94, 0x3, 0xc7, 0x44, 0x1, 0xd6, 0xbe, 0x1,
    0xea, 0x9, 0x0, 0xf7, 0xb2, 0x80, 0x71, 0x4d,
    0x30, 0x7, 0x32, 0x90, 0x7, 0xa8, 0x80,

    /* U+00D2 "Ò" */
    0x0, 0x99, 0x0, 0x3f, 0x3f, 0xb0, 0x7, 0xc3,
    0x6c, 0x1, 0xe3, 0xbf, 0xf5, 0xa0, 0x4, 0x98,
    0x59, 0x83, 0xb6, 0x0, 0x54, 0xc8, 0xcd, 0x15,
    0x22, 0x80, 0xc0, 0x19, 0x49, 0xc8, 0x80, 0x1e,
    0x61, 0x22, 0x0, 0x79, 0x85, 0x1, 0x80, 0x32,
    0x93, 0x85, 0x4c, 0x19, 0xa2, 0xa4, 0x41, 0x34,
    0xf3, 0x9, 0x6c, 0x0,

    /* U+00D3 "Ó" */
    0x0, 0xe3, 0x60, 0xf, 0x97, 0xdc, 0x3, 0xe5,
    0xc1, 0x0, 0xe3, 0xbf, 0xf5, 0xa0, 0x4, 0x98,
    0x59, 0x83, 0xb6, 0x0, 0x54, 0xc8, 0xcd, 0x15,
    0x22, 0x80, 0xc0, 0x19, 0x49, 0xc8, 0x80, 0x1e,
    0x61, 0x22, 0x0, 0x79, 0x85, 0x1, 0x80, 0x32,
    0x93, 0x85, 0x4c, 0x19, 0xa2, 0xa4, 0x41, 0x34,
    0xf3, 0x9, 0x6c, 0x0,

    /* U+00D4 "Ô" */
    0x0, 0xcc, 0xc0, 0xf, 0xa3, 0x86, 0x80, 0x3d,
    0x10, 0x7a, 0x0, 0xe3, 0xbf, 0xf5, 0xa0, 0x4,
    0x98, 0x59, 0x83, 0xb6, 0x0, 0x54, 0xc8, 0xcd,
    0x15, 0x22, 0x80, 0xc0, 0x19, 0x49, 0xc8, 0x80,
    0x1e, 0x61, 0x22, 0x0, 0x79, 0x85, 0x1, 0x80,
    0x32, 0x93, 0x85, 0x4c, 0x19, 0xa2, 0xa4, 0x41,
    0x34, 0xf3, 0x9, 0x6c, 0x0,

    /* U+00D5 "Õ" */
    0x0, 0xa7, 0xa, 0x48, 0x3, 0x9, 0xec, 0x99,
    0x0, 0x61, 0xa1, 0xba, 0x0, 0xe3, 0xbf, 0xf5,
    0xa0, 0x4, 0x98, 0x59, 0x83, 0xb6, 0x0, 0x54,
    0xc8, 0xcd, 0x15, 0x22, 0x80, 0xc0, 0x19, 0x49,
    0xc8, 0x80, 0x1e, 0x61, 0x22, 0x0, 0x79, 0x85,
    0x1, 0x80, 0x32, 0x93, 0x85, 0x4c, 0x19, 0xa2,
    0xa4, 0x41, 0x34, 0xf3, 0x9, 0x6c, 0x0,

    /* U+00D6 "Ö" */
    0x0, 0xff, 0xe0, 0xcb, 0x2d, 0x0, 0x7a, 0x19,
    0x6c, 0x3, 0xc2, 0x0, 0x10, 0xe, 0x3b, 0xff,
    0x5a, 0x0, 0x49, 0x85, 0x98, 0x3b, 0x60, 0x5,
    0x4c, 0x8c, 0xd1, 0x52, 0x28, 0xc, 0x1, 0x94,
    0x9c, 0x88, 0x1, 0xe6, 0x12, 0x20, 0x7, 0x98,
    0x50, 0x18, 0x3, 0x29, 0x38, 0x54, 0xc1, 0x9a,
    0x2a, 0x44, 0x13, 0x4f, 0x30, 0x96, 0xc0,

    /* U+00D7 "×" */
    0x0, 0xe7, 0x60, 0x67, 0x68, 0x98, 0x61, 0x86,
    0x81, 0x38, 0x98, 0x35, 0xa6, 0xa6,

    /* U+00D8 "Ø" */
    0x0, 0xfb, 0x84, 0x2, 0x3b, 0xff, 0x8c, 0x40,
    0x9, 0x85, 0x96, 0x4, 0xc0, 0xa, 0x99, 0x19,
    0x9a, 0xa4, 0x50, 0x18, 0x1, 0x30, 0xa4, 0xe4,
    0x40, 0x3, 0xb8, 0x41, 0x84, 0x88, 0x0, 0x98,
    0x0, 0x30, 0xa0, 0x33, 0xb0, 0x82, 0x93, 0x85,
    0x4c, 0x69, 0xc5, 0x48, 0x82, 0x28, 0x56, 0x25,
    0xb0, 0x4, 0x9d, 0xfe, 0xc4, 0x0, 0x0,

    /* U+00D9 "Ù" */
    0x1, 0x72, 0x0, 0xe1, 0x4e, 0x30, 0xe, 0x3c,
    0x30, 0xb, 0x58, 0x3, 0x72, 0x0, 0x7f, 0xf5,
    0x4, 0x40, 0x18, 0x5d, 0x74, 0x2, 0x20, 0x2b,
    0x58, 0x35, 0xf5, 0x12, 0xb4, 0xc8, 0x5a, 0x0,

    /* U+00DA "Ú" */
    0x0, 0xcc, 0x80, 0x1d, 0x3e, 0x80, 0x1d, 0x32,
    0x0, 0xb5, 0x80, 0x37, 0x20, 0x7, 0xff, 0x50,
    0x44, 0x1, 0x85, 0xd7, 0x40, 0x22, 0x2, 0xb5,
    0x83, 0x5f, 0x51, 0x2b, 0x4c, 0x85, 0xa0,

    /* U+00DB "Û" */
    0x0, 0x9d, 0x0, 0x30, 0xd9, 0x7b, 0x0, 0x43,
    0x6b, 0x6c, 0x0, 0xd6, 0x0, 0xdc, 0x80, 0x1f,
    0xfd, 0x41, 0x10, 0x6, 0x17, 0x5d, 0x0, 0x88,
    0xa, 0xd6, 0xd, 0x7d, 0x44, 0xad, 0x32, 0x16,
    0x80,

    /* U+00DC "Ü" */
    0x0, 0xff, 0x69, 0x52, 0x80, 0x6f, 0x2b, 0x50,
    0xc, 0x40, 0x20, 0x16, 0xb0, 0x6, 0xe4, 0x0,
    0xff, 0xea, 0x8, 0x80, 0x30, 0xba, 0xe8, 0x4,
    0x40, 0x56, 0xb0, 0x6b, 0xea, 0x25, 0x69, 0x90,
    0xb4, 0x0,

    /* U+00DD "Ý" */
    0x0, 0xe5, 0x50, 0x7, 0x9f, 0xd4, 0x3, 0xcf,
    0x40, 0x1b, 0x20, 0x3, 0x54, 0x7, 0xb8, 0x80,
    0xd, 0x20, 0xd, 0x6c, 0x1, 0xf0, 0x1, 0x5a,
    0x9b, 0x3, 0x0, 0x43, 0x1f, 0x1e, 0x1, 0xce,
    0x48, 0x60, 0x1e, 0x5d, 0x0, 0xff, 0xe4, 0x80,

    /* U+00DE "Þ" */
    0xb7, 0x0, 0xfa, 0x3f, 0xda, 0xe0, 0x13, 0xee,
    0xa2, 0xa4, 0x1, 0xe4, 0x45, 0x97, 0x0, 0xf3,
    0x88, 0x7, 0x14, 0x28, 0x2, 0x3f, 0xda, 0x36,
    0x0, 0x7d, 0xd7, 0xd0, 0x80, 0x3c, 0x88, 0x1,
    0x80,

    /* U+00DF "ß" */
    0x8, 0xef, 0xb1, 0x7, 0x5d, 0xd0, 0x58, 0x5c,
    0x19, 0x7b, 0x81, 0x8, 0x3, 0x94, 0x2, 0x2f,
    0x5c, 0x0, 0x8b, 0x66, 0xcc, 0x2, 0x26, 0x5b,
    0x0, 0xfe, 0x11, 0x2a, 0xac, 0x1, 0x3d, 0x72,
    0x60,

    /* U+00E0 "à" */
    0x3, 0xe3, 0x0, 0xc7, 0xbe, 0x20, 0x18, 0xf0,
    0x40, 0x28, 0xdf, 0xc3, 0x0, 0x14, 0xea, 0xf0,
    0x2, 0x90, 0xa0, 0x84, 0x23, 0x7b, 0xc0, 0xd1,
    0xb3, 0xb8, 0x1, 0xe8, 0x0, 0x23, 0xff, 0x78,
    0x0,

    /* U+00E1 "á" */
    0x0, 0x8f, 0x8c, 0x2, 0x1f, 0xd3, 0x0, 0x87,
    0xc, 0x2, 0x8d, 0xfc, 0x30, 0x1, 0x4e, 0xaf,
    0x0, 0x29, 0xa, 0x8, 0x42, 0x37, 0xbc, 0xd,
    0x1b, 0x3b, 0x80, 0x1e, 0x80, 0x2, 0x3f, 0xf7,
    0x80, 0x0,

    /* U+00E2 "â" */
    0x0, 0x3f, 0xb8, 0x4, 0x99, 0xd8, 0x60, 0x4,
    0xb1, 0xb3, 0x0, 0x46, 0xfe, 0x18, 0x0, 0xa7,
    0x57, 0x80, 0x14, 0x85, 0x4, 0x21, 0x1b, 0xde,
    0x6, 0x8d, 0x9d, 0xc0, 0xf, 0x40, 0x1, 0x1f,
    0xfb, 0xc0, 0x0,

    /* U+00E3 "ã" */
    0x2, 0xc7, 0x47, 0x0, 0x27, 0x8f, 0xb0, 0x1,
    0x8d, 0xac, 0x40, 0x11, 0xbf, 0x86, 0x0, 0x29,
    0xd5, 0xe0, 0x5, 0x21, 0x41, 0x8, 0x46, 0xf7,
    0x81, 0xa3, 0x67, 0x70, 0x3, 0xd0, 0x0, 0x47,
    0xfe, 0xf0, 0x0,

    /* U+00E4 "ä" */
    0x2, 0xc0, 0xd1, 0x0, 0x17, 0x87, 0x8, 0x4,
    0x60, 0x60, 0x14, 0x6f, 0xe1, 0x80, 0xa, 0x75,
    0x78, 0x1, 0x48, 0x50, 0x42, 0x11, 0xbd, 0xe0,
    0x68, 0xd9, 0xdc, 0x0, 0xf4, 0x0, 0x11, 0xff,
    0xbc, 0x0,

    /* U+00E5 "å" */
    0x0, 0x24, 0xa0, 0x6, 0xd9, 0xd0, 0xd, 0xb3,
    0xa0, 0x19, 0x25, 0x0, 0x28, 0xdf, 0xc3, 0x0,
    0x14, 0xea, 0xf0, 0x2, 0x90, 0xa0, 0x84, 0x23,
    0x7b, 0xc0, 0xd1, 0xb3, 0xb8, 0x1, 0xe8, 0x0,
    0x23, 0xff, 0x78, 0x0,

    /* U+00E6 "æ" */
    0x8, 0xdf, 0xc3, 0x6e, 0xfa, 0x10, 0x1, 0x4e,
    0xae, 0x45, 0x68, 0x68, 0x2, 0x90, 0xa0, 0x2d,
    0xa, 0x88, 0xc2, 0x37, 0xbc, 0x2f, 0xba, 0x6,
    0x45, 0xde, 0xe0, 0x5f, 0x76, 0x50, 0x33, 0x14,
    0x8d, 0xa1, 0x34, 0x2, 0x36, 0xe8, 0xfe, 0x65,
    0xb7, 0x80,

    /* U+00E7 "ç" */
    0x2, 0xbf, 0xe8, 0x0, 0x78, 0xed, 0x29, 0xa8,
    0x51, 0x26, 0x99, 0x30, 0x7, 0x13, 0x0, 0x72,
    0x85, 0x12, 0x69, 0x87, 0x8e, 0xd2, 0x98, 0x15,
    0x9e, 0x40, 0x6, 0xee, 0x0, 0x67, 0xe4, 0x0,
    0x0,

    /* U+00E8 "è" */
    0x2, 0xd5, 0x0, 0xc5, 0x92, 0x60, 0x18, 0x70,
    0xc0, 0x22, 0xbf, 0xd6, 0x0, 0x61, 0xf4, 0xc2,
    0x29, 0xc0, 0xa4, 0x71, 0x13, 0x76, 0xb6, 0x22,
    0x6e, 0xec, 0x50, 0x92, 0x3a, 0x20, 0xf2, 0xdd,
    0x19, 0x0,

    /* U+00E9 "é" */
    0x0, 0x87, 0x94, 0x3, 0x55, 0xa8, 0x6, 0xb5,
    0x0, 0x8a, 0xff, 0x58, 0x1, 0x87, 0xd3, 0x8,
    0xa7, 0x2, 0x91, 0xc4, 0x4d, 0xda, 0xd8, 0x89,
    0xbb, 0xb1, 0x42, 0x48, 0xe8, 0x83, 0xcb, 0x74,
    0x64,

    /* U+00EA "ê" */
    0x0, 0x27, 0xd0, 0x4, 0x51, 0xa6, 0xc0, 0x2,
    0xc2, 0x96, 0x0, 0x15, 0xfe, 0xb0, 0x3, 0xf,
    0xa6, 0x11, 0x4e, 0x5, 0x23, 0x88, 0x9b, 0xb5,
    0xb1, 0x13, 0x77, 0x62, 0x84, 0x91, 0xd1, 0x7,
    0x96, 0xe8, 0xc8,

    /* U+00EB "ë" */
    0x0, 0x68, 0xd2, 0x0, 0x5c, 0x30, 0x80, 0x11,
    0x81, 0x0, 0x45, 0x7f, 0xac, 0x0, 0xc3, 0xe9,
    0x84, 0x53, 0x81, 0x48, 0xe2, 0x26, 0xed, 0x6c,
    0x44, 0xdd, 0xd8, 0xa1, 0x24, 0x74, 0x41, 0xe5,
    0xba, 0x32,

    /* U+00EC "ì" */
    0x2d, 0x50, 0x2c, 0x92, 0x1, 0xc2, 0x0, 0x72,
    0x0, 0x7f, 0xf3, 0x0,

    /* U+00ED "í" */
    0x1, 0xe5, 0xa, 0xa2, 0x85, 0xa0, 0x3, 0x90,
    0x3, 0xff, 0x9a,

    /* U+00EE "î" */
    0x3, 0xf8, 0x0, 0x46, 0x99, 0x82, 0xca, 0xcc,
    0x1, 0xc8, 0x1, 0xff, 0xd3,

    /* U+00EF "ï" */
    0xa4, 0xd0, 0x84, 0xe0, 0x20, 0x30, 0x7, 0x20,
    0x7, 0xff, 0x34,

    /* U+00F0 "ð" */
    0x2, 0xc2, 0x5, 0x0, 0x14, 0x6e, 0x8c, 0x0,
    0x91, 0x3, 0x50, 0x2, 0xe3, 0xdf, 0x80, 0x1f,
    0x7f, 0x4, 0xcd, 0x32, 0xfc, 0x24, 0x4c, 0xa,
    0x7c, 0x1, 0xee, 0x54, 0x51, 0x63, 0x62, 0xa8,
    0xea, 0xb1,

    /* U+00F1 "ñ" */
    0x7, 0xc2, 0xa1, 0x0, 0x76, 0x41, 0x88, 0x2,
    0x42, 0xa4, 0x1, 0xcd, 0xbf, 0x84, 0x0, 0x89,
    0xe6, 0xf0, 0x4, 0x20, 0xd9, 0x8, 0x10, 0x0,
    0x40, 0x3f, 0x18, 0x7, 0xff, 0x8,

    /* U+00F2 "ò" */
    0x1, 0xc7, 0x0, 0xe1, 0xcc, 0x20, 0x7, 0xad,
    0x0, 0x31, 0x5f, 0xf4, 0x0, 0x5e, 0x3b, 0xa6,
    0x80, 0x50, 0xa2, 0x3a, 0x70, 0x26, 0x0, 0x94,
    0x4, 0x98, 0x2, 0x50, 0x15, 0xa, 0x23, 0xa7,
    0x0, 0x78, 0xee, 0x9a, 0x0,

    /* U+00F3 "ó" */
    0x0, 0xda, 0xe0, 0x1d, 0x54, 0x70, 0xe, 0xa7,
    0x0, 0xc5, 0x7f, 0xd0, 0x1, 0x78, 0xee, 0x9a,
    0x1, 0x42, 0x88, 0xe9, 0xc0, 0x98, 0x2, 0x50,
    0x12, 0x60, 0x9, 0x40, 0x54, 0x28, 0x8e, 0x9c,
    0x1, 0xe3, 0xba, 0x68, 0x0,

    /* U+00F4 "ô" */
    0x0, 0x1f, 0x58, 0x6, 0x1f, 0xd3, 0x80, 0x8,
    0x70, 0xe2, 0x0, 0x11, 0x5f, 0xf4, 0x0, 0x5e,
    0x3b, 0xa6, 0x80, 0x50, 0xa2, 0x3a, 0x70, 0x26,
    0x0, 0x94, 0x4, 0x98, 0x2, 0x50, 0x15, 0xa,
    0x23, 0xa7, 0x0, 0x78, 0xee, 0x9a, 0x0,

    /* U+00F5 "õ" */
    0x0, 0x5d, 0x5, 0x0, 0x45, 0x91, 0x9e, 0x1,
    0x13, 0x96, 0x28, 0x4, 0x57, 0xfd, 0x0, 0x17,
    0x8e, 0xe9, 0xa0, 0x14, 0x28, 0x8e, 0x9c, 0x9,
    0x80, 0x25, 0x1, 0x26, 0x0, 0x94, 0x5, 0x42,
    0x88, 0xe9, 0xc0, 0x1e, 0x3b, 0xa6, 0x80,

    /* U+00F6 "ö" */
    0x0, 0x61, 0x43, 0x0, 0x6f, 0x2a, 0x70, 0xc,
    0x60, 0x42, 0x1, 0x15, 0xff, 0x40, 0x5, 0xe3,
    0xba, 0x68, 0x5, 0xa, 0x23, 0xa7, 0x2, 0x60,
    0x9, 0x40, 0x49, 0x80, 0x25, 0x1, 0x50, 0xa2,
    0x3a, 0x70, 0x7, 0x8e, 0xe9, 0xa0, 0x0,

    /* U+00F7 "÷" */
    0x0, 0x9c, 0x3, 0x86, 0x44, 0x3, 0xf, 0x8,
    0x0, 0xbb, 0xb8, 0x89, 0xff, 0xc4, 0x2, 0x26,
    0x11, 0x0, 0x43, 0x22, 0x0,

    /* U+00F8 "ø" */
    0x0, 0xec, 0x10, 0x1, 0x5f, 0xf8, 0xc4, 0x1,
    0xe3, 0xa0, 0x8, 0x5, 0xa, 0x15, 0xb7, 0x2,
    0x60, 0x99, 0x28, 0x9, 0x31, 0x9, 0xa8, 0xa,
    0x86, 0xe8, 0xe9, 0xc0, 0x1c, 0x13, 0xad, 0x0,
    0xb, 0xaf, 0xe8, 0x0, 0x0,

    /* U+00F9 "ù" */
    0x9, 0xb0, 0xe, 0x93, 0x70, 0xe, 0x87, 0x0,
    0xbc, 0xc0, 0x5, 0xe0, 0x1f, 0xfc, 0xa1, 0x70,
    0x3, 0x0, 0x12, 0xd, 0x24, 0x1, 0x6f, 0x95,
    0x0, 0x0,

    /* U+00FA "ú" */
    0x0, 0xaa, 0x80, 0x19, 0x8e, 0x80, 0x33, 0x48,
    0x5, 0xe6, 0x0, 0x2f, 0x0, 0xff, 0xe5, 0xb,
    0x80, 0x18, 0x0, 0x90, 0x69, 0x20, 0xb, 0x7c,
    0xa8, 0x0, 0x0,

    /* U+00FB "û" */
    0x1, 0xdd, 0x8, 0x5, 0x71, 0x34, 0x1, 0x52,
    0xa5, 0x80, 0x3c, 0xc0, 0x5, 0xe0, 0x1f, 0xfc,
    0xa1, 0x70, 0x3, 0x0, 0x12, 0xd, 0x24, 0x1,
    0x6f, 0x95, 0x0, 0x0,

    /* U+00FC "ü" */
    0x8, 0x65, 0x90, 0xa, 0x9d, 0x2c, 0x2, 0x21,
    0x11, 0x0, 0x3c, 0xc0, 0x5, 0xe0, 0x1f, 0xfc,
    0xa1, 0x70, 0x3, 0x0, 0x12, 0xd, 0x24, 0x1,
    0x6f, 0x95, 0x0, 0x0,

    /* U+00FD "ý" */
    0x0, 0xd1, 0x82, 0x1, 0x90, 0xf0, 0x40, 0x32,
    0x58, 0x6, 0xd5, 0x0, 0xa6, 0x2, 0xb8, 0x2,
    0x7a, 0x6, 0x42, 0x5, 0x22, 0x0, 0xa5, 0x7,
    0x48, 0x5, 0xec, 0x2a, 0xa0, 0x9, 0x2, 0x9c,
    0x3, 0x99, 0x28, 0x3, 0xb4, 0x8c, 0x2, 0x52,
    0x9b, 0x0, 0x86, 0x75, 0x58, 0x2,

    /* U+00FE "þ" */
    0xe4, 0x0, 0xff, 0xe4, 0x1e, 0xfe, 0x20, 0x2,
    0x21, 0xb7, 0x62, 0x8, 0x52, 0x74, 0xa0, 0x30,
    0x8, 0xc8, 0xc, 0x2, 0x32, 0x8, 0x52, 0x74,
    0xa0, 0x89, 0xdb, 0xb1, 0x1, 0xe7, 0xe2, 0x0,
    0x7f, 0xf0, 0xc0,

    /* U+00FF "ÿ" */
    0x0, 0x34, 0x16, 0x0, 0x67, 0xa2, 0xf0, 0xc,
    0x24, 0x6, 0x1, 0x6a, 0x80, 0x53, 0x1, 0x5c,
    0x1, 0x3d, 0x3, 0x21, 0x2, 0x91, 0x0, 0x52,
    0x83, 0xa4, 0x2, 0xf6, 0x15, 0x50, 0x4, 0x81,
    0x4e, 0x1, 0xcc, 0x94, 0x1, 0xda, 0x46, 0x1,
    0x29, 0x4d, 0x80, 0x43, 0x3a, 0xac, 0x1, 0x0,

    /* U+2013 "–" */
    0xee, 0xf0,

    /* U+2014 "—" */
    0xee, 0xff, 0xe0, 0x0,

    /* U+2018 "‘" */
    0xc, 0x2, 0x70, 0x44, 0x3, 0xb8, 0x0,

    /* U+2019 "’" */
    0x4e, 0x6, 0x10, 0x34, 0x3, 0xe0,

    /* U+201C "“" */
    0xc, 0x9, 0x32, 0x70, 0x43, 0x44, 0x11, 0x11,
    0xdc, 0x4e, 0xa0,

    /* U+201D "”" */
    0x4e, 0x1e, 0x46, 0x10, 0x30, 0x34, 0x11, 0x21,
    0xf0, 0x58, 0x0,

    /* U+2022 "•" */
    0x3, 0x21, 0xcc, 0x9, 0x20,

    /* U+2026 "…" */
    0x2a, 0x5, 0x80, 0x76, 0x63, 0x81, 0x18, 0x6f,
    0x0,

    /* U+20BF "₿" */
    0x0, 0x20, 0xa8, 0x7, 0x69, 0x78, 0x80, 0x1b,
    0xdb, 0x17, 0x14, 0x0, 0x7d, 0xd5, 0xd1, 0x0,
    0x4, 0x66, 0x17, 0x0, 0xe4, 0x17, 0x3, 0xff,
    0xad, 0x88, 0xf, 0x76, 0xb4, 0x70, 0x1, 0x14,
    0x95, 0x60, 0x1, 0x18, 0xed, 0x40, 0xfb, 0xad,
    0x59, 0x6f, 0x6c, 0x5f, 0x90, 0xb, 0x4b, 0xc4,
    0x0,

    /* U+4E2F "丯" */
    0x0, 0xc6, 0x60, 0xf, 0x52, 0x80, 0x79, 0x54,
    0x1, 0x56, 0x60, 0xfb, 0x28, 0x3a, 0x2c, 0x26,
    0x24, 0x11, 0x4, 0x89, 0x1a, 0xff, 0xa9, 0x3f,
    0xca, 0xae, 0xe1, 0x4f, 0x71, 0x44, 0xc, 0x88,
    0x1, 0x67, 0xe8, 0x5f, 0xe8, 0x6f, 0x59, 0xff,
    0x60, 0x4, 0x6a, 0x1, 0xe1, 0xd0, 0xc,

    /* U+4E30 "丰" */
    0x0, 0x98, 0x3, 0x8a, 0x0, 0x3f, 0xd7, 0x98,
    0x1c, 0xc4, 0xfc, 0x40, 0x22, 0x14, 0x89, 0xa,
    0x20, 0xfb, 0xf4, 0x7f, 0xd7, 0xfd, 0x81, 0xdc,
    0xa0, 0x3, 0x80, 0x6f, 0xf5, 0x87, 0xfa, 0xbb,
    0x9a, 0x3d, 0xcb, 0x0, 0xfe, 0x36, 0x0, 0x80,

    /* U+F001 "" */
    0x0, 0xff, 0x9, 0x0, 0x7c, 0x6f, 0x9d, 0xa0,
    0x19, 0x67, 0xb2, 0xc, 0x3, 0xba, 0x98, 0x40,
    0x3f, 0x8, 0x4, 0x4f, 0x6e, 0x1, 0xc5, 0x1b,
    0xa8, 0x40, 0xf, 0x2b, 0x90, 0x7, 0xff, 0x35,
    0xed, 0x40, 0x4, 0x60, 0x19, 0xa1, 0x8, 0x2b,
    0x70, 0x3, 0x20, 0x80, 0x19, 0x0, 0x2e, 0x0,
    0x17, 0x6f, 0x4e, 0x32, 0xc3, 0x0, 0x62, 0x10,

    /* U+F002 "" */
    0x0, 0xc, 0x55, 0x18, 0x3, 0xcb, 0xce, 0xaa,
    0x9d, 0x20, 0x8, 0xe8, 0x1f, 0x2d, 0xb, 0xc0,
    0x29, 0x8, 0x81, 0xa5, 0xa1, 0x30, 0x1, 0x1,
    0xc0, 0x37, 0x86, 0x0, 0x4, 0x40, 0x1c, 0xe0,
    0x20, 0x2, 0x13, 0x0, 0xc8, 0x4, 0x0, 0xb0,
    0xe2, 0x0, 0x24, 0x5, 0x0, 0x19, 0xb, 0x73,
    0x6c, 0x0, 0x80, 0x15, 0xb8, 0x99, 0x12, 0x42,
    0x24, 0x2, 0x8e, 0xeb, 0x5a, 0x81, 0xa0, 0x3,
    0x8, 0x80, 0xb, 0x40, 0x80, 0x1f, 0xcb, 0x9a,

    /* U+F004 "" */
    0x0, 0x1d, 0x51, 0x80, 0xd, 0x54, 0x30, 0x9,
    0x31, 0x55, 0x37, 0x69, 0x55, 0x62, 0x0, 0x24,
    0x3, 0x22, 0x0, 0x34, 0x80, 0x8, 0x3, 0xfc,
    0x40, 0x2, 0x0, 0xff, 0x10, 0x2, 0x0, 0x3f,
    0xd0, 0x0, 0x59, 0x0, 0xfd, 0x2a, 0x1, 0x34,
    0x0, 0x7a, 0x18, 0x3, 0x9e, 0x0, 0x34, 0x38,
    0x7, 0xce, 0xe0, 0x3, 0xb8, 0x3, 0xfa, 0x23,
    0x0, 0x70,

    /* U+F005 "" */
    0x0, 0xf2, 0x90, 0x7, 0xfc, 0x75, 0x20, 0x1f,
    0xf4, 0x2, 0x18, 0x7, 0xf1, 0xa0, 0x2, 0x0,
    0x38, 0xa2, 0xb7, 0x0, 0x24, 0xec, 0x95, 0x4,
    0x75, 0x20, 0xe, 0x13, 0x6b, 0x6, 0x60, 0x7,
    0xf0, 0xe0, 0x2, 0x5c, 0x3, 0xe1, 0xc2, 0x0,
    0xa0, 0x40, 0x3d, 0x4, 0x1, 0xc2, 0x1, 0xee,
    0x0, 0xe3, 0x0, 0x84, 0x2, 0x30, 0xe, 0x60,
    0x18, 0xec, 0x40, 0x60, 0xe, 0x49, 0xe7, 0x3,
    0xbc, 0x80, 0x8,

    /* U+F008 "" */
    0xb4, 0xdf, 0xff, 0x6a, 0x5a, 0xe1, 0xc6, 0xee,
    0x83, 0xc5, 0x28, 0x22, 0xf0, 0x94, 0x11, 0xe1,
    0x98, 0x47, 0x8f, 0xc, 0xd8, 0x73, 0xdd, 0xa1,
    0x30, 0xcd, 0x87, 0x3d, 0xda, 0x13, 0xc, 0xd8,
    0x66, 0x11, 0xe3, 0xc3, 0x28, 0x22, 0xf0, 0x94,
    0x12, 0xe1, 0xc6, 0xee, 0x83, 0xc5,

    /* U+F00B "" */
    0xdf, 0xf3, 0x4f, 0xff, 0xb4, 0x80, 0x1c, 0xa0,
    0x1e, 0x21, 0x0, 0x73, 0x0, 0x78, 0x7f, 0x35,
    0xab, 0x33, 0xdf, 0xd9, 0xaf, 0x79, 0x9e, 0xe0,
    0xb, 0xdc, 0x3, 0xfd, 0xee, 0x1, 0xf7, 0x66,
    0xbd, 0xe6, 0x7b, 0xbf, 0x35, 0xab, 0x33, 0xde,
    0x20, 0xe, 0x60, 0xf, 0x9, 0x0, 0x39, 0x80,
    0x3c, 0x40,

    /* U+F00C "" */
    0x0, 0xfe, 0x3d, 0x40, 0xf, 0xc7, 0x85, 0x40,
    0x1f, 0x1e, 0x0, 0x29, 0x34, 0xc0, 0x23, 0xc0,
    0x5, 0xa5, 0x16, 0x18, 0x1e, 0x0, 0x2d, 0x2,
    0x80, 0x18, 0xd8, 0x0, 0xb4, 0x0, 0x25, 0x80,
    0x24, 0x1, 0x68, 0x1, 0x92, 0xc0, 0x2b, 0x40,
    0xf, 0x26, 0x16, 0x20, 0x7, 0x0,

    /* U+F00D "" */
    0x14, 0x0, 0xc4, 0x40, 0xcb, 0x70, 0x2, 0x6e,
    0x85, 0x2, 0x1d, 0x2c, 0x8, 0x65, 0x42, 0x2c,
    0xb, 0x0, 0x14, 0x80, 0x1, 0xc1, 0x0, 0x22,
    0x0, 0x2, 0xc0, 0x4, 0xb0, 0x25, 0x8, 0x70,
    0xa0, 0x2c, 0xa5, 0x8, 0x2b, 0x4c, 0x10, 0xa6,
    0x61, 0x0,

    /* U+F00E "" */
    0x0, 0x96, 0x1d, 0x0, 0x3c, 0x7d, 0x4f, 0x17,
    0x61, 0x0, 0x8b, 0x5, 0xf2, 0xd5, 0x34, 0x2,
    0x80, 0xa8, 0x81, 0xd3, 0x1b, 0x0, 0x10, 0x91,
    0x5b, 0x16, 0x3, 0x0, 0x2, 0xc9, 0x44, 0x94,
    0x0, 0x10, 0x1, 0x2a, 0xbc, 0xdf, 0xc8, 0x8,
    0x1, 0x43, 0x41, 0x58, 0x3c, 0x14, 0x0, 0x74,
    0x5d, 0xfe, 0xe1, 0x2, 0x0, 0x56, 0xe6, 0xca,
    0x52, 0x11, 0x20, 0x14, 0x77, 0x5a, 0xd4, 0xd,
    0x0, 0x18, 0x44, 0x0, 0x5a, 0x4, 0x0, 0xfe,
    0x5c, 0xd0,

    /* U+F010 "" */
    0x0, 0x96, 0x1d, 0x0, 0x3c, 0x7d, 0x4f, 0x17,
    0x61, 0x0, 0x8b, 0x5, 0xf2, 0xd5, 0x34, 0x2,
    0x80, 0xa8, 0x34, 0xa6, 0x36, 0x0, 0x21, 0x22,
    0x74, 0x6, 0x0, 0x5, 0x92, 0xef, 0x18, 0x8,
    0x0, 0x95, 0x5f, 0xf8, 0x40, 0x80, 0x14, 0x34,
    0x1, 0xf, 0x5, 0x0, 0x1d, 0x17, 0x66, 0xb8,
    0x81, 0x0, 0x2b, 0x73, 0x65, 0x29, 0x8, 0x90,
    0xa, 0x3b, 0xad, 0x6a, 0x6, 0x80, 0xc, 0x22,
    0x0, 0x2d, 0x2, 0x0, 0x7f, 0x2e, 0x68,

    /* U+F011 "" */
    0x0, 0xe7, 0x70, 0x7, 0xc6, 0x41, 0x10, 0x2,
    0x40, 0x9, 0x73, 0x80, 0x37, 0x5a, 0x80, 0xd0,
    0x40, 0x6, 0x90, 0xa1, 0x60, 0x74, 0x0, 0xca,
    0xe0, 0xd8, 0x14, 0x1, 0xea, 0xc, 0x70, 0x30,
    0x0, 0x88, 0x0, 0x60, 0xec, 0xa, 0x0, 0xff,
    0x0, 0x14, 0x1b, 0xc3, 0xc0, 0x2, 0x20, 0x7,
    0x86, 0x29, 0x25, 0x8, 0x0, 0x69, 0x9, 0x83,
    0xc9, 0x7b, 0x31, 0xca, 0x5e, 0x0, 0x2d, 0x71,
    0x33, 0xb, 0x61, 0x0, 0x68, 0xee, 0xd2, 0x20,
    0x0,

    /* U+F013 "" */
    0x0, 0xc2, 0x88, 0x10, 0xf, 0xcd, 0x76, 0x60,
    0xe, 0x34, 0x3a, 0x0, 0x51, 0xa1, 0x80, 0x36,
    0xf0, 0x80, 0x5, 0x97, 0xa0, 0xc2, 0x1, 0x22,
    0x0, 0x21, 0x67, 0x40, 0x4, 0x5d, 0xa0, 0x0,
    0x8e, 0x38, 0x0, 0x50, 0x2, 0x80, 0x30, 0x45,
    0x80, 0x5, 0x0, 0x28, 0x3, 0x5, 0xd0, 0x1,
    0x17, 0x68, 0x0, 0x23, 0xb0, 0x80, 0x48, 0x80,
    0x8, 0x58, 0x36, 0xf4, 0xc0, 0x7, 0xb9, 0xa0,
    0x3, 0x42, 0xb0, 0x5, 0x91, 0x98, 0x3, 0x9e,
    0xec, 0xc0, 0x18,

    /* U+F015 "" */
    0x0, 0xf3, 0x98, 0x1c, 0x18, 0x7, 0x87, 0x63,
    0x19, 0x1d, 0x0, 0x38, 0xfc, 0xe9, 0x66, 0x40,
    0x1e, 0x6c, 0x3d, 0xef, 0x81, 0x0, 0xe9, 0x92,
    0x77, 0x12, 0xbe, 0x82, 0x4c, 0x2d, 0x99, 0xd8,
    0x40, 0x7, 0xec, 0xc, 0x4c, 0x9f, 0xa0, 0xe,
    0x4e, 0xc5, 0x53, 0xb5, 0x0, 0x7c, 0x4d, 0x42,
    0x1, 0xcb, 0xfa, 0x1, 0xff, 0xca, 0x60, 0x1,
    0x1, 0x80, 0x4e, 0x0,

    /* U+F019 "" */
    0x0, 0xc4, 0xee, 0x20, 0xf, 0xcb, 0x10, 0x50,
    0xf, 0xde, 0x0, 0xf0, 0xf, 0xfe, 0x96, 0xfb,
    0x80, 0x1f, 0xf4, 0x3, 0x48, 0x7, 0xa4, 0x3,
    0x25, 0x80, 0x6b, 0x40, 0x1, 0x19, 0x9e, 0x80,
    0x14, 0xe6, 0x62, 0xdc, 0xcb, 0xee, 0xdf, 0x99,
    0x68, 0x6, 0x58, 0x82, 0x80, 0x7f, 0x19, 0x82,
    0x8d, 0xc1, 0x95, 0x7e, 0xf6, 0x27,

    /* U+F01C "" */
    0x0, 0x27, 0xff, 0xd6, 0x1, 0x86, 0x89, 0xdf,
    0x99, 0x20, 0x2, 0xb1, 0xf8, 0x8e, 0x95, 0x73,
    0x5, 0x54, 0x10, 0x7, 0xac, 0x78, 0x2c, 0x3e,
    0x18, 0x2, 0x28, 0x95, 0x26, 0x10, 0x77, 0x49,
    0x80, 0x25, 0xdc, 0x81, 0xc0, 0x1d, 0x9f, 0xe4,
    0x0, 0xff, 0xe3, 0x7a, 0x0, 0x7f, 0xf0, 0xc,

    /* U+F021 "" */
    0x0, 0xe1, 0x10, 0x4, 0xb2, 0x0, 0x19, 0xee,
    0xb5, 0xc3, 0x18, 0xf, 0xd8, 0xd5, 0x82, 0x38,
    0x80, 0x1a, 0x33, 0xb5, 0x3b, 0x42, 0x80, 0xe3,
    0xc, 0x0, 0x3f, 0xa0, 0x8, 0x59, 0xc0, 0x21,
    0x55, 0xcc, 0xc9, 0x0, 0xc5, 0x55, 0xa6, 0xab,
    0x88, 0x3, 0x53, 0x2a, 0xc8, 0xa2, 0x1, 0x3a,
    0x88, 0x5, 0x7e, 0x60, 0x7, 0x81, 0x70, 0x41,
    0xad, 0x9a, 0xd8, 0x1d, 0x0, 0xf, 0x39, 0xb2,
    0x9b, 0x79, 0x83, 0x78, 0x47, 0x76, 0x91, 0x0,
    0x0,

    /* U+F026 "" */
    0x0, 0xc5, 0x40, 0x11, 0x62, 0xbc, 0x43, 0x4,
    0x21, 0xdc, 0x20, 0x1f, 0xfc, 0x22, 0x0, 0xed,
    0xff, 0x40, 0x7, 0x3c, 0x0, 0x73, 0xf0,

    /* U+F027 "" */
    0x0, 0xc5, 0x40, 0x1e, 0x2c, 0x50, 0x9, 0xe2,
    0x18, 0x20, 0x3, 0x8, 0x77, 0x8, 0x5, 0x14,
    0x1, 0xf4, 0x28, 0x7, 0xd2, 0xa4, 0x1, 0xee,
    0xad, 0xff, 0x38, 0x4, 0x80, 0x1a, 0x1c, 0x3,
    0xf4, 0x70, 0x4,

    /* U+F028 "" */
    0x0, 0xff, 0xe5, 0xb6, 0x90, 0x7, 0x8a, 0x80,
    0x2, 0xeb, 0x82, 0x1, 0x8b, 0x14, 0x0, 0xd9,
    0x4b, 0x0, 0xf1, 0xc, 0x10, 0x1, 0xbb, 0xa6,
    0x18, 0x21, 0xdc, 0x20, 0x14, 0x55, 0xa1, 0x9,
    0x80, 0x7d, 0xa, 0x22, 0x22, 0x30, 0x7, 0xd0,
    0xa2, 0x22, 0x23, 0x10, 0x7, 0xa2, 0xad, 0x8,
    0x4f, 0x7f, 0xd0, 0x1, 0x1b, 0xba, 0x61, 0x80,
    0x33, 0xc0, 0x4, 0xd9, 0x6b, 0x0, 0x1c, 0xfc,
    0x0, 0x17, 0x4c, 0x10, 0xf, 0x8, 0x4, 0xda,
    0x40, 0x0,

    /* U+F029 "" */
    0x88, 0xc8, 0x11, 0x19, 0x1d, 0xf6, 0x3, 0xbe,
    0xc0, 0x7f, 0x0, 0xcf, 0xe0, 0x12, 0x40, 0x6,
    0x48, 0x0, 0x8d, 0xc3, 0xc0, 0x6, 0xe1, 0xff,
    0xce, 0x1f, 0xf9, 0xe2, 0x32, 0x4, 0x40, 0x88,
    0x8e, 0xfb, 0x1, 0xdd, 0xfe, 0xc0, 0x7f, 0x0,
    0xc4, 0x64, 0x0, 0x48, 0x0, 0xcb, 0x71, 0x60,
    0x6e, 0x1e, 0x0, 0xfc, 0x45,

    /* U+F030 "" */
    0x0, 0x93, 0xbf, 0xdc, 0x80, 0x10, 0xa2, 0x20,
    0x40, 0x3, 0x8, 0x81, 0xfb, 0xb1, 0x80, 0x63,
    0xbb, 0x78, 0x80, 0x49, 0x54, 0x40, 0x8, 0x40,
    0x24, 0xf8, 0x87, 0xa0, 0x7, 0xbe, 0x88, 0x95,
    0xe0, 0x1f, 0x8, 0x0, 0x40, 0x3e, 0xc7, 0x0,
    0x46, 0x80, 0x79, 0xff, 0x30, 0xc, 0x1, 0xf4,
    0x66, 0x20, 0x3, 0x42, 0x27, 0xfa, 0x0,

    /* U+F03E "" */
    0xbf, 0xff, 0xf5, 0xa1, 0x52, 0x0, 0x7c, 0x81,
    0xb, 0x40, 0x18, 0x40, 0x37, 0xc, 0x80, 0x53,
    0xe6, 0x1, 0x27, 0x20, 0x2, 0x58, 0x74, 0x80,
    0x29, 0xc6, 0x96, 0x0, 0xa, 0x80, 0x19, 0x81,
    0x2c, 0x1, 0xf2, 0xc4, 0x7e, 0x40, 0x43, 0x77,
    0xfc, 0x68,

    /* U+F043 "" */
    0x0, 0x89, 0x0, 0x3e, 0xeb, 0x10, 0xe, 0x23,
    0x6, 0x0, 0xe8, 0x0, 0x48, 0x6, 0x45, 0x0,
    0xc, 0x0, 0x54, 0x1, 0x9c, 0xc2, 0x4, 0x3,
    0xbc, 0x18, 0x3, 0xc6, 0x42, 0xc6, 0x1, 0xc2,
    0x4b, 0x20, 0x1c, 0x56, 0x7f, 0x88, 0x0, 0x51,
    0x67, 0x5c, 0x40, 0x4a, 0x0, 0x46, 0xcc, 0x5d,
    0x80, 0x0,

    /* U+F048 "" */
    0x58, 0x0, 0xc6, 0xb8, 0xe2, 0x0, 0x5c, 0xb0,
    0xc, 0xd4, 0x1, 0xcf, 0x20, 0x1d, 0x10, 0x0,
    0xf3, 0x0, 0x7c, 0x20, 0x1f, 0x61, 0x0, 0x78,
    0xf4, 0xc0, 0x3e, 0xc4, 0x0, 0x8, 0x8, 0x2,
    0xd9, 0x63, 0xc0, 0x34, 0xd8,

    /* U+F04B "" */
    0x46, 0x0, 0xfe, 0xb9, 0xd4, 0x0, 0xfe, 0x2b,
    0xa1, 0x0, 0xfe, 0x5e, 0x70, 0xf, 0xf4, 0x6a,
    0x80, 0x7f, 0x15, 0x58, 0x80, 0x7f, 0x23, 0x80,
    0x7f, 0x23, 0x80, 0x7c, 0x57, 0x61, 0x0, 0xf4,
    0x6a, 0x0, 0x79, 0x79, 0xc0, 0x3c, 0x57, 0x42,
    0x1, 0xd9, 0x3a, 0x80, 0x1f, 0x0,

    /* U+F04C "" */
    0xaf, 0xf7, 0x18, 0x57, 0xfb, 0x8d, 0x40, 0x2,
    0x80, 0xa0, 0x1, 0x40, 0xd, 0xe0, 0x1d, 0xe0,
    0x1f, 0xff, 0xaf, 0x0, 0xef, 0xb7, 0x67, 0x60,
    0xb7, 0x67, 0x60,

    /* U+F04D "" */
    0x48, 0x8f, 0xe1, 0xb7, 0x7f, 0xe6, 0x0, 0xff,
    0x78, 0x7, 0xff, 0xfc, 0x3d, 0x40, 0x3f, 0xa,
    0x0,

    /* U+F051 "" */
    0x26, 0x0, 0xcb, 0xb, 0x34, 0x1, 0x73, 0xf8,
    0x2d, 0x80, 0x7c, 0x98, 0x20, 0x1e, 0x3c, 0x70,
    0xf, 0x11, 0x80, 0x7c, 0x20, 0x1e, 0xb5, 0x0,
    0xeb, 0x40, 0xc, 0x38, 0x80, 0x16, 0x96, 0x18,
    0x0, 0x44, 0xba, 0x40, 0x15, 0x70,

    /* U+F052 "" */
    0x0, 0xe3, 0x70, 0xf, 0xe3, 0xc8, 0xa0, 0xf,
    0x8b, 0x40, 0xb, 0x20, 0x1c, 0x38, 0x20, 0x13,
    0x40, 0x4, 0x38, 0x20, 0x1c, 0xee, 0x0, 0x69,
    0x0, 0x7d, 0x8, 0x2, 0x1, 0xfc, 0x21, 0x98,
    0xbb, 0xfb, 0x14, 0x33, 0x17, 0x7f, 0x62, 0x81,
    0x0, 0x7f, 0x68, 0x18, 0x7, 0xf6, 0x80,

    /* U+F053 "" */
    0x0, 0xe3, 0x10, 0xc, 0xb9, 0x40, 0x12, 0xd0,
    0x78, 0x1, 0x68, 0x2d, 0x1, 0x68, 0x29, 0x0,
    0xe8, 0x29, 0x40, 0x6, 0x81, 0x22, 0x1, 0x5a,
    0x1e, 0x88, 0x5, 0x68, 0x7a, 0x20, 0x15, 0x99,
    0xa8, 0x3, 0x62, 0xf0,

    /* U+F054 "" */
    0x3, 0x10, 0xc, 0x79, 0xa2, 0x1, 0x1a, 0x1e,
    0x88, 0x5, 0x68, 0x7a, 0x20, 0x15, 0xa1, 0xe8,
    0x80, 0x56, 0x47, 0x40, 0x12, 0x90, 0x70, 0x1,
    0x68, 0x29, 0x41, 0x68, 0x29, 0x40, 0xe8, 0x29,
    0x40, 0x6, 0xb4, 0xa0, 0x10,

    /* U+F067 "" */
    0x0, 0xcd, 0x22, 0x1, 0xfa, 0xd9, 0x0, 0x3f,
    0x18, 0x18, 0x7, 0xff, 0xd, 0x62, 0x21, 0xd,
    0x88, 0x86, 0x9d, 0xe0, 0x2, 0x3b, 0xcc, 0xc4,
    0x48, 0x0, 0x48, 0x9a, 0x6e, 0xe1, 0xb, 0xbc,
    0x60, 0x1f, 0xfc, 0xe7, 0x24, 0x0, 0xc0,

    /* U+F068 "" */
    0x46, 0x6f, 0xe1, 0xb9, 0x9f, 0xe6, 0x52, 0x2f,
    0xe3,

    /* U+F06E "" */
    0x0, 0x8e, 0xb7, 0xfd, 0x8e, 0x1, 0xe9, 0xc4,
    0xbd, 0xb6, 0x8e, 0x30, 0xa, 0xd8, 0x31, 0x94,
    0xe9, 0x87, 0x10, 0x1d, 0x1, 0x88, 0x2e, 0x2a,
    0x0, 0x14, 0x32, 0x0, 0xf7, 0xf3, 0x5, 0x11,
    0x0, 0xb3, 0x0, 0x1e, 0x80, 0x11, 0x88, 0x80,
    0x5a, 0x10, 0x18, 0x64, 0xd7, 0x60, 0x1, 0x42,
    0x16, 0xc1, 0x81, 0xdc, 0xb6, 0x1c, 0x40, 0xa,
    0x71, 0xef, 0x6d, 0xa3, 0x8c, 0x0,

    /* U+F070 "" */
    0x32, 0x0, 0xff, 0xe1, 0x76, 0xa8, 0x7, 0xff,
    0x7, 0xe, 0xa1, 0x2b, 0xbf, 0xad, 0x40, 0x38,
    0x71, 0x9e, 0xde, 0xf6, 0xda, 0xb0, 0x40, 0x3a,
    0x68, 0xc, 0x60, 0xb4, 0xcd, 0xe2, 0x1, 0x5c,
    0x2e, 0x9d, 0xac, 0x3c, 0x0, 0xd0, 0x0, 0x91,
    0xec, 0xb5, 0x40, 0x18, 0xc0, 0x4, 0x30, 0x24,
    0x4, 0x50, 0xa8, 0x5, 0x50, 0x1, 0xc, 0x1,
    0x44, 0x12, 0x0, 0x7c, 0x8, 0x1, 0xa0, 0x8,
    0x71, 0xf, 0x10, 0x8f, 0xd0, 0x10, 0x40, 0x30,
    0xdd, 0x3d, 0x6d, 0x8d, 0xba, 0xe0, 0x80, 0x72,
    0xdf, 0x7d, 0x80, 0x22, 0xcf, 0xc0, 0x3f, 0xf8,
    0x29, 0xb4, 0x0,

    /* U+F071 "" */
    0x0, 0xf8, 0xc4, 0x3, 0xff, 0x80, 0xb9, 0x80,
    0xf, 0xfe, 0x5, 0x81, 0x38, 0x7, 0xfa, 0x4,
    0x1, 0x2, 0x1, 0xf8, 0x9c, 0x8, 0x42, 0xc0,
    0x3f, 0x48, 0x26, 0xe8, 0x14, 0xc0, 0x3c, 0x88,
    0x7, 0x7, 0x0, 0x78, 0x7, 0xa4, 0x0, 0x20,
    0x20, 0x3, 0x60, 0xc, 0xe4, 0x0, 0x28, 0x90,
    0xa, 0x4, 0x0, 0x30, 0x1, 0x1c, 0x40, 0x2,
    0x18, 0x0, 0x58, 0x6, 0x12, 0x30, 0xc, 0xc4,
    0xa, 0x1, 0x8b, 0x60, 0x3, 0x90, 0x2e, 0x1d,
    0xff, 0xd0, 0xc0,

    /* U+F074 "" */
    0x0, 0xfe, 0x61, 0x0, 0xff, 0x4e, 0x8f, 0xfd,
    0x0, 0x2, 0xef, 0x3, 0xd3, 0x20, 0x76, 0x2c,
    0x12, 0x0, 0x2e, 0x6e, 0x8c, 0xb0, 0x5b, 0x41,
    0xa4, 0x0, 0x5d, 0x42, 0xd2, 0x11, 0x20, 0x11,
    0x60, 0xb8, 0xc0, 0x45, 0x6, 0x6e, 0x85, 0xe1,
    0x5f, 0x41, 0x64, 0xc8, 0x1e, 0x3, 0x4, 0x80,
    0xb, 0xff, 0x40, 0x0, 0x7b, 0xc0, 0xf0, 0x3,
    0xfa, 0x74, 0x0,

    /* U+F077 "" */
    0x0, 0xc4, 0xe0, 0x1f, 0x8b, 0x22, 0x40, 0x3c,
    0x58, 0x20, 0xd2, 0x1, 0x8b, 0x5, 0xb4, 0x5a,
    0x40, 0x5, 0x82, 0xd2, 0x58, 0x2d, 0x21, 0x22,
    0xd2, 0x0, 0x2c, 0x16, 0x49, 0x89, 0x0, 0xc5,
    0x90, 0x80,

    /* U+F078 "" */
    0x26, 0x0, 0xf1, 0x38, 0x4c, 0xc0, 0x18, 0xb2,
    0x12, 0x45, 0xa4, 0x0, 0x58, 0x2c, 0x85, 0x82,
    0xd2, 0x58, 0x2d, 0x20, 0x2, 0xc1, 0x6d, 0x16,
    0x90, 0xc, 0x58, 0x20, 0xd2, 0x1, 0xe2, 0xc9,
    0x90, 0x6,

    /* U+F079 "" */
    0x0, 0x84, 0x3, 0xff, 0x84, 0x7d, 0x80, 0x7,
    0x7f, 0x10, 0x4, 0x78, 0x7, 0x85, 0x31, 0x1d,
    0x60, 0x16, 0x18, 0x19, 0xa3, 0xbf, 0xf0, 0x80,
    0x6b, 0xd1, 0x5c, 0x80, 0xf, 0xf2, 0x8, 0x0,
    0xc8, 0x3, 0xff, 0x8f, 0x6a, 0x0, 0x97, 0x0,
    0xca, 0xef, 0x8c, 0x28, 0x59, 0x82, 0x1, 0x19,
    0xa2, 0x37, 0x5a, 0x0, 0x21, 0x80, 0x2d, 0xff,
    0xed, 0xb, 0x59, 0x70,

    /* U+F07B "" */
    0xbf, 0xfc, 0xc0, 0x1e, 0x40, 0xd, 0x32, 0x88,
    0x9d, 0x0, 0x3c, 0xce, 0xf4, 0x58, 0x7, 0xff,
    0xc1, 0x0, 0x3f, 0xc8,

    /* U+F093 "" */
    0x0, 0xe2, 0x20, 0x7, 0xf1, 0xe6, 0xc, 0x3,
    0xe3, 0xd1, 0x16, 0x98, 0x7, 0x1e, 0x88, 0x0,
    0x74, 0xc0, 0x36, 0x88, 0x6, 0x1d, 0x0, 0xdd,
    0xee, 0x0, 0x7f, 0xe0, 0xf, 0xfe, 0x71, 0x19,
    0x88, 0x3, 0x11, 0x98, 0xb7, 0x31, 0xf6, 0xcc,
    0xbc, 0xcb, 0x40, 0x22, 0xf0, 0x7, 0x88, 0x7,
    0xc6, 0xcc, 0x3a, 0x37, 0x6, 0x55, 0xfb, 0xd8,
    0x9c,

    /* U+F095 "" */
    0x0, 0xfe, 0x36, 0x20, 0xf, 0xf7, 0xce, 0xf0,
    0x7, 0xe3, 0x30, 0x7, 0xfd, 0x40, 0x11, 0x80,
    0x7e, 0xb2, 0x0, 0x20, 0x7, 0xe2, 0x90, 0x6,
    0x80, 0x7f, 0x40, 0x12, 0x0, 0x61, 0x0, 0xa4,
    0xc2, 0x40, 0x3, 0x1d, 0xe2, 0x2a, 0x60, 0x84,
    0x0, 0x7b, 0x88, 0xb3, 0xd4, 0x19, 0xc0, 0x22,
    0x0, 0x88, 0x42, 0x64, 0x1, 0x90, 0x2, 0x16,
    0xe6, 0x0, 0xea, 0x89, 0xce, 0x91, 0x0, 0xe0,

    /* U+F0C4 "" */
    0x7, 0x93, 0x0, 0xc4, 0x40, 0xa8, 0x6c, 0x20,
    0x4, 0x6e, 0x95, 0x4d, 0xc0, 0xa1, 0xe, 0xc,
    0xa6, 0xda, 0x1f, 0xe, 0xd, 0x21, 0xaa, 0x40,
    0xee, 0x6, 0x90, 0x0, 0xd7, 0x8, 0x0, 0xe4,
    0x3, 0x3d, 0x88, 0x0, 0xd8, 0x2, 0xa8, 0x40,
    0x54, 0x9, 0x60, 0x2, 0xb7, 0x6, 0xda, 0x4,
    0xb0, 0x1b, 0x68, 0x18, 0x5a, 0x4, 0xa6, 0xa8,
    0x4a, 0x0, 0x2e, 0xa5, 0x0,

    /* U+F0C5 "" */
    0x0, 0x8d, 0x12, 0x12, 0x0, 0xec, 0xbb, 0x93,
    0x10, 0x9, 0x4, 0x3, 0xd4, 0x5b, 0x6a, 0x1,
    0xa5, 0x98, 0x1, 0xf8, 0xdd, 0xe0, 0xf, 0xff,
    0x50, 0x80, 0x37, 0x2e, 0xfb, 0x10, 0x0, 0xd9,
    0x77, 0xa, 0x18, 0x4b, 0xbf, 0x42, 0x0, 0x40,

    /* U+F0C7 "" */
    0x48, 0x8f, 0x38, 0x5, 0x6e, 0xfe, 0x8b, 0x0,
    0x9f, 0xff, 0x91, 0x16, 0x1, 0xfe, 0x43, 0x3,
    0x77, 0xe6, 0x0, 0x38, 0x24, 0x47, 0x10, 0x7,
    0xd7, 0xa4, 0x1, 0xf1, 0xa1, 0x28, 0x7, 0xc4,
    0x0, 0x20, 0xf, 0x87, 0x29, 0x40, 0x32, 0x80,
    0x46, 0xa0, 0x11, 0x28,

    /* U+F0C9 "" */
    0x0, 0xff, 0xbf, 0xff, 0xce, 0xca, 0xbf, 0xc7,
    0x35, 0x5f, 0xc9, 0x13, 0x3f, 0xc6, 0xec, 0xdf,
    0xc9, 0xdb, 0xbf, 0xce, 0x24, 0x5f, 0xc1, 0x35,
    0x5f, 0xc8, 0xca, 0xbf, 0xc7, 0xff, 0xfe, 0x70,

    /* U+F0E0 "" */
    0xbf, 0xff, 0xf5, 0xa0, 0x7, 0xf9, 0x2c, 0x40,
    0x3f, 0xd, 0xc6, 0xa0, 0x7, 0x93, 0x60, 0xf3,
    0xa0, 0x3, 0x47, 0x61, 0x80, 0x2b, 0xb0, 0x89,
    0x9d, 0x40, 0x1c, 0xdd, 0x10, 0xe6, 0x0, 0xf8,
    0xaa, 0x84, 0x1, 0x90, 0x3, 0xfc, 0x80,

    /* U+F0E7 "" */
    0x1, 0xbb, 0xa8, 0x40, 0x24, 0x4c, 0xa0, 0x18,
    0x80, 0x24, 0x10, 0xb, 0x80, 0x2d, 0x0, 0xc4,
    0x1, 0x4f, 0xf9, 0x81, 0x40, 0x3c, 0xe0, 0x1f,
    0x38, 0x87, 0x7f, 0x8c, 0x6, 0x0, 0x38, 0xc2,
    0xc0, 0x38, 0xc0, 0xd4, 0x3, 0x90, 0x3c, 0x3,
    0xda, 0xc6, 0x1, 0xe8, 0x90, 0xc,

    /* U+F0EA "" */
    0x0, 0x15, 0x28, 0x7, 0xbb, 0xf4, 0xab, 0xfc,
    0x40, 0x10, 0x80, 0x79, 0x80, 0x3c, 0xc8, 0x93,
    0x80, 0x7a, 0x88, 0xa1, 0x60, 0xe, 0x16, 0x6d,
    0x34, 0x1, 0xf8, 0x6b, 0x4, 0x3, 0xea, 0xa4,
    0xa8, 0x7, 0xfc, 0x20, 0x1f, 0xee, 0xff, 0x0,
    0x7f, 0xf2, 0x96, 0xef, 0xc8,

    /* U+F0F3 "" */
    0x0, 0xc2, 0xa0, 0x1f, 0xd1, 0x42, 0x1, 0xe2,
    0xd6, 0xe, 0x90, 0xe, 0xc2, 0x0, 0x99, 0xc0,
    0x25, 0x10, 0xe, 0xa0, 0xb, 0x40, 0x3c, 0x40,
    0x11, 0x0, 0x7c, 0x40, 0x7, 0x0, 0xf9, 0xc1,
    0x88, 0x3, 0xe8, 0x8, 0x0, 0xfc, 0x4d, 0x97,
    0x7f, 0xb1, 0x89, 0x10, 0xd7, 0x6d, 0x44, 0x18,
    0x6, 0x2b, 0x99, 0x0, 0x60,

    /* U+F11C "" */
    0xbf, 0xff, 0xfe, 0x2, 0x20, 0xdc, 0x5c, 0x5c,
    0x5d, 0xc2, 0xe0, 0x60, 0x90, 0x50, 0x50, 0xb1,
    0x5, 0x80, 0xf0, 0x7e, 0xf, 0xe, 0x7e, 0xe3,
    0xf8, 0x6, 0x4c, 0x3c, 0x4c, 0x99, 0x70, 0x7,
    0x26, 0x1e, 0x26, 0x4c, 0xb8, 0x3, 0x3f, 0x7,
    0xe7, 0x67, 0x71, 0xfc, 0x2, 0x48, 0x28, 0x8f,
    0x2c, 0x7, 0xa1, 0xb8, 0xbb, 0xf8, 0x5c, 0xc,

    /* U+F124 "" */
    0x0, 0xff, 0x98, 0xc0, 0x3f, 0x86, 0x3a, 0x74,
    0x3, 0xe2, 0x9e, 0x71, 0x5, 0x0, 0xe3, 0xad,
    0x60, 0xd, 0x0, 0x12, 0x66, 0x14, 0x3, 0x8c,
    0xc0, 0xb, 0xb1, 0x80, 0x7d, 0x20, 0x12, 0x80,
    0x7e, 0x25, 0x0, 0xbf, 0x2e, 0xe2, 0x0, 0xac,
    0x3, 0x9, 0xa2, 0x42, 0x0, 0x16, 0x0, 0xff,
    0xe0, 0x30, 0x7, 0xff, 0x6, 0x40, 0x3f, 0xce,
    0xc, 0x20, 0x1f, 0xe9, 0x98, 0x3, 0x80,

    /* U+F15A "" */
    0x0, 0x24, 0x24, 0x0, 0x78, 0x8c, 0x90, 0x3,
    0x4e, 0xc2, 0x49, 0xda, 0x80, 0x29, 0x4, 0xa1,
    0x92, 0x90, 0xe, 0x80, 0x5e, 0x54, 0xc, 0x3,
    0x84, 0xd0, 0x14, 0x3, 0x1f, 0x60, 0x89, 0x80,
    0x31, 0xfe, 0xa8, 0xd8, 0x7, 0x8a, 0x0, 0x2,
    0x24, 0x1, 0x35, 0xe0, 0x21, 0x88, 0x1, 0x65,
    0x19, 0xbc, 0x23, 0x60, 0xe0, 0xff, 0x8, 0x4,
    0x8d, 0xd, 0x0, 0x30,

    /* U+F15B "" */
    0x9b, 0xbc, 0x4e, 0x0, 0x64, 0x4c, 0xd1, 0x20,
    0x1f, 0x9a, 0x40, 0x38, 0x6e, 0xda, 0x1, 0xd5,
    0x77, 0x0, 0x7f, 0xfc, 0xf2, 0xef, 0xec,

    /* U+F164 "" */
    0x0, 0xf9, 0xc4, 0x3, 0xf9, 0x63, 0x40, 0x3f,
    0xbc, 0xc, 0x3, 0xf2, 0x28, 0x18, 0x7, 0xc3,
    0x40, 0x4, 0x33, 0x0, 0x75, 0x8, 0x1, 0xf3,
    0x2e, 0xfe, 0x34, 0x0, 0xf1, 0x8, 0xb, 0x80,
    0x7c, 0xe0, 0x1f, 0xfc, 0xbc, 0x3, 0x0, 0xfe,
    0x70, 0x90, 0x64, 0x0, 0xf1, 0x2f, 0x29, 0x5f,
    0x4b, 0x23, 0x58, 0x0,

    /* U+F165 "" */
    0x0, 0xe1, 0x6a, 0xba, 0x40, 0xef, 0xd2, 0xbe,
    0x95, 0x45, 0xb0, 0x10, 0x26, 0x40, 0xf, 0x10,
    0x7, 0xfc, 0xe0, 0x1f, 0xf6, 0x1, 0x0, 0x7f,
    0xd2, 0xe, 0x1, 0xf3, 0xa4, 0x21, 0xa8, 0x7,
    0x96, 0xf2, 0xc2, 0x88, 0x1, 0x1b, 0xab, 0x0,
    0xef, 0x0, 0x59, 0x10, 0x3, 0xc4, 0xc0, 0x60,
    0x1f, 0xda, 0x8, 0x1, 0xfc, 0x99, 0x60, 0x10,

    /* U+F1E0 "" */
    0x0, 0xf9, 0x5c, 0x40, 0x3e, 0x9a, 0x8e, 0x10,
    0xf, 0x30, 0x4, 0xc0, 0x1c, 0xc0, 0x18, 0x86,
    0x6d, 0xb2, 0x50, 0x81, 0x96, 0x99, 0x24, 0xaa,
    0xf7, 0xe4, 0x10, 0x2, 0x95, 0x0, 0xe4, 0x0,
    0xa5, 0x40, 0x3a, 0x99, 0x24, 0xaa, 0xf7, 0xe4,
    0x6, 0x6d, 0xb2, 0x50, 0x81, 0x94, 0x3, 0x98,
    0x3, 0x10, 0x7, 0x98, 0x2, 0x60, 0xf, 0x4d,
    0x47, 0x8,

    /* U+F1EB "" */
    0x0, 0xff, 0xe3, 0xac, 0xde, 0x5c, 0xa8, 0x7,
    0xa3, 0xe9, 0x90, 0xd1, 0xab, 0xe0, 0x0, 0x7c,
    0xe0, 0xb5, 0x9b, 0x94, 0xa0, 0xfc, 0x7c, 0x2b,
    0xd4, 0xa6, 0x46, 0xb5, 0xca, 0x3d, 0xf3, 0x42,
    0xb7, 0xdf, 0xd6, 0xa3, 0x54, 0xf2, 0x61, 0xca,
    0x41, 0x19, 0x2b, 0x5, 0x48, 0x0, 0x64, 0x77,
    0xfd, 0xf6, 0x64, 0x60, 0x18, 0xbf, 0x10, 0x4,
    0x13, 0x3c, 0x80, 0x38, 0x40, 0x15, 0xd4, 0x0,
    0x10, 0xf, 0xe5, 0x5, 0x0, 0xff, 0xe0, 0x49,
    0x48, 0x7, 0x80,

    /* U+F240 "" */
    0x37, 0x7f, 0xfe, 0x2, 0x86, 0x44, 0x7f, 0xf0,
    0x28, 0xc1, 0xf2, 0xef, 0xfc, 0x1c, 0x0, 0xfb,
    0xbf, 0xe6, 0x32, 0x0, 0xff, 0xe0, 0x12, 0x0,
    0x4a, 0x67, 0xfe, 0x70, 0x1, 0xf5, 0xdf, 0xf5,
    0x3, 0x1a, 0x44, 0x7f, 0x98, 0x63, 0x3f, 0xff,
    0xf8, 0x1c, 0x20,

    /* U+F241 "" */
    0x37, 0x7f, 0xfe, 0x2, 0x86, 0x44, 0x7f, 0xf0,
    0x28, 0xc1, 0xf2, 0xef, 0xd9, 0xfe, 0xb0, 0xe0,
    0x7, 0xdd, 0xfb, 0xc0, 0xc, 0x64, 0x1, 0xff,
    0xc0, 0x24, 0x0, 0x94, 0xcf, 0xca, 0x0, 0x37,
    0x0, 0x1f, 0x5d, 0xfb, 0x9d, 0xd4, 0xc, 0x69,
    0x11, 0xfe, 0x61, 0x8c, 0xff, 0xff, 0xe0, 0x70,
    0x80,

    /* U+F242 "" */
    0x37, 0x7f, 0xfe, 0x2, 0x86, 0x44, 0x7f, 0xf0,
    0x28, 0xc1, 0xf2, 0xef, 0x6f, 0xfe, 0xb0, 0xe0,
    0x7, 0xdd, 0xea, 0x0, 0xcc, 0x64, 0x1, 0xff,
    0xc0, 0x24, 0x0, 0x94, 0xcf, 0x70, 0x6, 0x37,
    0x0, 0x1f, 0x5d, 0xe1, 0x77, 0xd4, 0xc, 0x69,
    0x11, 0xfe, 0x61, 0x8c, 0xff, 0xff, 0xe0, 0x70,
    0x80,

    /* U+F243 "" */
    0x37, 0x7f, 0xfe, 0x2, 0x86, 0x44, 0x7f, 0xf0,
    0x28, 0xc1, 0xf2, 0xed, 0xdf, 0xfe, 0xb0, 0xe0,
    0x7, 0xdd, 0x94, 0x3, 0xcc, 0x64, 0x1, 0xff,
    0xc0, 0x24, 0x0, 0x94, 0xcc, 0xe0, 0x1e, 0x37,
    0x0, 0x1f, 0x5d, 0x91, 0xdf, 0xd4, 0xc, 0x69,
    0x11, 0xfe, 0x61, 0x8c, 0xff, 0xff, 0xe0, 0x70,
    0x80,

    /* U+F244 "" */
    0x37, 0x7f, 0xfe, 0x2, 0x86, 0x44, 0x7f, 0xf0,
    0x28, 0xc1, 0xff, 0xff, 0xd6, 0x1c, 0x1, 0xff,
    0xc0, 0x63, 0x20, 0xf, 0xfe, 0x1, 0x20, 0x7,
    0xff, 0x4, 0xdc, 0x0, 0x6e, 0xff, 0xea, 0x6,
    0x34, 0x88, 0xff, 0x30, 0xc6, 0x7f, 0xff, 0xf0,
    0x38, 0x40,

    /* U+F287 "" */
    0x0, 0xff, 0xe5, 0x12, 0xfd, 0x80, 0x7f, 0xcb,
    0xdc, 0x5, 0x0, 0xf8, 0x40, 0x28, 0xdb, 0xb6,
    0x0, 0x7a, 0x7b, 0x45, 0x94, 0x41, 0x8, 0x0,
    0xd0, 0x0, 0x60, 0x2f, 0x86, 0xed, 0xde, 0x87,
    0xc0, 0x60, 0x2f, 0xee, 0x2f, 0x6e, 0xe8, 0x7c,
    0x9, 0xed, 0x10, 0x4, 0x40, 0x15, 0xd1, 0xa0,
    0x2, 0x10, 0xc, 0x65, 0x76, 0x8f, 0x0, 0xff,
    0xa6, 0x46, 0x1, 0xff, 0xc2, 0x2d, 0xfb, 0x0,
    0xc0,

    /* U+F293 "" */
    0x0, 0xc6, 0x84, 0x1, 0xcd, 0xd9, 0x5b, 0xa2,
    0x0, 0x24, 0x88, 0x68, 0x17, 0x80, 0x20, 0x2,
    0x3b, 0x2, 0x50, 0x32, 0xa0, 0x2d, 0xa0, 0xd2,
    0x2, 0x25, 0x9d, 0x48, 0x10, 0x80, 0x20, 0x86,
    0x4c, 0x4, 0x2, 0x14, 0xe, 0x0, 0x84, 0x7,
    0x2c, 0x8e, 0x80, 0x48, 0x1, 0x2c, 0x66, 0xc0,
    0x20, 0x61, 0x40, 0x1d, 0x60, 0xa0, 0x82, 0x0,
    0x4b, 0x3, 0x10, 0xe, 0xca, 0x93, 0x54, 0x80,

    /* U+F2EA "" */
    0x0, 0xe1, 0x10, 0x7, 0x29, 0xc, 0x77, 0x68,
    0x10, 0x4, 0xe6, 0x1c, 0x4c, 0xc2, 0xfe, 0x40,
    0x22, 0x24, 0xec, 0xc7, 0x30, 0xf8, 0x6, 0x53,
    0x0, 0xc, 0xa9, 0x32, 0xa2, 0x15, 0x80, 0x34,
    0x86, 0x45, 0xdc, 0x80, 0x18, 0x81, 0x80, 0x3f,
    0x88, 0x1c, 0x3, 0xfa, 0x3, 0x40, 0x7, 0x22,
    0x0, 0x19, 0x42, 0x60, 0x7, 0xb7, 0x6e, 0x73,
    0xf, 0x80, 0x5a, 0xe2, 0x46, 0x2d, 0xe4, 0x1,
    0xc, 0x77, 0x69, 0x10, 0x0,

    /* U+F2ED "" */
    0x0, 0x92, 0x20, 0xe0, 0x1a, 0xf3, 0x16, 0xee,
    0x8d, 0xcc, 0x28, 0x4, 0x67, 0x84, 0x2, 0x94,
    0x4f, 0xd4, 0xac, 0xef, 0xfa, 0x80, 0x25, 0x50,
    0xc8, 0x50, 0x7, 0xf8, 0x40, 0x3f, 0xfb, 0xe2,
    0x1, 0x38, 0x2a, 0x86, 0x42, 0x81, 0xc0, 0xe5,
    0xdf, 0xd1, 0x20,

    /* U+F304 "" */
    0x0, 0xfe, 0x17, 0x10, 0xf, 0xe1, 0xf8, 0xc1,
    0x0, 0xf8, 0x50, 0x40, 0xb4, 0x3, 0xc3, 0xfe,
    0xa0, 0x0, 0x80, 0x70, 0xf8, 0xaf, 0xd1, 0x60,
    0x6, 0x1f, 0x10, 0x2, 0xee, 0x84, 0x2, 0x1f,
    0x10, 0x8, 0x68, 0x3, 0xf, 0x88, 0x4, 0x38,
    0x40, 0x10, 0xf8, 0x80, 0x43, 0x84, 0x1, 0xa8,
    0x40, 0x21, 0xc2, 0x0, 0xe6, 0x0, 0x87, 0x8,
    0x3, 0xc4, 0x0, 0x1c, 0x20, 0xf, 0xa6, 0x57,
    0xe4, 0x1, 0xf0,

    /* U+F379 "" */
    0x0, 0xc2, 0x88, 0x10, 0xf, 0x15, 0xf5, 0xdb,
    0xac, 0x80, 0x23, 0xd4, 0x1, 0x0, 0x26, 0x98,
    0x3, 0x40, 0xd, 0xe, 0xa0, 0xd, 0x7, 0x10,
    0x0, 0xb5, 0x70, 0x80, 0xbe, 0x0, 0x64, 0xd6,
    0x60, 0x3, 0x1c, 0x2, 0xc7, 0xd3, 0x60, 0x3,
    0xb8, 0x0, 0xc9, 0xda, 0x2a, 0x0, 0x7c, 0x0,
    0x18, 0xff, 0xa, 0x80, 0x31, 0xc4, 0x16, 0x5f,
    0xf8, 0x40, 0x5c, 0x34, 0x0, 0xf4, 0x20, 0x16,
    0x80, 0xf, 0x50, 0x3, 0x26, 0x98, 0x4, 0x57,
    0xd7, 0x6e, 0xb2, 0x0, 0x0,

    /* U+F55A "" */
    0x0, 0x97, 0xbf, 0xff, 0xa0, 0x0, 0xb4, 0x20,
    0x1f, 0xce, 0xb, 0x40, 0x13, 0x71, 0x13, 0x98,
    0x2, 0x5a, 0x0, 0xc8, 0x19, 0x80, 0x40, 0xa,
    0xc0, 0x38, 0xa8, 0x45, 0x44, 0x1, 0x58, 0x7,
    0x15, 0x8, 0xa8, 0x80, 0x25, 0xa0, 0xc, 0x81,
    0x98, 0x4, 0x0, 0xcb, 0x40, 0x13, 0x71, 0x13,
    0x98, 0x3, 0x96, 0xc4, 0x3, 0xf9, 0xc0,

    /* U+F58F "" */
    0x0, 0x92, 0xb3, 0x14, 0x80, 0x1d, 0x54, 0x29,
    0x91, 0x54, 0x80, 0x54, 0xdf, 0xa, 0xa8, 0xf5,
    0x90, 0x44, 0x68, 0x80, 0x61, 0xd7, 0x3f, 0x91,
    0x0, 0xf0, 0xb4, 0xaa, 0x0, 0x7e, 0xc7, 0x11,
    0x24, 0x90, 0x0, 0xe5, 0x18, 0x80, 0x16, 0xca,
    0x0, 0xb6, 0xb1, 0x0, 0x8, 0x7, 0xfa, 0xc8,
    0x3, 0xf1, 0x5a, 0xc, 0x11, 0x80, 0x34, 0xa0,
    0x50,

    /* U+F7C2 "" */
    0x0, 0xb, 0xc4, 0x4e, 0x40, 0x59, 0xe, 0xf4,
    0x79, 0x63, 0xfa, 0x64, 0x39, 0x60, 0x80, 0x7c,
    0x20, 0xbe, 0x99, 0xe, 0x1, 0xff, 0xeb, 0x30,
    0xf, 0x8f, 0x2e, 0xfe, 0xc0,

    /* U+F8A2 "" */
    0x0, 0xff, 0x88, 0x3, 0xfe, 0x4d, 0x0, 0x9a,
    0x40, 0x3d, 0x20, 0x13, 0xca, 0x80, 0x7f, 0x44,
    0x0, 0xf7, 0x7c, 0x40, 0x3, 0x0, 0x88, 0xbc,
    0x1, 0x5a, 0x1, 0xff, 0xfe, 0x0, 0x5a, 0x80,
    0x7f, 0xf0, 0x2b, 0x0, 0x3f, 0x80
};


/*---------------------
 *  GLYPH DESCRIPTION
 *--------------------*/

static const lv_font_fmt_txt_glyph_dsc_t glyph_dsc[] = {
    {.bitmap_index = 0, .adv_w = 0, .box_w = 0, .box_h = 0, .ofs_x = 0, .ofs_y = 0} /* id = 0 reserved */,
    {.bitmap_index = 0, .adv_w = 52, .box_w = 0, .box_h = 0, .ofs_x = 0, .ofs_y = 0},
    {.bitmap_index = 0, .adv_w = 51, .box_w = 3, .box_h = 9, .ofs_x = 0, .ofs_y = 0},
    {.bitmap_index = 13, .adv_w = 75, .box_w = 4, .box_h = 4, .ofs_x = 0, .ofs_y = 5},
    {.bitmap_index = 20, .adv_w = 135, .box_w = 9, .box_h = 9, .ofs_x = 0, .ofs_y = 0},
    {.bitmap_index = 61, .adv_w = 119, .box_w = 7, .box_h = 13, .ofs_x = 0, .ofs_y = -2},
    {.bitmap_index = 103, .adv_w = 162, .box_w = 10, .box_h = 9, .ofs_x = 0, .ofs_y = 0},
    {.bitmap_index = 149, .adv_w = 132, .box_w = 9, .box_h = 10, .ofs_x = 0, .ofs_y = -1},
    {.bitmap_index = 193, .adv_w = 40, .box_w = 2, .box_h = 4, .ofs_x = 0, .ofs_y = 5},
    {.bitmap_index = 198, .adv_w = 65, .box_w = 3, .box_h = 13, .ofs_x = 1, .ofs_y = -3},
    {.bitmap_index = 218, .adv_w = 65, .box_w = 3, .box_h = 13, .ofs_x = 0, .ofs_y = -3},
    {.bitmap_index = 238, .adv_w = 77, .box_w = 5, .box_h = 5, .ofs_x = 0, .ofs_y = 5},
    {.bitmap_index = 251, .adv_w = 112, .box_w = 7, .box_h = 6, .ofs_x = 0, .ofs_y = 2},
    {.bitmap_index = 269, .adv_w = 44, .box_w = 3, .box_h = 4, .ofs_x = 0, .ofs_y = -2},
    {.bitmap_index = 275, .adv_w = 74, .box_w = 4, .box_h = 2, .ofs_x = 0, .ofs_y = 2},
    {.bitmap_index = 280, .adv_w = 44, .box_w = 3, .box_h = 2, .ofs_x = 0, .ofs_y = 0},
    {.bitmap_index = 283, .adv_w = 68, .box_w = 6, .box_h = 13, .ofs_x = -1, .ofs_y = -1},
    {.bitmap_index = 317, .adv_w = 128, .box_w = 8, .box_h = 9, .ofs_x = 0, .ofs_y = 0},
    {.bitmap_index = 353, .adv_w = 71, .box_w = 4, .box_h = 9, .ofs_x = 0, .ofs_y = 0},
    {.bitmap_index = 362, .adv_w = 110, .box_w = 7, .box_h = 9, .ofs_x = 0, .ofs_y = 0},
    {.bitmap_index = 393, .adv_w = 110, .box_w = 7, .box_h = 9, .ofs_x = 0, .ofs_y = 0},
    {.bitmap_index = 422, .adv_w = 128, .box_w = 8, .box_h = 9, .ofs_x = 0, .ofs_y = 0},
    {.bitmap_index = 453, .adv_w = 110, .box_w = 7, .box_h = 9, .ofs_x = 0, .ofs_y = 0},
    {.bitmap_index = 482, .adv_w = 118, .box_w = 8, .box_h = 9, .ofs_x = 0, .ofs_y = 0},
    {.bitmap_index = 517, .adv_w = 115, .box_w = 7, .box_h = 9, .ofs_x = 0, .ofs_y = 0},
    {.bitmap_index = 545, .adv_w = 124, .box_w = 8, .box_h = 9, .ofs_x = 0, .ofs_y = 0},
    {.bitmap_index = 582, .adv_w = 118, .box_w = 7, .box_h = 9, .ofs_x = 0, .ofs_y = 0},
    {.bitmap_index = 614, .adv_w = 44, .box_w = 3, .box_h = 7, .ofs_x = 0, .ofs_y = 0},
    {.bitmap_index = 623, .adv_w = 44, .box_w = 3, .box_h = 9, .ofs_x = 0, .ofs_y = -2},
    {.bitmap_index = 635, .adv_w = 112, .box_w = 7, .box_h = 7, .ofs_x = 0, .ofs_y = 1},
    {.bitmap_index = 659, .adv_w = 112, .box_w = 7, .box_h = 5, .ofs_x = 0, .ofs_y = 2},
    {.bitmap_index = 671, .adv_w = 112, .box_w = 7, .box_h = 7, .ofs_x = 0, .ofs_y = 1},
    {.bitmap_index = 694, .adv_w = 110, .box_w = 7, .box_h = 9, .ofs_x = 0, .ofs_y = 0},
    {.bitmap_index = 722, .adv_w = 199, .box_w = 12, .box_h = 12, .ofs_x = 0, .ofs_y = -3},
    {.bitmap_index = 794, .adv_w = 141, .box_w = 10, .box_h = 9, .ofs_x = -1, .ofs_y = 0},
    {.bitmap_index = 833, .adv_w = 145, .box_w = 8, .box_h = 9, .ofs_x = 1, .ofs_y = 0},
    {.bitmap_index = 867, .adv_w = 137, .box_w = 9, .box_h = 9, .ofs_x = 0, .ofs_y = 0},
    {.bitmap_index = 903, .adv_w = 159, .box_w = 9, .box_h = 9, .ofs_x = 1, .ofs_y = 0},
    {.bitmap_index = 937, .adv_w = 129, .box_w = 7, .box_h = 9, .ofs_x = 1, .ofs_y = 0},
    {.bitmap_index = 963, .adv_w = 122, .box_w = 7, .box_h = 9, .ofs_x = 1, .ofs_y = 0},
    {.bitmap_index = 985, .adv_w = 148, .box_w = 9, .box_h = 9, .ofs_x = 0, .ofs_y = 0},
    {.bitmap_index = 1022, .adv_w = 156, .box_w = 8, .box_h = 9, .ofs_x = 1, .ofs_y = 0},
    {.bitmap_index = 1041, .adv_w = 60, .box_w = 2, .box_h = 9, .ofs_x = 1, .ofs_y = 0},
    {.bitmap_index = 1046, .adv_w = 98, .box_w = 6, .box_h = 9, .ofs_x = -1, .ofs_y = 0},
    {.bitmap_index = 1065, .adv_w = 138, .box_w = 8, .box_h = 9, .ofs_x = 1, .ofs_y = 0},
    {.bitmap_index = 1097, .adv_w = 114, .box_w = 7, .box_h = 9, .ofs_x = 1, .ofs_y = 0},
    {.bitmap_index = 1107, .adv_w = 183, .box_w = 10, .box_h = 9, .ofs_x = 1, .ofs_y = 0},
    {.bitmap_index = 1144, .adv_w = 156, .box_w = 8, .box_h = 9, .ofs_x = 1, .ofs_y = 0},
    {.bitmap_index = 1171, .adv_w = 161, .box_w = 10, .box_h = 9, .ofs_x = 0, .ofs_y = 0},
    {.bitmap_index = 1213, .adv_w = 139, .box_w = 8, .box_h = 9, .ofs_x = 1, .ofs_y = 0},
    {.bitmap_index = 1245, .adv_w = 161, .box_w = 10, .box_h = 12, .ofs_x = 0, .ofs_y = -3},
    {.bitmap_index = 1300, .adv_w = 140, .box_w = 8, .box_h = 9, .ofs_x = 1, .ofs_y = 0},
    {.bitmap_index = 1334, .adv_w = 119, .box_w = 7, .box_h = 9, .ofs_x = 0, .ofs_y = 0},
    {.bitmap_index = 1366, .adv_w = 113, .box_w = 7, .box_h = 9, .ofs_x = 0, .ofs_y = 0},
    {.bitmap_index = 1378, .adv_w = 152, .box_w = 8, .box_h = 9, .ofs_x = 1, .ofs_y = 0},
    {.bitmap_index = 1400, .adv_w = 137, .box_w = 10, .box_h = 9, .ofs_x = -1, .ofs_y = 0},
    {.bitmap_index = 1439, .adv_w = 216, .box_w = 14, .box_h = 9, .ofs_x = 0, .ofs_y = 0},
    {.bitmap_index = 1500, .adv_w = 129, .box_w = 8, .box_h = 9, .ofs_x = 0, .ofs_y = 0},
    {.bitmap_index = 1535, .adv_w = 124, .box_w = 9, .box_h = 9, .ofs_x = -1, .ofs_y = 0},
    {.bitmap_index = 1565, .adv_w = 126, .box_w = 8, .box_h = 9, .ofs_x = 0, .ofs_y = 0},
    {.bitmap_index = 1595, .adv_w = 64, .box_w = 3, .box_h = 13, .ofs_x = 1, .ofs_y = -3},
    {.bitmap_index = 1603, .adv_w = 68, .box_w = 6, .box_h = 13, .ofs_x = -1, .ofs_y = -1},
    {.bitmap_index = 1635, .adv_w = 64, .box_w = 3, .box_h = 13, .ofs_x = 0, .ofs_y = -3},
    {.bitmap_index = 1645, .adv_w = 112, .box_w = 7, .box_h = 6, .ofs_x = 0, .ofs_y = 2},
    {.bitmap_index = 1665, .adv_w = 96, .box_w = 6, .box_h = 1, .ofs_x = 0, .ofs_y = -1},
    {.bitmap_index = 1667, .adv_w = 115, .box_w = 4, .box_h = 2, .ofs_x = 1, .ofs_y = 8},
    {.bitmap_index = 1672, .adv_w = 115, .box_w = 7, .box_h = 7, .ofs_x = 0, .ofs_y = 0},
    {.bitmap_index = 1696, .adv_w = 131, .box_w = 7, .box_h = 10, .ofs_x = 1, .ofs_y = 0},
    {.bitmap_index = 1725, .adv_w = 110, .box_w = 7, .box_h = 7, .ofs_x = 0, .ofs_y = 0},
    {.bitmap_index = 1748, .adv_w = 131, .box_w = 8, .box_h = 10, .ofs_x = 0, .ofs_y = 0},
    {.bitmap_index = 1782, .adv_w = 118, .box_w = 7, .box_h = 7, .ofs_x = 0, .ofs_y = 0},
    {.bitmap_index = 1807, .adv_w = 68, .box_w = 5, .box_h = 10, .ofs_x = 0, .ofs_y = 0},
    {.bitmap_index = 1823, .adv_w = 132, .box_w = 8, .box_h = 10, .ofs_x = 0, .ofs_y = -3},
    {.bitmap_index = 1863, .adv_w = 131, .box_w = 7, .box_h = 10, .ofs_x = 1, .ofs_y = 0},
    {.bitmap_index = 1886, .adv_w = 54, .box_w = 3, .box_h = 10, .ofs_x = 0, .ofs_y = 0},
    {.bitmap_index = 1896, .adv_w = 55, .box_w = 5, .box_h = 13, .ofs_x = -2, .ofs_y = -3},
    {.bitmap_index = 1913, .adv_w = 118, .box_w = 7, .box_h = 10, .ofs_x = 1, .ofs_y = 0},
    {.bitmap_index = 1937, .adv_w = 54, .box_w = 2, .box_h = 10, .ofs_x = 1, .ofs_y = 0},
    {.bitmap_index = 1942, .adv_w = 203, .box_w = 11, .box_h = 7, .ofs_x = 1, .ofs_y = 0},
    {.bitmap_index = 1968, .adv_w = 131, .box_w = 7, .box_h = 7, .ofs_x = 1, .ofs_y = 0},
    {.bitmap_index = 1987, .adv_w = 122, .box_w = 8, .box_h = 7, .ofs_x = 0, .ofs_y = 0},
    {.bitmap_index = 2015, .adv_w = 131, .box_w = 7, .box_h = 10, .ofs_x = 1, .ofs_y = -3},
    {.bitmap_index = 2046, .adv_w = 131, .box_w = 8, .box_h = 10, .ofs_x = 0, .ofs_y = -3},
    {.bitmap_index = 2080, .adv_w = 79, .box_w = 4, .box_h = 7, .ofs_x = 1, .ofs_y = 0},
    {.bitmap_index = 2091, .adv_w = 96, .box_w = 6, .box_h = 7, .ofs_x = 0, .ofs_y = 0},
    {.bitmap_index = 2112, .adv_w = 79, .box_w = 5, .box_h = 9, .ofs_x = 0, .ofs_y = 0},
    {.bitmap_index = 2130, .adv_w = 130, .box_w = 7, .box_h = 7, .ofs_x = 1, .ofs_y = 0},
    {.bitmap_index = 2148, .adv_w = 107, .box_w = 8, .box_h = 7, .ofs_x = -1, .ofs_y = 0},
    {.bitmap_index = 2175, .adv_w = 173, .box_w = 11, .box_h = 7, .ofs_x = 0, .ofs_y = 0},
    {.bitmap_index = 2215, .adv_w = 106, .box_w = 7, .box_h = 7, .ofs_x = 0, .ofs_y = 0},
    {.bitmap_index = 2240, .adv_w = 107, .box_w = 8, .box_h = 10, .ofs_x = -1, .ofs_y = -3},
    {.bitmap_index = 2277, .adv_w = 100, .box_w = 6, .box_h = 7, .ofs_x = 0, .ofs_y = 0},
    {.bitmap_index = 2298, .adv_w = 67, .box_w = 4, .box_h = 13, .ofs_x = 0, .ofs_y = -3},
    {.bitmap_index = 2320, .adv_w = 57, .box_w = 2, .box_h = 13, .ofs_x = 1, .ofs_y = -3},
    {.bitmap_index = 2325, .adv_w = 67, .box_w = 4, .box_h = 13, .ofs_x = 0, .ofs_y = -3},
    {.bitmap_index = 2346, .adv_w = 112, .box_w = 7, .box_h = 2, .ofs_x = 0, .ofs_y = 3},
    {.bitmap_index = 2354, .adv_w = 52, .box_w = 0, .box_h = 0, .ofs_x = 0, .ofs_y = 0},
    {.bitmap_index = 2354, .adv_w = 51, .box_w = 3, .box_h = 9, .ofs_x = 0, .ofs_y = -2},
    {.bitmap_index = 2367, .adv_w = 110, .box_w = 7, .box_h = 11, .ofs_x = 0, .ofs_y = -2},
    {.bitmap_index = 2401, .adv_w = 124, .box_w = 8, .box_h = 9, .ofs_x = 0, .ofs_y = 0},
    {.bitmap_index = 2432, .adv_w = 134, .box_w = 9, .box_h = 9, .ofs_x = 0, .ofs_y = 0},
    {.bitmap_index = 2472, .adv_w = 136, .box_w = 10, .box_h = 9, .ofs_x = -1, .ofs_y = 0},
    {.bitmap_index = 2514, .adv_w = 57, .box_w = 2, .box_h = 13, .ofs_x = 1, .ofs_y = -3},
    {.bitmap_index = 2524, .adv_w = 96, .box_w = 6, .box_h = 12, .ofs_x = 0, .ofs_y = -3},
    {.bitmap_index = 2561, .adv_w = 115, .box_w = 5, .box_h = 3, .ofs_x = 1, .ofs_y = 7},
    {.bitmap_index = 2568, .adv_w = 154, .box_w = 10, .box_h = 10, .ofs_x = 0, .ofs_y = 0},
    {.bitmap_index = 2615, .adv_w = 78, .box_w = 5, .box_h = 4, .ofs_x = 0, .ofs_y = 5},
    {.bitmap_index = 2625, .adv_w = 97, .box_w = 6, .box_h = 6, .ofs_x = 0, .ofs_y = 1},
    {.bitmap_index = 2642, .adv_w = 112, .box_w = 7, .box_h = 4, .ofs_x = 0, .ofs_y = 1},
    {.bitmap_index = 2653, .adv_w = 154, .box_w = 10, .box_h = 10, .ofs_x = 0, .ofs_y = 0},
    {.bitmap_index = 2701, .adv_w = 115, .box_w = 5, .box_h = 1, .ofs_x = 1, .ofs_y = 8},
    {.bitmap_index = 2704, .adv_w = 80, .box_w = 5, .box_h = 5, .ofs_x = 0, .ofs_y = 5},
    {.bitmap_index = 2717, .adv_w = 112, .box_w = 7, .box_h = 8, .ofs_x = 0, .ofs_y = 0},
    {.bitmap_index = 2740, .adv_w = 83, .box_w = 5, .box_h = 5, .ofs_x = 0, .ofs_y = 4},
    {.bitmap_index = 2753, .adv_w = 83, .box_w = 5, .box_h = 5, .ofs_x = 0, .ofs_y = 4},
    {.bitmap_index = 2766, .adv_w = 115, .box_w = 4, .box_h = 2, .ofs_x = 2, .ofs_y = 8},
    {.bitmap_index = 2771, .adv_w = 131, .box_w = 7, .box_h = 10, .ofs_x = 1, .ofs_y = -3},
    {.bitmap_index = 2794, .adv_w = 124, .box_w = 7, .box_h = 11, .ofs_x = 0, .ofs_y = -1},
    {.bitmap_index = 2814, .adv_w = 51, .box_w = 3, .box_h = 2, .ofs_x = 0, .ofs_y = 3},
    {.bitmap_index = 2817, .adv_w = 115, .box_w = 3, .box_h = 4, .ofs_x = 2, .ofs_y = -3},
    {.bitmap_index = 2823, .adv_w = 83, .box_w = 5, .box_h = 5, .ofs_x = 0, .ofs_y = 4},
    {.bitmap_index = 2833, .adv_w = 80, .box_w = 5, .box_h = 4, .ofs_x = 0, .ofs_y = 5},
    {.bitmap_index = 2843, .adv_w = 97, .box_w = 6, .box_h = 6, .ofs_x = 0, .ofs_y = 1},
    {.bitmap_index = 2860, .adv_w = 199, .box_w = 13, .box_h = 10, .ofs_x = 0, .ofs_y = -1},
    {.bitmap_index = 2912, .adv_w = 199, .box_w = 12, .box_h = 9, .ofs_x = 0, .ofs_y = 0},
    {.bitmap_index = 2959, .adv_w = 199, .box_w = 13, .box_h = 10, .ofs_x = 0, .ofs_y = -1},
    {.bitmap_index = 3018, .adv_w = 110, .box_w = 7, .box_h = 10, .ofs_x = 0, .ofs_y = -3},
    {.bitmap_index = 3049, .adv_w = 141, .box_w = 10, .box_h = 12, .ofs_x = -1, .ofs_y = 0},
    {.bitmap_index = 3097, .adv_w = 141, .box_w = 10, .box_h = 12, .ofs_x = -1, .ofs_y = 0},
    {.bitmap_index = 3146, .adv_w = 141, .box_w = 10, .box_h = 12, .ofs_x = -1, .ofs_y = 0},
    {.bitmap_index = 3196, .adv_w = 141, .box_w = 10, .box_h = 12, .ofs_x = -1, .ofs_y = 0},
    {.bitmap_index = 3247, .adv_w = 141, .box_w = 10, .box_h = 12, .ofs_x = -1, .ofs_y = 0},
    {.bitmap_index = 3295, .adv_w = 141, .box_w = 10, .box_h = 13, .ofs_x = -1, .ofs_y = 0},
    {.bitmap_index = 3345, .adv_w = 201, .box_w = 13, .box_h = 9, .ofs_x = -1, .ofs_y = 0},
    {.bitmap_index = 3392, .adv_w = 137, .box_w = 9, .box_h = 12, .ofs_x = 0, .ofs_y = -3},
    {.bitmap_index = 3439, .adv_w = 129, .box_w = 7, .box_h = 12, .ofs_x = 1, .ofs_y = 0},
    {.bitmap_index = 3473, .adv_w = 129, .box_w = 7, .box_h = 12, .ofs_x = 1, .ofs_y = 0},
    {.bitmap_index = 3509, .adv_w = 129, .box_w = 7, .box_h = 12, .ofs_x = 1, .ofs_y = 0},
    {.bitmap_index = 3545, .adv_w = 129, .box_w = 7, .box_h = 12, .ofs_x = 1, .ofs_y = 0},
    {.bitmap_index = 3580, .adv_w = 60, .box_w = 4, .box_h = 12, .ofs_x = -1, .ofs_y = 0},
    {.bitmap_index = 3592, .adv_w = 60, .box_w = 5, .box_h = 12, .ofs_x = 0, .ofs_y = 0},
    {.bitmap_index = 3605, .adv_w = 60, .box_w = 6, .box_h = 12, .ofs_x = -1, .ofs_y = 0},
    {.bitmap_index = 3619, .adv_w = 60, .box_w = 4, .box_h = 12, .ofs_x = 0, .ofs_y = 0},
    {.bitmap_index = 3630, .adv_w = 160, .box_w = 10, .box_h = 9, .ofs_x = 0, .ofs_y = 0},
    {.bitmap_index = 3671, .adv_w = 156, .box_w = 8, .box_h = 12, .ofs_x = 1, .ofs_y = 0},
    {.bitmap_index = 3710, .adv_w = 161, .box_w = 10, .box_h = 12, .ofs_x = 0, .ofs_y = 0},
    {.bitmap_index = 3762, .adv_w = 161, .box_w = 10, .box_h = 12, .ofs_x = 0, .ofs_y = 0},
    {.bitmap_index = 3814, .adv_w = 161, .box_w = 10, .box_h = 12, .ofs_x = 0, .ofs_y = 0},
    {.bitmap_index = 3867, .adv_w = 161, .box_w = 10, .box_h = 12, .ofs_x = 0, .ofs_y = 0},
    {.bitmap_index = 3922, .adv_w = 161, .box_w = 10, .box_h = 13, .ofs_x = 0, .ofs_y = 0},
    {.bitmap_index = 3977, .adv_w = 112, .box_w = 5, .box_h = 6, .ofs_x = 1, .ofs_y = 2},
    {.bitmap_index = 3991, .adv_w = 161, .box_w = 10, .box_h = 11, .ofs_x = 0, .ofs_y = -1},
    {.bitmap_index = 4046, .adv_w = 152, .box_w = 8, .box_h = 12, .ofs_x = 1, .ofs_y = 0},
    {.bitmap_index = 4078, .adv_w = 152, .box_w = 8, .box_h = 12, .ofs_x = 1, .ofs_y = 0},
    {.bitmap_index = 4109, .adv_w = 152, .box_w = 8, .box_h = 12, .ofs_x = 1, .ofs_y = 0},
    {.bitmap_index = 4142, .adv_w = 152, .box_w = 8, .box_h = 13, .ofs_x = 1, .ofs_y = 0},
    {.bitmap_index = 4176, .adv_w = 124, .box_w = 9, .box_h = 12, .ofs_x = -1, .ofs_y = 0},
    {.bitmap_index = 4216, .adv_w = 139, .box_w = 8, .box_h = 9, .ofs_x = 1, .ofs_y = 0},
    {.bitmap_index = 4249, .adv_w = 130, .box_w = 7, .box_h = 10, .ofs_x = 1, .ofs_y = 0},
    {.bitmap_index = 4282, .adv_w = 115, .box_w = 7, .box_h = 10, .ofs_x = 0, .ofs_y = 0},
    {.bitmap_index = 4315, .adv_w = 115, .box_w = 7, .box_h = 10, .ofs_x = 0, .ofs_y = 0},
    {.bitmap_index = 4349, .adv_w = 115, .box_w = 7, .box_h = 10, .ofs_x = 0, .ofs_y = 0},
    {.bitmap_index = 4384, .adv_w = 115, .box_w = 7, .box_h = 10, .ofs_x = 0, .ofs_y = 0},
    {.bitmap_index = 4419, .adv_w = 115, .box_w = 7, .box_h = 10, .ofs_x = 0, .ofs_y = 0},
    {.bitmap_index = 4453, .adv_w = 115, .box_w = 7, .box_h = 11, .ofs_x = 0, .ofs_y = 0},
    {.bitmap_index = 4489, .adv_w = 190, .box_w = 12, .box_h = 7, .ofs_x = 0, .ofs_y = 0},
    {.bitmap_index = 4531, .adv_w = 110, .box_w = 7, .box_h = 10, .ofs_x = 0, .ofs_y = -3},
    {.bitmap_index = 4564, .adv_w = 118, .box_w = 7, .box_h = 10, .ofs_x = 0, .ofs_y = 0},
    {.bitmap_index = 4598, .adv_w = 118, .box_w = 7, .box_h = 10, .ofs_x = 0, .ofs_y = 0},
    {.bitmap_index = 4631, .adv_w = 118, .box_w = 7, .box_h = 10, .ofs_x = 0, .ofs_y = 0},
    {.bitmap_index = 4666, .adv_w = 118, .box_w = 7, .box_h = 10, .ofs_x = 0, .ofs_y = 0},
    {.bitmap_index = 4700, .adv_w = 54, .box_w = 4, .box_h = 10, .ofs_x = -1, .ofs_y = 0},
    {.bitmap_index = 4712, .adv_w = 54, .box_w = 4, .box_h = 10, .ofs_x = 0, .ofs_y = 0},
    {.bitmap_index = 4723, .adv_w = 54, .box_w = 5, .box_h = 10, .ofs_x = -1, .ofs_y = 0},
    {.bitmap_index = 4736, .adv_w = 54, .box_w = 4, .box_h = 10, .ofs_x = 0, .ofs_y = 0},
    {.bitmap_index = 4747, .adv_w = 115, .box_w = 7, .box_h = 10, .ofs_x = 0, .ofs_y = 0},
    {.bitmap_index = 4781, .adv_w = 131, .box_w = 7, .box_h = 10, .ofs_x = 1, .ofs_y = 0},
    {.bitmap_index = 4811, .adv_w = 122, .box_w = 8, .box_h = 10, .ofs_x = 0, .ofs_y = 0},
    {.bitmap_index = 4848, .adv_w = 122, .box_w = 8, .box_h = 10, .ofs_x = 0, .ofs_y = 0},
    {.bitmap_index = 4885, .adv_w = 122, .box_w = 8, .box_h = 10, .ofs_x = 0, .ofs_y = 0},
    {.bitmap_index = 4924, .adv_w = 122, .box_w = 8, .box_h = 10, .ofs_x = 0, .ofs_y = 0},
    {.bitmap_index = 4963, .adv_w = 122, .box_w = 8, .box_h = 10, .ofs_x = 0, .ofs_y = 0},
    {.bitmap_index = 5002, .adv_w = 112, .box_w = 7, .box_h = 7, .ofs_x = 0, .ofs_y = 1},
    {.bitmap_index = 5023, .adv_w = 122, .box_w = 8, .box_h = 9, .ofs_x = 0, .ofs_y = -1},
    {.bitmap_index = 5060, .adv_w = 130, .box_w = 7, .box_h = 10, .ofs_x = 1, .ofs_y = 0},
    {.bitmap_index = 5086, .adv_w = 130, .box_w = 7, .box_h = 10, .ofs_x = 1, .ofs_y = 0},
    {.bitmap_index = 5113, .adv_w = 130, .box_w = 7, .box_h = 10, .ofs_x = 1, .ofs_y = 0},
    {.bitmap_index = 5141, .adv_w = 130, .box_w = 7, .box_h = 10, .ofs_x = 1, .ofs_y = 0},
    {.bitmap_index = 5169, .adv_w = 107, .box_w = 8, .box_h = 13, .ofs_x = -1, .ofs_y = -3},
    {.bitmap_index = 5215, .adv_w = 131, .box_w = 7, .box_h = 13, .ofs_x = 1, .ofs_y = -3},
    {.bitmap_index = 5250, .adv_w = 107, .box_w = 8, .box_h = 13, .ofs_x = -1, .ofs_y = -3},
    {.bitmap_index = 5298, .adv_w = 96, .box_w = 6, .box_h = 1, .ofs_x = 0, .ofs_y = 3},
    {.bitmap_index = 5300, .adv_w = 192, .box_w = 12, .box_h = 1, .ofs_x = 0, .ofs_y = 3},
    {.bitmap_index = 5304, .adv_w = 44, .box_w = 3, .box_h = 4, .ofs_x = 0, .ofs_y = 6},
    {.bitmap_index = 5311, .adv_w = 44, .box_w = 3, .box_h = 4, .ofs_x = 0, .ofs_y = 6},
    {.bitmap_index = 5317, .adv_w = 80, .box_w = 5, .box_h = 4, .ofs_x = 0, .ofs_y = 6},
    {.bitmap_index = 5328, .adv_w = 80, .box_w = 5, .box_h = 4, .ofs_x = 0, .ofs_y = 6},
    {.bitmap_index = 5339, .adv_w = 60, .box_w = 3, .box_h = 3, .ofs_x = 0, .ofs_y = 2},
    {.bitmap_index = 5344, .adv_w = 133, .box_w = 8, .box_h = 2, .ofs_x = 0, .ofs_y = 0},
    {.bitmap_index = 5353, .adv_w = 156, .box_w = 8, .box_h = 13, .ofs_x = 1, .ofs_y = -2},
    {.bitmap_index = 5402, .adv_w = 138, .box_w = 8, .box_h = 13, .ofs_x = 0, .ofs_y = -2},
    {.bitmap_index = 5449, .adv_w = 138, .box_w = 7, .box_h = 13, .ofs_x = 0, .ofs_y = -2},
    {.bitmap_index = 5489, .adv_w = 192, .box_w = 12, .box_h = 13, .ofs_x = 0, .ofs_y = -2},
    {.bitmap_index = 5545, .adv_w = 192, .box_w = 12, .box_h = 13, .ofs_x = 0, .ofs_y = -2},
    {.bitmap_index = 5617, .adv_w = 192, .box_w = 14, .box_h = 11, .ofs_x = -1, .ofs_y = -1},
    {.bitmap_index = 5675, .adv_w = 216, .box_w = 14, .box_h = 13, .ofs_x = 0, .ofs_y = -2},
    {.bitmap_index = 5742, .adv_w = 192, .box_w = 12, .box_h = 9, .ofs_x = 0, .ofs_y = 0},
    {.bitmap_index = 5788, .adv_w = 192, .box_w = 12, .box_h = 11, .ofs_x = 0, .ofs_y = -1},
    {.bitmap_index = 5838, .adv_w = 192, .box_w = 12, .box_h = 9, .ofs_x = 0, .ofs_y = 0},
    {.bitmap_index = 5884, .adv_w = 132, .box_w = 9, .box_h = 9, .ofs_x = 0, .ofs_y = 0},
    {.bitmap_index = 5926, .adv_w = 192, .box_w = 12, .box_h = 13, .ofs_x = 0, .ofs_y = -2},
    {.bitmap_index = 6000, .adv_w = 192, .box_w = 12, .box_h = 13, .ofs_x = 0, .ofs_y = -2},
    {.bitmap_index = 6071, .adv_w = 192, .box_w = 12, .box_h = 13, .ofs_x = 0, .ofs_y = -2},
    {.bitmap_index = 6144, .adv_w = 192, .box_w = 12, .box_h = 13, .ofs_x = 0, .ofs_y = -2},
    {.bitmap_index = 6219, .adv_w = 216, .box_w = 14, .box_h = 11, .ofs_x = 0, .ofs_y = -1},
    {.bitmap_index = 6279, .adv_w = 192, .box_w = 12, .box_h = 13, .ofs_x = 0, .ofs_y = -2},
    {.bitmap_index = 6333, .adv_w = 216, .box_w = 14, .box_h = 9, .ofs_x = 0, .ofs_y = 0},
    {.bitmap_index = 6381, .adv_w = 192, .box_w = 12, .box_h = 13, .ofs_x = 0, .ofs_y = -2},
    {.bitmap_index = 6454, .adv_w = 96, .box_w = 6, .box_h = 10, .ofs_x = 0, .ofs_y = -1},
    {.bitmap_index = 6477, .adv_w = 144, .box_w = 9, .box_h = 10, .ofs_x = 0, .ofs_y = -1},
    {.bitmap_index = 6512, .adv_w = 216, .box_w = 14, .box_h = 13, .ofs_x = 0, .ofs_y = -2},
    {.bitmap_index = 6586, .adv_w = 168, .box_w = 11, .box_h = 11, .ofs_x = 0, .ofs_y = -1},
    {.bitmap_index = 6639, .adv_w = 192, .box_w = 12, .box_h = 11, .ofs_x = 0, .ofs_y = -1},
    {.bitmap_index = 6694, .adv_w = 192, .box_w = 12, .box_h = 9, .ofs_x = 0, .ofs_y = 0},
    {.bitmap_index = 6736, .adv_w = 132, .box_w = 9, .box_h = 13, .ofs_x = 0, .ofs_y = -2},
    {.bitmap_index = 6786, .adv_w = 168, .box_w = 8, .box_h = 12, .ofs_x = 1, .ofs_y = -2},
    {.bitmap_index = 6823, .adv_w = 168, .box_w = 11, .box_h = 13, .ofs_x = 0, .ofs_y = -2},
    {.bitmap_index = 6869, .adv_w = 168, .box_w = 11, .box_h = 11, .ofs_x = 0, .ofs_y = -1},
    {.bitmap_index = 6896, .adv_w = 168, .box_w = 11, .box_h = 11, .ofs_x = 0, .ofs_y = -1},
    {.bitmap_index = 6913, .adv_w = 168, .box_w = 8, .box_h = 12, .ofs_x = 1, .ofs_y = -2},
    {.bitmap_index = 6951, .adv_w = 168, .box_w = 12, .box_h = 11, .ofs_x = -1, .ofs_y = -1},
    {.bitmap_index = 6998, .adv_w = 120, .box_w = 7, .box_h = 11, .ofs_x = 0, .ofs_y = -1},
    {.bitmap_index = 7034, .adv_w = 120, .box_w = 7, .box_h = 11, .ofs_x = 0, .ofs_y = -1},
    {.bitmap_index = 7071, .adv_w = 168, .box_w = 11, .box_h = 11, .ofs_x = 0, .ofs_y = -1},
    {.bitmap_index = 7110, .adv_w = 168, .box_w = 11, .box_h = 3, .ofs_x = 0, .ofs_y = 3},
    {.bitmap_index = 7119, .adv_w = 216, .box_w = 14, .box_h = 9, .ofs_x = 0, .ofs_y = 0},
    {.bitmap_index = 7181, .adv_w = 240, .box_w = 16, .box_h = 13, .ofs_x = 0, .ofs_y = -2},
    {.bitmap_index = 7272, .adv_w = 216, .box_w = 15, .box_h = 13, .ofs_x = -1, .ofs_y = -2},
    {.bitmap_index = 7347, .adv_w = 192, .box_w = 12, .box_h = 11, .ofs_x = 0, .ofs_y = -1},
    {.bitmap_index = 7406, .adv_w = 168, .box_w = 11, .box_h = 7, .ofs_x = 0, .ofs_y = 1},
    {.bitmap_index = 7440, .adv_w = 168, .box_w = 11, .box_h = 7, .ofs_x = 0, .ofs_y = 1},
    {.bitmap_index = 7474, .adv_w = 240, .box_w = 16, .box_h = 10, .ofs_x = -1, .ofs_y = 0},
    {.bitmap_index = 7534, .adv_w = 192, .box_w = 12, .box_h = 9, .ofs_x = 0, .ofs_y = 0},
    {.bitmap_index = 7554, .adv_w = 192, .box_w = 12, .box_h = 13, .ofs_x = 0, .ofs_y = -2},
    {.bitmap_index = 7611, .adv_w = 192, .box_w = 13, .box_h = 13, .ofs_x = -1, .ofs_y = -2},
    {.bitmap_index = 7675, .adv_w = 168, .box_w = 11, .box_h = 11, .ofs_x = 0, .ofs_y = -1},
    {.bitmap_index = 7736, .adv_w = 168, .box_w = 11, .box_h = 13, .ofs_x = 0, .ofs_y = -2},
    {.bitmap_index = 7776, .adv_w = 168, .box_w = 11, .box_h = 11, .ofs_x = 0, .ofs_y = -1},
    {.bitmap_index = 7820, .adv_w = 168, .box_w = 11, .box_h = 11, .ofs_x = 0, .ofs_y = -1},
    {.bitmap_index = 7852, .adv_w = 192, .box_w = 12, .box_h = 9, .ofs_x = 0, .ofs_y = 0},
    {.bitmap_index = 7891, .adv_w = 120, .box_w = 9, .box_h = 13, .ofs_x = -1, .ofs_y = -2},
    {.bitmap_index = 7937, .adv_w = 168, .box_w = 11, .box_h = 13, .ofs_x = 0, .ofs_y = -2},
    {.bitmap_index = 7982, .adv_w = 168, .box_w = 11, .box_h = 13, .ofs_x = 0, .ofs_y = -2},
    {.bitmap_index = 8035, .adv_w = 216, .box_w = 14, .box_h = 9, .ofs_x = 0, .ofs_y = 0},
    {.bitmap_index = 8091, .adv_w = 192, .box_w = 14, .box_h = 13, .ofs_x = -1, .ofs_y = -2},
    {.bitmap_index = 8154, .adv_w = 144, .box_w = 10, .box_h = 13, .ofs_x = 0, .ofs_y = -2},
    {.bitmap_index = 8214, .adv_w = 144, .box_w = 9, .box_h = 13, .ofs_x = 0, .ofs_y = -2},
    {.bitmap_index = 8237, .adv_w = 192, .box_w = 12, .box_h = 13, .ofs_x = 0, .ofs_y = -2},
    {.bitmap_index = 8289, .adv_w = 192, .box_w = 12, .box_h = 13, .ofs_x = 0, .ofs_y = -2},
    {.bitmap_index = 8345, .adv_w = 168, .box_w = 11, .box_h = 13, .ofs_x = 0, .ofs_y = -2},
    {.bitmap_index = 8403, .adv_w = 240, .box_w = 15, .box_h = 12, .ofs_x = 0, .ofs_y = -1},
    {.bitmap_index = 8478, .adv_w = 240, .box_w = 15, .box_h = 9, .ofs_x = 0, .ofs_y = 0},
    {.bitmap_index = 8521, .adv_w = 240, .box_w = 15, .box_h = 9, .ofs_x = 0, .ofs_y = 0},
    {.bitmap_index = 8570, .adv_w = 240, .box_w = 15, .box_h = 9, .ofs_x = 0, .ofs_y = 0},
    {.bitmap_index = 8619, .adv_w = 240, .box_w = 15, .box_h = 9, .ofs_x = 0, .ofs_y = 0},
    {.bitmap_index = 8668, .adv_w = 240, .box_w = 15, .box_h = 9, .ofs_x = 0, .ofs_y = 0},
    {.bitmap_index = 8710, .adv_w = 240, .box_w = 16, .box_h = 11, .ofs_x = 0, .ofs_y = -1},
    {.bitmap_index = 8775, .adv_w = 168, .box_w = 10, .box_h = 13, .ofs_x = 0, .ofs_y = -2},
    {.bitmap_index = 8839, .adv_w = 192, .box_w = 12, .box_h = 13, .ofs_x = 0, .ofs_y = -2},
    {.bitmap_index = 8908, .adv_w = 168, .box_w = 11, .box_h = 13, .ofs_x = 0, .ofs_y = -2},
    {.bitmap_index = 8951, .adv_w = 192, .box_w = 13, .box_h = 13, .ofs_x = -1, .ofs_y = -2},
    {.bitmap_index = 9018, .adv_w = 192, .box_w = 12, .box_h = 13, .ofs_x = 0, .ofs_y = -2},
    {.bitmap_index = 9095, .adv_w = 240, .box_w = 15, .box_h = 9, .ofs_x = 0, .ofs_y = 0},
    {.bitmap_index = 9150, .adv_w = 192, .box_w = 12, .box_h = 11, .ofs_x = 0, .ofs_y = -1},
    {.bitmap_index = 9207, .adv_w = 144, .box_w = 9, .box_h = 13, .ofs_x = 0, .ofs_y = -2},
    {.bitmap_index = 9236, .adv_w = 193, .box_w = 13, .box_h = 9, .ofs_x = 0, .ofs_y = 0}
};

/*---------------------
 *  CHARACTER MAPPING
 *--------------------*/

static const uint16_t unicode_list_3[] = {
    0x0, 0x1, 0x5, 0x6, 0x9, 0xa, 0xf, 0x13,
    0xac, 0x2e1c, 0x2e1d, 0xcfee, 0xcfef, 0xcff1, 0xcff2, 0xcff5,
    0xcff8, 0xcff9, 0xcffa, 0xcffb, 0xcffd, 0xcffe, 0xd000, 0xd002,
    0xd006, 0xd009, 0xd00e, 0xd013, 0xd014, 0xd015, 0xd016, 0xd01d,
    0xd02b, 0xd030, 0xd035, 0xd038, 0xd039, 0xd03a, 0xd03e, 0xd03f,
    0xd040, 0xd041, 0xd054, 0xd055, 0xd05b, 0xd05d, 0xd05e, 0xd061,
    0xd064, 0xd065, 0xd066, 0xd068, 0xd080, 0xd082, 0xd0b1, 0xd0b2,
    0xd0b4, 0xd0b6, 0xd0cd, 0xd0d4, 0xd0d7, 0xd0e0, 0xd109, 0xd111,
    0xd147, 0xd148, 0xd151, 0xd152, 0xd1cd, 0xd1d8, 0xd22d, 0xd22e,
    0xd22f, 0xd230, 0xd231, 0xd274, 0xd280, 0xd2d7, 0xd2da, 0xd2f1,
    0xd366, 0xd547, 0xd57c, 0xd7af, 0xd88f
};

/*Collect the unicode lists and glyph_id offsets*/
static const lv_font_fmt_txt_cmap_t cmaps[] =
{
    {
        .range_start = 32, .range_length = 95, .glyph_id_start = 1,
        .unicode_list = NULL, .glyph_id_ofs_list = NULL, .list_length = 0, .type = LV_FONT_FMT_TXT_CMAP_FORMAT0_TINY
    },
    {
        .range_start = 160, .range_length = 13, .glyph_id_start = 96,
        .unicode_list = NULL, .glyph_id_ofs_list = NULL, .list_length = 0, .type = LV_FONT_FMT_TXT_CMAP_FORMAT0_TINY
    },
    {
        .range_start = 174, .range_length = 82, .glyph_id_start = 109,
        .unicode_list = NULL, .glyph_id_ofs_list = NULL, .list_length = 0, .type = LV_FONT_FMT_TXT_CMAP_FORMAT0_TINY
    },
    {
        .range_start = 8211, .range_length = 55440, .glyph_id_start = 191,
        .unicode_list = unicode_list_3, .glyph_id_ofs_list = NULL, .list_length = 85, .type = LV_FONT_FMT_TXT_CMAP_SPARSE_TINY
    }
};

/*-----------------
 *    KERNING
 *----------------*/


/*Map glyph_ids to kern left classes*/
static const uint8_t kern_left_class_mapping[] =
{
    0, 0, 1, 2, 0, 3, 4, 5,
    2, 6, 0, 7, 8, 9, 8, 9,
    10, 11, 0, 12, 13, 14, 15, 16,
    17, 18, 11, 19, 19, 0, 0, 0,
    20, 21, 0, 0, 0, 0, 0, 0,
    0, 0, 0, 0, 0, 0, 0, 0,
    0, 0, 0, 0, 0, 0, 0, 0,
    0, 0, 0, 0, 22, 23, 0, 0,
    24, 0, 0, 0, 0, 0, 0, 0,
    0, 0, 0, 0, 0, 0, 0, 0,
    0, 0, 0, 0, 0, 0, 0, 0,
    0, 0, 0, 0, 22, 0, 0, 8,
    0, 25, 26, 27, 28, 29, 0, 30,
    0, 21, 0, 31, 0, 21, 0, 32,
    8, 0, 0, 0, 33, 0, 8, 0,
    0, 0, 8, 0, 0, 0, 34, 0,
    0, 0, 0, 0, 0, 0, 0, 0,
    0, 0, 0, 0, 0, 0, 0, 0,
    0, 0, 0, 0, 0, 0, 0, 0,
    0, 0, 0, 0, 0, 0, 0, 0,
    0, 0, 0, 0, 0, 0, 0, 0,
    0, 0, 0, 0, 0, 0, 0, 0,
    0, 0, 0, 0, 0, 0, 8, 0,
    0, 0, 0, 0, 0, 0, 0, 8,
    0, 35, 36, 35, 36, 8, 9, 37,
    0, 0, 0, 0, 0, 0, 0, 0,
    0, 0, 0, 0, 0, 0, 0, 0,
    0, 0, 0, 0, 0, 0, 0, 0,
    0, 0, 0, 0, 0, 0, 0, 0,
    0, 0, 0, 0, 0, 0, 0, 0,
    0, 0, 0, 0, 0, 0, 0, 0,
    0, 0, 0, 0, 0, 0, 0, 0,
    0, 0, 0, 0, 0, 0, 0, 0,
    0, 0, 0, 0, 0, 0, 0, 0,
    0, 0, 0, 0
};

/*Map glyph_ids to kern right classes*/
static const uint8_t kern_right_class_mapping[] =
{
    0, 0, 1, 2, 0, 3, 4, 5,
    2, 0, 6, 7, 8, 9, 8, 9,
    10, 11, 12, 13, 14, 15, 16, 11,
    17, 18, 19, 20, 20, 0, 0, 0,
    21, 22, 0, 0, 0, 0, 0, 0,
    0, 0, 0, 0, 0, 0, 0, 0,
    0, 0, 0, 0, 0, 0, 0, 0,
    0, 0, 0, 0, 23, 24, 25, 0,
    26, 0, 0, 0, 0, 0, 0, 0,
    0, 0, 0, 0, 0, 0, 0, 0,
    0, 0, 0, 0, 0, 0, 0, 0,
    0, 0, 0, 0, 0, 0, 25, 8,
    0, 27, 28, 29, 30, 31, 0, 32,
    0, 22, 0, 8, 8, 22, 0, 33,
    8, 0, 0, 0, 34, 35, 8, 0,
    0, 0, 36, 0, 0, 0, 37, 0,
    0, 0, 0, 0, 0, 0, 0, 0,
    0, 0, 0, 0, 0, 0, 0, 0,
    0, 0, 0, 0, 0, 0, 0, 0,
    0, 0, 0, 0, 0, 0, 0, 0,
    0, 0, 0, 0, 0, 0, 0, 0,
    0, 0, 0, 0, 0, 0, 0, 0,
    0, 0, 0, 0, 0, 0, 8, 0,
    0, 0, 0, 0, 0, 0, 0, 8,
    0, 38, 39, 38, 39, 8, 9, 40,
    0, 0, 0, 0, 0, 0, 0, 0,
    0, 0, 0, 0, 0, 0, 0, 0,
    0, 0, 0, 0, 0, 0, 0, 0,
    0, 0, 0, 0, 0, 0, 0, 0,
    0, 0, 0, 0, 0, 0, 0, 0,
    0, 0, 0, 0, 0, 0, 0, 0,
    0, 0, 0, 0, 0, 0, 0, 0,
    0, 0, 0, 0, 0, 0, 0, 0,
    0, 0, 0, 0, 0, 0, 0, 0,
    0, 0, 0, 0
};

/*Kern values between classes*/
static const int8_t kern_class_values[] =
{
    0, 0, 0, 0, 0, 0, 1, 0,
    0, 0, 0, 2, 0, 0, 0, 0,
    1, 0, 0, 0, 0, 0, 0, 0,
    0, 0, 0, 0, 0, 0, 2, 0,
    0, 0, 0, 0, 0, 0, 0, 0,
    0, 9, 0, 5, -4, 0, 4, 0,
    -11, -12, 1, 9, 4, 3, -8, 1,
    9, 0, 8, 2, 6, -3, 0, 12,
    2, -1, 0, -3, 0, -4, 4, 0,
    4, 0, 9, 0, -8, 0, 0, 0,
    0, -6, 0, 0, 0, 0, -4, 3,
    4, 0, 0, -2, 0, -1, 2, 0,
    -2, 0, -2, -1, -4, 0, 0, -2,
    0, -4, 0, 0, 0, 0, 0, 0,
    -3, 0, 0, 0, -2, -5, -2, 0,
    0, -5, 0, -23, 0, -4, -10, 4,
    6, 0, 0, -4, 2, 2, 6, 4,
    -3, 4, 0, 0, -11, 0, 0, -7,
    0, 0, 0, 4, 0, 0, 0, 0,
    -5, 0, 0, 0, 0, -4, -4, 0,
    -2, -9, 0, -8, -1, 0, -6, 0,
    0, 7, 0, -6, -2, 0, 0, 0,
    -3, 0, 0, -1, -14, 0, 0, -15,
    -2, 7, -2, 0, 0, 0, 0, 0,
    -8, 0, -8, 0, 0, -6, -5, 0,
    0, 0, 0, 0, 0, 0, 0, 0,
    0, 6, 0, 2, 0, 0, -4, 0,
    0, 0, 0, 0, 0, 0, 0, 7,
    2, 0, 0, 0, 0, 0, 3, 0,
    0, 0, 0, 0, 0, 0, 0, 0,
    1, 4, 2, 6, -2, 0, 4, -2,
    -6, -26, 1, 5, 4, 0, -2, 0,
    7, 0, 6, 0, 6, 0, 0, 0,
    0, -2, 0, -3, 0, 1, 0, 0,
    6, 0, 7, 2, -16, 6, 6, 0,
    0, 0, -3, -7, 0, 0, -2, 0,
    -1, 0, 1, -3, -2, -4, 1, 0,
    -2, 0, 0, 0, -8, 1, 0, -12,
    0, 0, 0, 2, 0, 1, -4, 2,
    0, 0, -17, -2, 0, 0, 0, 0,
    0, -11, 2, -12, 0, 0, -6, -1,
    0, 19, -2, -2, 2, 2, -2, 0,
    -2, 2, 0, 0, -10, -4, 0, -19,
    0, 2, 0, -2, 0, -2, -6, 0,
    -12, 0, -25, 0, 2, -3, -3, 0,
    0, 12, -4, 0, -7, 6, 0, -13,
    -19, -13, -4, 6, 0, 0, -13, 0,
    2, -4, 0, -3, 0, -4, 0, 5,
    6, -23, -12, -13, -2, 0, 8, -4,
    9, -13, 0, -9, -14, 9, 10, 0,
    0, 1, 0, 0, 0, 0, 1, 1,
    -2, -4, 0, 0, 0, -2, 0, 0,
    -1, 0, 0, 0, -4, 0, 0, -4,
    0, -4, 0, 0, 0, 0, -2, 0,
    0, 0, 0, 0, -6, 0, 0, 0,
    0, 0, 0, 2, -1, 0, 0, -1,
    2, 2, 0, 0, 0, 0, -4, 0,
    0, 0, 0, 0, 0, 0, 0, -1,
    0, 6, 0, -2, 0, 0, 0, 0,
    0, 0, 0, 0, 0, 0, 0, 0,
    0, -2, 0, -2, 0, 0, 0, 0,
    0, 0, 0, 0, -1, -1, 0, -2,
    -2, 0, 0, 0, 0, 0, 0, 0,
    0, 0, 0, 0, 0, 0, 0, 0,
    -3, 0, 0, 0, 0, 0, 0, 0,
    0, -6, -1, -6, 4, 0, -4, 2,
    4, 5, 0, -5, 0, -2, 0, 0,
    -9, 2, -1, 1, -10, 2, 0, -10,
    0, 4, 0, 2, 2, 2, -2, 4,
    -6, 0, -3, 0, 2, -4, -2, 0,
    0, 0, 0, -2, 0, 0, -2, 0,
    0, 0, 0, 0, -1, -1, 0, -1,
    -2, 0, 0, 0, 0, 0, 0, -2,
    0, 0, 0, 0, 0, 0, 0, 0,
    -2, 0, 0, 0, 0, 0, 0, 0,
    0, -1, 0, -4, 2, 0, -2, 1,
    2, 2, 0, 0, 0, 0, 0, 0,
    -1, 0, 0, 0, 0, 0, 0, 0,
    0, 0, 0, 2, 0, 2, 0, 4,
    -4, 0, 0, 0, 0, -2, 0, 0,
    0, 6, -1, 0, -6, 0, 5, -10,
    -10, -8, -4, 2, 0, -2, -12, -3,
    0, -3, 0, -4, 3, -3, 0, 2,
    0, -6, -5, -10, -2, -4, 2, -2,
    1, -5, 5, -3, -12, 2, 4, 0,
    0, 0, 0, -2, 0, 0, 1, 0,
    2, 0, 0, 0, 0, 0, 0, 0,
    0, 0, 0, 0, -2, 0, 0, -6,
    0, 0, 0, 0, 0, 0, -2, 2,
    0, 0, 0, 0, -4, -1, 0, 0,
    0, 2, 0, 0, 0, 0, 0, 0,
    0, 9, 0, 0, 0, 0, 0, 0,
    1, 0, 0, 0, -2, 0, 0, -3,
    0, 2, 0, 0, 0, 0, -8, 0,
    0, 0, 0, 0, 0, 0, 0, 0,
    -1, 0, 0, 0, -4, 0, 2, 0,
    -10, -6, 0, 0, 0, -3, -10, 0,
    0, -2, 2, 0, -9, 0, -3, 0,
    0, -4, -1, -2, 0, 0, -3, 0,
    2, 0, 0, 2, -21, 4, 4, 0,
    0, -3, 0, 0, 0, 2, 0, 1,
    -4, -4, 0, -2, -2, -2, 0, 0,
    0, 0, 0, 0, -6, 0, 0, -4,
    2, -6, 0, 0, 0, 0, 0, 0,
    2, 0, 0, 0, -4, -2, -3, 0,
    0, 2, 0, 0, 0, 2, 0, -2,
    0, 7, 0, 3, 0, 0, -2, 0,
    4, 0, 0, 0, 2, 0, 0, 6,
    0, 5, 0, 0, 0, 0, 3, 0,
    0, 0, 0, 0, 0, 0, 0, 0,
    0, -12, 0, -2, 3, 6, -26, 0,
    19, 2, -4, -4, 2, 2, -1, 0,
    -10, 0, 0, 9, -12, -4, 0, -13,
    7, 27, 8, 0, 0, 0, 0, 6,
    -12, 0, -6, 2, 6, -10, -10, 0,
    0, -1, 4, -5, 0, 0, -2, 0,
    2, 25, -4, -2, 6, 5, -5, 2,
    0, 0, 2, 2, -2, -6, 0, -25,
    5, 0, 2, -5, 3, -1, -2, 5,
    0, 0, -14, 2, 0, 0, 0, 6,
    0, 0, 0, 0, 0, 0, 0, 0,
    0, 8, 0, -4, 0, 0, 0, 0,
    0, 0, 0, 0, 0, 0, 0, -11,
    0, 2, 0, 0, 0, 0, -4, 0,
    0, 0, 0, 0, 0, 0, 0, 0,
    0, 0, 0, 0, -4, -4, 2, -2,
    4, 0, -1, -4, -1, -3, -4, 0,
    -2, -1, -1, 1, -3, 0, -1, -9,
    -2, 0, 0, -2, 0, 0, 0, -2,
    3, 0, 0, 0, -1, 3, 4, 0,
    0, 0, -2, 0, -7, 0, 5, -6,
    0, 2, -7, 3, -2, -2, -7, -2,
    1, -6, -4, -6, 0, -2, 0, 3,
    0, 3, -5, -6, 0, 0, 0, -2,
    0, -4, 2, -2, -4, 0, 0, 0,
    0, 0, 0, 0, 0, 0, 1, 1,
    -2, 0, 0, 0, -2, 0, 0, 0,
    -2, 0, 0, 0, 0, 0, 0, 0,
    0, -1, 0, 0, 0, 0, 0, 0,
    0, 0, 0, 0, -1, 0, 0, 0,
    2, 4, 0, 0, 0, 3, 0, -4,
    -6, -6, -2, 6, 0, 2, -2, 0,
    5, -2, 0, -8, 0, 0, 0, 10,
    3, -2, -4, 0, 0, 0, 0, 0,
    0, 0, 0, 0, -8, 0, 2, 0,
    0, 0, 0, 0, 0, 0, 0, 4,
    0, 4, 0, 0, 0, 0, 3, 0,
    1, 2, 0, 0, 0, 0, 0, 0,
    0, 1, 0, 1, 0, 0, 0, 0,
    0, 1, 0, 0, 0, 2, 2, 0,
    0, 0, 0, 0, 0, 0, 2, -2,
    0, 2, 0, 0, 0, 0, 1, 1,
    0, 0, 0, 0, -2, 0, 0, -11,
    0, 2, 0, 0, 0, 0, 0, 0,
    0, 0, 0, 0, 1, 0, 0, 0,
    0, 4, 4, 4, 0, 0, 6, 0,
    -12, -11, 0, 8, 6, 3, -8, 1,
    8, 0, 7, 0, 4, 2, 0, 10,
    0, 0, 0, -3, 0, 0, 0, 0,
    0, 0, 0, 0, -12, 0, 0, 0,
    0, 0, -3, 0, 0, 0, 0, 0,
    0, 0, 0, -1, 0, 0, 0, 0,
    0, 0, 0, 0, 4, 0, 0, -13,
    0, 0, 0, 0, 0, 0, 0, 0,
    0, 0, 0, 0, 0, 0, 0, 0,
    0, -7, 0, -12, -3, 0, -16, -8,
    0, 8, -9, -8, 0, 0, -8, 0,
    -8, -8, 0, 0, -26, -10, 0, -18,
    2, 10, 0, -7, 2, -4, -10, 0,
    -11, -2, -17, -2, -5, -4, -4, 0,
    0, 0, 2, 8, -2, 0, 6, 0,
    -3, -10, 0, 7, 2, 4, -7, 0,
    8, -1, 6, 0, 7, 0, 0, 10,
    0, 0, 0, -2, 0, 0, 0, 2,
    0, 6, 7, 0, -6, 5, 5, 0,
    0, 0, 2, 8, -2, 0, 6, 0,
    -3, -10, 0, 9, 4, 3, -11, 0,
    5, 0, 2, 0, 7, 0, 0, 10,
    0, 0, 0, -5, 0, 0, 2, 2,
    0, 0, 7, 0, -6, 5, 5, 0,
    0, 0, 0, 0, 0, 0, 0, 0,
    0, 0, 0, 0, 0, 0, 0, 0,
    0, 0, 0, 0, -4, 0, 0, -4,
    0, -2, 0, 0, 0, 0, 0, 0,
    0, 0, 0, 0, 0, -2, 0, 0
};


/*Collect the kern class' data in one place*/
static const lv_font_fmt_txt_kern_classes_t kern_classes =
{
    .class_pair_values   = kern_class_values,
    .left_class_mapping  = kern_left_class_mapping,
    .right_class_mapping = kern_right_class_mapping,
    .left_class_cnt      = 37,
    .right_class_cnt     = 40,
};

/*--------------------
 *  ALL CUSTOM DATA
 *--------------------*/

#if LVGL_VERSION_MAJOR == 8
/*Store all the custom data of the font*/
static  lv_font_fmt_txt_glyph_cache_t cache;
#endif

#if LVGL_VERSION_MAJOR >= 8
static const lv_font_fmt_txt_dsc_t font_dsc = {
#else
static lv_font_fmt_txt_dsc_t font_dsc = {
#endif
    .glyph_bitmap = glyph_bitmap,
    .glyph_dsc = glyph_dsc,
    .cmaps = cmaps,
    .kern_dsc = &kern_classes,
    .kern_scale = 16,
    .cmap_num = 4,
    .bpp = 4,
    .kern_classes = 1,
    .bitmap_format = 1,
#if LVGL_VERSION_MAJOR == 8
    .cache = &cache
#endif
};



/*-----------------
 *  PUBLIC FONT
 *----------------*/

/*Initialize a public general font descriptor*/
#if LVGL_VERSION_MAJOR >= 8
const lv_font_t lv_font_montserrat_12 = {
#else
lv_font_t lv_font_montserrat_12 = {
#endif
    .get_glyph_dsc = lv_font_get_glyph_dsc_fmt_txt,    /*Function pointer to get glyph's data*/
    .get_glyph_bitmap = lv_font_get_bitmap_fmt_txt,    /*Function pointer to get glyph's bitmap*/
    .line_height = 16,          /*The maximum line height required by the font*/
    .base_line = 3,             /*Baseline measured from the bottom of the line*/
#if !(LVGL_VERSION_MAJOR == 6 && LVGL_VERSION_MINOR == 0)
    .subpx = LV_FONT_SUBPX_NONE,
#endif
#if LV_VERSION_CHECK(7, 4, 0) || LVGL_VERSION_MAJOR >= 8
    .underline_position = -1,
    .underline_thickness = 1,
#endif
    .dsc = &font_dsc,          /*The custom font data. Will be accessed by `get_glyph_bitmap/dsc` */
#if LV_VERSION_CHECK(8, 2, 0) || LVGL_VERSION_MAJOR >= 9
    .fallback = NULL,
#endif
    .user_data = NULL,
};



#endif /*#if LV_FONT_MONTSERRAT_12*/

