/*******************************************************************************
 * Size: 14 px
 * Bpp: 4
 * Opts: --bpp 4 --size 14 --font Montserrat-Medium-v9.ttf -r 0x20-0xFF,0xB0,0x2013-0x2014,0x2018-0x2019,0x201C-0x201D,0x2022,0x2026,0x20BF --font SatoshiSymbol.ttf -r 0x4E2F,0x4E30 --font FontAwesome5-Solid+Brands+Regular.woff -r 61441,61448,61451,61452,61452,61453,61457,61459,61461,61465,61468,61473,61478,61479,61480,61502,61507,61512,61515,61516,61517,61521,61522,61523,61524,61543,61544,61550,61552,61553,61556,61559,61560,61561,61563,61587,61589,61636,61637,61639,61641,61664,61671,61674,61683,61724,61732,61787,61931,62016,62017,62018,62019,62020,62087,62099,62212,62189,62810,63426,63650,0xf002,0xf004,0xf005,0xf00e,0xf010,0xf029,0xf030,0xf15a,0xf164,0xf165,0xf1e0,0xf2ea,0xf379,0xf58f --format lvgl -o /Users/RT/Developer/dev-mpos/lvgl-fonts/lib_lvgl_src_font/lv_font_montserrat_14.c --force-fast-kern-format
 ******************************************************************************/

#ifdef LV_LVGL_H_INCLUDE_SIMPLE
#include "lvgl.h"
#else
#include "lvgl/lvgl.h"
#endif

#ifndef LV_FONT_MONTSERRAT_14
#define LV_FONT_MONTSERRAT_14 1
#endif

#if LV_FONT_MONTSERRAT_14

/*-----------------
 *    BITMAPS
 *----------------*/

/*Store the image of the glyphs*/
static LV_ATTRIBUTE_LARGE_CONST const uint8_t glyph_bitmap[] = {
    /* U+0020 " " */

    /* U+0021 "!" */
    0xe, 0xa0, 0x33, 0x0, 0x61, 0x10, 0x6, 0x7f,
    0x1, 0x10, 0x5b, 0x85, 0x48, 0x38, 0x80,

    /* U+0022 "\"" */
    0x1f, 0x9, 0x90, 0x4, 0x22, 0x0, 0xe1, 0x0,
    0xef, 0x8, 0x80,

    /* U+0023 "#" */
    0x0, 0xb4, 0x80, 0xf0, 0x3, 0x88, 0x80, 0xaa,
    0x0, 0x17, 0xf8, 0x3f, 0xd2, 0xde, 0xe5, 0xd4,
    0x7d, 0xc5, 0x9e, 0x70, 0x13, 0x51, 0x13, 0x28,
    0x80, 0x5c, 0x20, 0x1, 0x10, 0x2, 0x7d, 0xdd,
    0xfe, 0x2d, 0xf0, 0x8d, 0x3a, 0xdc, 0x1d, 0xd0,
    0x9, 0xb, 0x90, 0x11, 0x40, 0x11, 0x10, 0x1d,
    0xc0, 0x10,

    /* U+0024 "$" */
    0x0, 0xce, 0x1, 0xfa, 0x40, 0x3f, 0xf8, 0x43,
    0x5c, 0x3d, 0x46, 0x0, 0xc7, 0x81, 0x80, 0x40,
    0x22, 0x4b, 0x3, 0x53, 0x81, 0x86, 0x0, 0x78,
    0x65, 0xf8, 0x54, 0x3, 0x37, 0x40, 0x57, 0x28,
    0x4, 0x2c, 0x3e, 0x94, 0x0, 0x10, 0xd, 0xe0,
    0x29, 0xd2, 0xa0, 0xd6, 0x82, 0x94, 0xb4, 0x30,
    0xf4, 0x0, 0x5c, 0xf1, 0xe9, 0x10, 0xe, 0x90,
    0xc,

    /* U+0025 "%" */
    0x8, 0xdd, 0x18, 0x5, 0x4e, 0x0, 0x43, 0xdf,
    0xe0, 0x2, 0x33, 0x80, 0xf, 0x0, 0x80, 0x3,
    0x3c, 0x1, 0x26, 0x1, 0x8, 0x5d, 0x10, 0x4,
    0x79, 0x89, 0xe4, 0x64, 0xcc, 0x18, 0x1, 0xf2,
    0xce, 0x7b, 0x9b, 0xae, 0x0, 0xeb, 0xb0, 0xb8,
    0x89, 0xcc, 0x2, 0x56, 0x60, 0x7, 0xe1, 0x8e,
    0x3, 0x71, 0x13, 0x98, 0x2, 0xec, 0x40, 0x9,
    0xcc, 0x48, 0x0,

    /* U+0026 "&" */
    0x0, 0x26, 0xfe, 0x18, 0x7, 0x5d, 0x72, 0x78,
    0x6, 0x10, 0x51, 0xc1, 0x0, 0xc2, 0x96, 0x53,
    0x20, 0xe, 0xe6, 0xde, 0x40, 0xc, 0xf7, 0x25,
    0x0, 0x70, 0x5, 0x1a, 0xd8, 0xd7, 0x24, 0xe,
    0x6, 0x3, 0x8c, 0xbc, 0x8, 0x16, 0x88, 0x92,
    0x18, 0x1, 0xc0, 0xbb, 0x25, 0xf3, 0x90, 0x1d,
    0xff, 0xb1, 0x2, 0xc8,

    /* U+0027 "'" */
    0x1f, 0x0, 0xf8, 0x40, 0x2f, 0x0,

    /* U+0028 "(" */
    0x3, 0xf1, 0x8, 0x61, 0x4, 0xd0, 0x40, 0x40,
    0x32, 0x0, 0x73, 0x0, 0xc, 0x40, 0x3c, 0x62,
    0x0, 0xe6, 0x0, 0x19, 0x0, 0x10, 0x10, 0x0,
    0x9a, 0x0, 0x86, 0x10,

    /* U+0029 ")" */
    0x5e, 0x0, 0x29, 0xb0, 0x1, 0x68, 0x1, 0x86,
    0x0, 0x50, 0x30, 0x10, 0x60, 0x0, 0x98, 0x7,
    0x84, 0xc0, 0x41, 0x81, 0x40, 0xc3, 0xc, 0x0,
    0xb4, 0xa, 0x6c, 0x0,

    /* U+002A "*" */
    0x0, 0x51, 0x80, 0x22, 0x0, 0xb8, 0x50, 0x2b,
    0x10, 0x24, 0x40, 0x9f, 0x88, 0x7b, 0xf7, 0x5,
    0xb, 0x5, 0x40,

    /* U+002B "+" */
    0x0, 0x91, 0x40, 0x3d, 0x9e, 0x1, 0xff, 0xf,
    0xf9, 0xd7, 0xfc, 0x63, 0x98, 0x64, 0xcc, 0x18,
    0x19, 0x84, 0x46, 0x60, 0xf, 0xe0,

    /* U+002C "," */
    0x1, 0x3, 0xe6, 0x21, 0x1, 0x7, 0x22, 0x8,

    /* U+002D "-" */
    0x0, 0xe3, 0xff, 0xa4, 0xf3, 0x28,

    /* U+002E "." */
    0x0, 0x8f, 0xd4, 0x46,

    /* U+002F "/" */
    0x0, 0xee, 0x40, 0xc, 0x80, 0x80, 0x1b, 0x50,
    0x3, 0x9f, 0x80, 0x32, 0xa, 0x0, 0x6d, 0x50,
    0xe, 0x7e, 0x0, 0xc6, 0x28, 0x1, 0xa9, 0x40,
    0x39, 0xfc, 0x3, 0x18, 0xa8, 0x6, 0xa5, 0x0,
    0xe7, 0xf0, 0xc, 0x62, 0xa0, 0x18,

    /* U+0030 "0" */
    0x0, 0x26, 0x7f, 0x38, 0x4, 0x96, 0xf2, 0xd1,
    0x20, 0x9, 0x4b, 0x68, 0xa6, 0x32, 0x27, 0x80,
    0x4a, 0x36, 0xc0, 0xc0, 0x18, 0x88, 0x1, 0xf8,
    0xd8, 0x18, 0x3, 0x10, 0x91, 0x3c, 0x2, 0x51,
    0xb0, 0x94, 0xb6, 0x8a, 0x63, 0x4, 0xb7, 0x96,
    0x89, 0x0,

    /* U+0031 "1" */
    0xef, 0xf5, 0xd5, 0x98, 0x22, 0x18, 0x3, 0xff,
    0xa2,

    /* U+0032 "2" */
    0x7, 0xdf, 0xea, 0x10, 0x89, 0x5a, 0x94, 0xd0,
    0x8f, 0x85, 0x78, 0x31, 0x1, 0x0, 0xe1, 0x0,
    0xeb, 0x60, 0xe, 0xc1, 0x90, 0x8, 0x70, 0x30,
    0x2, 0x1c, 0x7c, 0x0, 0x87, 0xf, 0x91, 0x22,
    0x62, 0x1a, 0xbb, 0xc0,

    /* U+0033 "3" */
    0x7f, 0xff, 0x2, 0xdd, 0xd4, 0xc, 0x4, 0x89,
    0x71, 0xc8, 0x6, 0x95, 0xd0, 0xc, 0x6c, 0x72,
    0x20, 0x11, 0xdd, 0x97, 0x0, 0x32, 0x37, 0x92,
    0x8, 0x7, 0xd5, 0xae, 0xaf, 0xe2, 0x94, 0x95,
    0x49, 0x7c, 0x0,

    /* U+0034 "4" */
    0x0, 0xed, 0xa0, 0xf, 0xa8, 0x28, 0x3, 0xce,
    0x9e, 0x1, 0xe4, 0x8a, 0x21, 0x0, 0xc5, 0x72,
    0x81, 0xca, 0x0, 0x1f, 0x56, 0x0, 0xf3, 0x12,
    0xff, 0xc1, 0x5e, 0x6d, 0x99, 0xc1, 0x18, 0x62,
    0x67, 0xc0, 0x46, 0x1, 0xff, 0x0,

    /* U+0035 "5" */
    0x9, 0xff, 0xe0, 0x1, 0xa5, 0xde, 0x0, 0x31,
    0xa2, 0x60, 0x1, 0x78, 0x7, 0x86, 0x3f, 0xd8,
    0x80, 0xc, 0xc5, 0xd3, 0xd9, 0x1, 0x99, 0x16,
    0xc5, 0x44, 0x3, 0x84, 0x27, 0xa1, 0x5b, 0x1,
    0xa1, 0x96, 0xa5, 0xf0, 0x40,

    /* U+0036 "6" */
    0x0, 0x15, 0x77, 0xea, 0x80, 0xf, 0x5e, 0x2a,
    0x82, 0x0, 0xf3, 0xd6, 0x57, 0x40, 0x23, 0x80,
    0xf, 0x30, 0xd, 0xff, 0xa8, 0x40, 0x2b, 0xcc,
    0x53, 0xe0, 0x38, 0x33, 0x9a, 0xf1, 0x19, 0x84,
    0x3, 0xc2, 0x10, 0xee, 0x45, 0xe3, 0x20, 0x6a,
    0xa5, 0xd9, 0x34, 0x0,

    /* U+0037 "7" */
    0x9f, 0xff, 0x68, 0x15, 0xde, 0x4, 0x1, 0x44,
    0x80, 0x17, 0x38, 0x1, 0x42, 0x10, 0x6, 0x33,
    0x78, 0x7, 0x49, 0x20, 0x6, 0x15, 0xb0, 0xe,
    0x91, 0x60, 0xe, 0x66, 0x0, 0x73, 0xc, 0x80,
    0x40,

    /* U+0038 "8" */
    0x1, 0x9e, 0xfe, 0x91, 0x0, 0x6b, 0xc6, 0x43,
    0xe8, 0x0, 0xe1, 0x8d, 0xa0, 0xc0, 0x7, 0x44,
    0x5, 0xa6, 0x0, 0xe3, 0xdf, 0xd5, 0xe0, 0x7,
    0x9d, 0xed, 0x97, 0x82, 0x97, 0x21, 0x26, 0x92,
    0x80, 0x78, 0xc0, 0xa, 0x3e, 0xa6, 0xbe, 0x2a,
    0x1e, 0x97, 0x96, 0xfe, 0x0,

    /* U+0039 "9" */
    0x3, 0xbf, 0xea, 0x20, 0x2c, 0x1b, 0xa1, 0xc1,
    0xa1, 0xa4, 0x45, 0x84, 0x9, 0x80, 0x63, 0x4d,
    0x27, 0x11, 0x41, 0x11, 0x22, 0x1d, 0xc4, 0x61,
    0x7, 0xfd, 0xec, 0x32, 0x0, 0x88, 0x49, 0x68,
    0x1d, 0x96, 0x34, 0xd8, 0x36, 0x29, 0x63, 0x0,

    /* U+003A ":" */
    0x3e, 0x50, 0x10, 0x3f, 0x50, 0xf, 0xe3, 0xf5,
    0x11, 0x80,

    /* U+003B ";" */
    0x3e, 0x50, 0x10, 0x3f, 0x50, 0xf, 0xe2, 0xe5,
    0x1, 0x32, 0x22, 0x8, 0x10, 0xe0, 0x0,

    /* U+003C "<" */
    0x0, 0xf1, 0x88, 0x6, 0x6c, 0xc1, 0x80, 0xc7,
    0x5d, 0x79, 0x7, 0x26, 0xe9, 0x80, 0x25, 0x38,
    0x40, 0xd, 0x5d, 0x95, 0xce, 0x1, 0xb, 0xf5,
    0xd8, 0xc0, 0x39, 0x70, 0xc0,

    /* U+003D "=" */
    0x1f, 0xff, 0x18, 0xe6, 0x78, 0xc0, 0xcf, 0xc0,
    0x1f, 0xc3, 0xff, 0xe3, 0x1c, 0xcf, 0x18,

    /* U+003E ">" */
    0x4, 0x0, 0xfa, 0xb5, 0xc4, 0x3, 0x74, 0x5f,
    0x49, 0x0, 0x4b, 0x9a, 0x7a, 0x40, 0x11, 0xc2,
    0xa1, 0x83, 0x6e, 0x8b, 0x6c, 0x45, 0x57, 0xd0,
    0x40, 0x1, 0xc6, 0x0, 0xe0,

    /* U+003F "?" */
    0x7, 0xdf, 0xea, 0x10, 0x99, 0x55, 0xc2, 0x68,
    0x4f, 0xba, 0x34, 0x18, 0x0, 0x40, 0x2c, 0x30,
    0xe, 0x84, 0xe0, 0xc, 0xcf, 0x84, 0x1, 0xb9,
    0xc8, 0x3, 0xa2, 0x0, 0x1e, 0xb8, 0x0, 0xf3,
    0x88, 0x4,

    /* U+0040 "@" */
    0x0, 0xcf, 0x9d, 0xfd, 0x48, 0x1, 0xc7, 0xdb,
    0x1f, 0xf6, 0x4d, 0x0, 0x43, 0xb7, 0x5b, 0xfd,
    0x1c, 0x21, 0x40, 0xb, 0x65, 0xb4, 0xad, 0x7,
    0xa, 0x73, 0x5, 0x93, 0x4f, 0x43, 0x93, 0x0,
    0x5d, 0x19, 0x85, 0x48, 0x80, 0x15, 0x80, 0x14,
    0x9d, 0xc0, 0x1f, 0xe1, 0x77, 0x81, 0x48, 0x80,
    0x15, 0x80, 0x19, 0x86, 0x61, 0x34, 0xf4, 0x39,
    0x22, 0x1c, 0x78, 0x2c, 0x85, 0xa5, 0x60, 0x79,
    0x62, 0xa8, 0x2d, 0x94, 0x27, 0xbe, 0x47, 0x3e,
    0x40, 0x3, 0xb7, 0x48, 0x20, 0x50, 0x1, 0xe3,
    0xed, 0x8e, 0xff, 0x8, 0x80, 0x20,

    /* U+0041 "A" */
    0x0, 0xec, 0xf1, 0x0, 0xfc, 0x66, 0x26, 0x0,
    0xfd, 0xd, 0x72, 0x1, 0xf1, 0x25, 0xb0, 0x28,
    0x7, 0xad, 0x48, 0x26, 0x0, 0x38, 0x5a, 0x40,
    0xe, 0x48, 0x1, 0x98, 0x33, 0xfe, 0xf, 0x0,
    0xd3, 0x19, 0x9a, 0xd0, 0x80, 0xa, 0x2e, 0x67,
    0x90, 0xec, 0x1, 0x2c, 0x1, 0xea, 0x61,

    /* U+0042 "B" */
    0x8f, 0xfd, 0xd8, 0x80, 0x1, 0xcc, 0xa9, 0xec,
    0x80, 0x6, 0x72, 0x50, 0x38, 0x7, 0xc, 0x82,
    0x0, 0xff, 0xdc, 0xf0, 0x20, 0x39, 0x9a, 0x20,
    0xc0, 0x3, 0x3c, 0xed, 0x40, 0x1f, 0x18, 0x80,
    0xc, 0xe4, 0x75, 0xa0, 0x1c, 0xca, 0xea, 0x1c,

    /* U+0043 "C" */
    0x0, 0x9f, 0x7f, 0xd6, 0x80, 0x1, 0xc8, 0x49,
    0x90, 0xda, 0x85, 0x96, 0xcb, 0x32, 0xb1, 0x45,
    0x60, 0x80, 0x31, 0x82, 0x82, 0x0, 0x7f, 0xf1,
    0x54, 0x10, 0x3, 0xe1, 0x58, 0x20, 0xc, 0x60,
    0xb, 0x2d, 0x96, 0x65, 0x62, 0x80, 0xe4, 0x24,
    0xc8, 0x6d, 0x40,

    /* U+0044 "D" */
    0x8f, 0xfd, 0xd4, 0x80, 0x10, 0xdd, 0xd0, 0x36,
    0xe0, 0x12, 0x24, 0xd7, 0x10, 0x30, 0xf, 0x9c,
    0xa4, 0x3, 0xf2, 0x38, 0x7, 0xff, 0x19, 0x1c,
    0x3, 0xe7, 0x29, 0x0, 0x22, 0x4d, 0x71, 0x3,
    0x1, 0xbb, 0xa0, 0x2d, 0xc0,

    /* U+0045 "E" */
    0x8f, 0xff, 0x30, 0xd, 0xdf, 0x38, 0x1, 0x13,
    0x84, 0x3, 0xf8, 0x7f, 0xf6, 0x0, 0x7, 0x33,
    0x70, 0x4, 0x67, 0x88, 0x3, 0xfe, 0x44, 0xe2,
    0x1, 0xbb, 0xf0,

    /* U+0046 "F" */
    0x8f, 0xff, 0x30, 0xd, 0xdf, 0x38, 0x1, 0x13,
    0x84, 0x3, 0xff, 0x8a, 0x3f, 0xfb, 0x0, 0x3,
    0x99, 0xb8, 0x2, 0x33, 0xc4, 0x1, 0xff, 0xc5,

    /* U+0047 "G" */
    0x0, 0x9f, 0x3f, 0xd8, 0xa0, 0x1, 0xc8, 0x59,
    0x93, 0x53, 0x5, 0x96, 0xcb, 0x32, 0xb1, 0x85,
    0x60, 0x80, 0x31, 0x82, 0x82, 0x0, 0x7f, 0xf0,
    0xee, 0x54, 0x10, 0x3, 0xe1, 0x58, 0x20, 0xf,
    0xac, 0xb6, 0x59, 0x94, 0x82, 0x3, 0x90, 0x93,
    0x26, 0x98,

    /* U+0048 "H" */
    0x8e, 0x0, 0xe8, 0xe0, 0xf, 0xfe, 0x80, 0xff,
    0xf3, 0x80, 0x7, 0x33, 0x98, 0x2, 0x33, 0xe1,
    0x0, 0xff, 0xe8, 0x0,

    /* U+0049 "I" */
    0x8e, 0x0, 0xff, 0xe3, 0x0,

    /* U+004A "J" */
    0x2, 0xff, 0xd8, 0x5, 0x77, 0x20, 0x4, 0x89,
    0x10, 0x7, 0xff, 0x48, 0x80, 0x22, 0x70, 0xcb,
    0x58, 0x4d, 0xd, 0x7a, 0x67, 0x60,

    /* U+004B "K" */
    0x8e, 0x0, 0xc9, 0xea, 0x1, 0xe4, 0xb9, 0x50,
    0xe, 0x3b, 0x86, 0x0, 0xe3, 0xc7, 0x70, 0x7,
    0x16, 0x9c, 0x0, 0x7b, 0xc, 0xcc, 0x1, 0xc2,
    0xba, 0xf2, 0x60, 0x18, 0x6c, 0x21, 0x34, 0x40,
    0x3e, 0xb2, 0xd0, 0xf, 0xda, 0x54, 0x0,

    /* U+004C "L" */
    0x8e, 0x0, 0xff, 0xfa, 0x22, 0x70, 0x0, 0x6e,
    0xf8, 0x80,

    /* U+004D "M" */
    0x8e, 0x0, 0xfa, 0x38, 0x5, 0xc0, 0x38, 0x9c,
    0x2, 0x81, 0x0, 0xd2, 0x1, 0x11, 0xd8, 0x4,
    0x88, 0x60, 0xb, 0x94, 0xc0, 0x13, 0x1c, 0x1,
    0x13, 0x78, 0x31, 0xb8, 0x7, 0x41, 0x3c, 0x58,
    0x7, 0x86, 0x20, 0x4a, 0x1, 0xf3, 0x2f, 0x0,
    0x7f, 0x51, 0x0, 0x60,

    /* U+004E "N" */
    0x8e, 0x10, 0xd, 0x1c, 0x3, 0xa0, 0x1f, 0x8e,
    0x40, 0x3c, 0x32, 0xcc, 0x0, 0xf3, 0x32, 0x4c,
    0x3, 0xd2, 0x7a, 0x20, 0x1e, 0xd0, 0xa0, 0xf,
    0xe, 0xa3, 0x0, 0x78, 0xe4, 0x40, 0x3e, 0x65,
    0x0,

    /* U+004F "O" */
    0x0, 0x9f, 0x3f, 0xd8, 0xa0, 0x18, 0x72, 0x16,
    0x64, 0xf5, 0x40, 0xa, 0xcb, 0x65, 0x99, 0x74,
    0xac, 0x2, 0xb0, 0x40, 0x19, 0x55, 0x60, 0xa0,
    0x80, 0x1e, 0xc2, 0x0, 0xff, 0xe0, 0xa8, 0x20,
    0x7, 0xb0, 0x80, 0x56, 0x8, 0x3, 0x2a, 0xac,
    0x1, 0x65, 0xb2, 0xcc, 0xba, 0x56, 0x0, 0xe,
    0x42, 0x4c, 0x9e, 0xa8, 0x0,

    /* U+0050 "P" */
    0x8f, 0xfd, 0xae, 0x1, 0xd, 0xda, 0x96, 0x2c,
    0x2, 0x44, 0x2c, 0x52, 0x18, 0x7, 0x90, 0x18,
    0x3, 0xc4, 0x2, 0x1, 0x85, 0x38, 0x90, 0x7,
    0xfd, 0xd6, 0xde, 0x0, 0x1c, 0xcb, 0xac, 0x80,
    0x23, 0x38, 0x40, 0x3f, 0xf8, 0x0,

    /* U+0051 "Q" */
    0x0, 0x9f, 0x3f, 0xd8, 0xa0, 0x1d, 0x90, 0xb3,
    0x27, 0xa9, 0x0, 0xa8, 0xb6, 0x59, 0x97, 0x4c,
    0xc0, 0x15, 0x82, 0x0, 0xca, 0xab, 0x5, 0x4,
    0x0, 0xf6, 0x10, 0x7, 0xf8, 0xc0, 0xa, 0x8,
    0x1, 0xef, 0x20, 0x15, 0x82, 0x0, 0xca, 0xab,
    0x0, 0x59, 0xec, 0x2a, 0xaa, 0x8a, 0xc0, 0x1,
    0xd7, 0x5a, 0xa3, 0x55, 0x0, 0x3a, 0x37, 0x84,
    0x1c, 0x64, 0xc0, 0x38, 0x7d, 0xf7, 0x90, 0x40,
    0x3c, 0x37, 0xdb, 0xa2,

    /* U+0052 "R" */
    0x8f, 0xfd, 0xae, 0x1, 0xd, 0xda, 0x96, 0x2c,
    0x2, 0x44, 0x2c, 0x52, 0x18, 0x7, 0x90, 0x18,
    0x3, 0xc4, 0x2, 0x1, 0x85, 0x38, 0x90, 0x7,
    0xfd, 0xd6, 0x3e, 0x0, 0x1c, 0xc8, 0x98, 0x80,
    0x23, 0x3b, 0xd5, 0x80, 0x3c, 0x55, 0x26,

    /* U+0053 "S" */
    0x1, 0x9e, 0xfd, 0xa2, 0x0, 0x6b, 0xc5, 0xd8,
    0x54, 0x8, 0xe9, 0x91, 0xad, 0xc0, 0xc3, 0x0,
    0x3c, 0x32, 0xfb, 0x28, 0x1, 0x9b, 0xac, 0xeb,
    0x90, 0x2, 0x16, 0xae, 0x7b, 0x0, 0x10, 0x6,
    0xc0, 0x13, 0xd9, 0x54, 0x7b, 0x41, 0x3a, 0x2b,
    0xb4, 0xbd, 0x80,

    /* U+0054 "T" */
    0xff, 0xfc, 0x57, 0x72, 0x15, 0xdc, 0x48, 0x91,
    0xa, 0x24, 0x1, 0xff, 0xf4,

    /* U+0055 "U" */
    0x9c, 0x0, 0xeb, 0xa0, 0xf, 0xff, 0x8, 0x90,
    0x7, 0x31, 0xe8, 0xa0, 0x4, 0x65, 0x8a, 0x77,
    0xd, 0x1a, 0x4a, 0x18, 0xcc, 0x96, 0x7c, 0x0,

    /* U+0056 "V" */
    0xc, 0xb0, 0xf, 0x56, 0x4, 0xa1, 0x0, 0x61,
    0x59, 0x5, 0x1b, 0x0, 0xd2, 0x2a, 0x0, 0x66,
    0x0, 0x66, 0x90, 0xa, 0x41, 0x80, 0xa, 0x2c,
    0x1, 0xa, 0xd8, 0x2, 0x58, 0x40, 0x34, 0x92,
    0x19, 0xa8, 0x3, 0x8c, 0xdf, 0x26, 0x60, 0xf,
    0x4a, 0x2c, 0x80, 0x7c, 0xa2, 0x25, 0x0, 0x80,

    /* U+0057 "W" */
    0x6f, 0x10, 0xd, 0xb6, 0x1, 0x8b, 0xc9, 0xc1,
    0xc0, 0x23, 0x24, 0x10, 0xa, 0x88, 0x82, 0x9a,
    0x1, 0x59, 0x8b, 0x80, 0x4b, 0x40, 0xd, 0x40,
    0x9, 0xa9, 0xf4, 0x0, 0x44, 0x50, 0x3, 0x82,
    0x81, 0x8b, 0xea, 0x8, 0x51, 0x10, 0x0, 0x27,
    0xe1, 0x48, 0x28, 0x2e, 0xa, 0xa0, 0xd, 0x4a,
    0xf, 0xa0, 0x7, 0xd2, 0x25, 0x80, 0x67, 0x9,
    0x17, 0x0, 0x6a, 0x59, 0x18, 0x6, 0x13, 0x64,
    0x10, 0x2, 0xb, 0x28, 0x7, 0xac, 0x34, 0x3,
    0x38, 0x58, 0x4,

    /* U+0058 "X" */
    0x4f, 0x50, 0xd, 0xb2, 0x8, 0xf4, 0x40, 0x9,
    0x9, 0x0, 0x41, 0xf0, 0x23, 0x70, 0x6, 0xe3,
    0x9a, 0x83, 0x0, 0xc5, 0x2c, 0x4e, 0x1, 0xef,
    0x2, 0x10, 0xe, 0x46, 0xb3, 0xa0, 0xc, 0x34,
    0xe9, 0xc8, 0xe0, 0x15, 0x1c, 0x1, 0xc4, 0x8,
    0x1d, 0x3c, 0x2, 0x74, 0xf0,

    /* U+0059 "Y" */
    0xc, 0xb0, 0xe, 0x9c, 0x0, 0x72, 0x28, 0x4,
    0x4d, 0xe0, 0x2, 0x6b, 0x0, 0xb9, 0x8c, 0x2,
    0x90, 0x80, 0x52, 0x80, 0xe, 0xb7, 0x3b, 0x81,
    0x0, 0xe5, 0x3c, 0x26, 0x0, 0xfb, 0xc2, 0x0,
    0x3f, 0x8, 0x38, 0x7, 0xff, 0x38,

    /* U+005A "Z" */
    0x4f, 0xff, 0xa5, 0x6e, 0xf9, 0x42, 0x85, 0x13,
    0x3a, 0xc9, 0x80, 0x61, 0xd6, 0x60, 0x7, 0x69,
    0x48, 0x7, 0x49, 0x68, 0x7, 0x33, 0x34, 0x40,
    0x31, 0xcc, 0x8c, 0x3, 0xe, 0x91, 0x11, 0x31,
    0xb8, 0x95, 0xdf, 0x78,

    /* U+005B "[" */
    0x8f, 0xf3, 0x1, 0x63, 0x80, 0xc, 0x40, 0x3f,
    0xfb, 0x46, 0x20, 0x58, 0xe0,

    /* U+005C "\\" */
    0x5d, 0x0, 0xe5, 0x22, 0x0, 0x72, 0x50, 0x7,
    0x6a, 0x80, 0x73, 0x91, 0x0, 0x30, 0xa5, 0x0,
    0x76, 0xa8, 0x7, 0x39, 0x10, 0x3, 0xa, 0x28,
    0x7, 0x6d, 0x0, 0x73, 0x91, 0x0, 0x30, 0xa2,
    0x80, 0x76, 0xd0, 0x7, 0x39, 0x10,

    /* U+005D "]" */
    0xbf, 0xf1, 0xcd, 0x0, 0x9, 0xc0, 0x3f, 0xfb,
    0x44, 0xe0, 0x9, 0xa0, 0x0,

    /* U+005E "^" */
    0x0, 0x56, 0x80, 0x61, 0x41, 0x40, 0xa, 0x5a,
    0x78, 0x2, 0x6a, 0x54, 0x10, 0x55, 0x10, 0x3b,
    0x7, 0x70, 0x1, 0x72, 0x0,

    /* U+005F "_" */
    0xee, 0xf8,

    /* U+0060 "`" */
    0xb, 0xc0, 0xa, 0xd6, 0xc0,

    /* U+0061 "a" */
    0x4, 0xcf, 0xea, 0x10, 0x7, 0xdd, 0xcf, 0xa0,
    0xb, 0x74, 0x59, 0x30, 0x2, 0x67, 0x72, 0x80,
    0x86, 0xd3, 0x3e, 0x80, 0xa, 0x12, 0x42, 0x1,
    0x28, 0x49, 0x24, 0x80, 0x6, 0xd7, 0x66, 0xc0,
    0x0,

    /* U+0062 "b" */
    0xba, 0x0, 0xff, 0xe6, 0x47, 0x7e, 0x18, 0x1,
    0x55, 0x76, 0x7c, 0x30, 0x1c, 0x54, 0xb3, 0x80,
    0x41, 0x0, 0xad, 0x40, 0x3f, 0x90, 0x40, 0x2b,
    0x40, 0x1c, 0x55, 0x59, 0xc8, 0x32, 0xdd, 0x3e,
    0x18,

    /* U+0063 "c" */
    0x0, 0x3e, 0xfe, 0xb0, 0x2, 0x62, 0xad, 0x65,
    0x9, 0xa9, 0xd2, 0x35, 0x1c, 0x14, 0x2, 0x20,
    0xf, 0xe7, 0x5, 0x0, 0x88, 0x9, 0xa9, 0xd2,
    0x35, 0x2, 0x62, 0xad, 0x65, 0x0,

    /* U+0064 "d" */
    0x0, 0xf0, 0xfa, 0x0, 0x7f, 0xf2, 0x23, 0xbf,
    0x14, 0x2, 0xa7, 0x9b, 0x4b, 0x0, 0x12, 0xd3,
    0xa4, 0x40, 0x0, 0xe0, 0xa0, 0x13, 0x0, 0x7e,
    0x30, 0x3, 0x82, 0x80, 0x4a, 0x0, 0x25, 0xa7,
    0x48, 0x90, 0xa, 0x9e, 0x6d, 0x34, 0x0,

    /* U+0065 "e" */
    0x0, 0x47, 0x7e, 0x28, 0x2, 0x96, 0xf2, 0xe9,
    0x49, 0x7d, 0x4d, 0xdd, 0x2e, 0x1b, 0xff, 0x39,
    0x80, 0x3b, 0xff, 0x9c, 0x18, 0x2, 0x10, 0x26,
    0x89, 0x46, 0xf4, 0x9, 0x84, 0xb8, 0x64,

    /* U+0066 "f" */
    0x0, 0x4f, 0x70, 0xc1, 0x5a, 0xa8, 0x41, 0xa6,
    0x88, 0x1c, 0x73, 0xff, 0x7, 0x31, 0x66, 0x81,
    0x8, 0x19, 0x0, 0x7f, 0xf4, 0xc0,

    /* U+0067 "g" */
    0x0, 0x3f, 0x7e, 0x27, 0x30, 0x54, 0x4d, 0xdc,
    0x20, 0x4b, 0x4e, 0x8f, 0x40, 0x7, 0x5, 0x0,
    0x94, 0x3, 0xfe, 0x70, 0x60, 0x9, 0x80, 0x4,
    0xd2, 0xe8, 0xf2, 0x6, 0x13, 0x13, 0x77, 0x0,
    0x67, 0xef, 0xc7, 0x7, 0xc, 0xb6, 0x46, 0xd4,
    0x20, 0xf1, 0x8b, 0xb3, 0x58, 0x0,

    /* U+0068 "h" */
    0xba, 0x0, 0xff, 0xe6, 0x4f, 0x7d, 0x90, 0x1,
    0x55, 0x72, 0xde, 0x0, 0x1c, 0x56, 0xe2, 0x30,
    0x40, 0x8, 0xc1, 0xc0, 0x3e, 0x10, 0xf, 0xfe,
    0x60,

    /* U+0069 "i" */
    0xba, 0x12, 0xa8, 0xba, 0x0, 0xff, 0xe1, 0x0,

    /* U+006A "j" */
    0x0, 0xaa, 0xc0, 0x23, 0x20, 0xa, 0x64, 0x1,
    0x55, 0x80, 0x7f, 0xf6, 0xc4, 0x19, 0x11, 0xa3,
    0x76, 0x47,

    /* U+006B "k" */
    0xba, 0x0, 0xff, 0xe7, 0xe6, 0x0, 0x30, 0xe0,
    0x60, 0x4, 0x3a, 0x3a, 0x1, 0xe, 0x9d, 0x88,
    0x4, 0x82, 0x90, 0x20, 0x11, 0x65, 0x9e, 0x80,
    0x4e, 0x21, 0xc6, 0xe0, 0x1c, 0x73, 0x6,

    /* U+006C "l" */
    0xba, 0x0, 0xff, 0xe4, 0x0,

    /* U+006D "m" */
    0xb9, 0x97, 0x7d, 0xa, 0xef, 0xea, 0x0, 0x18,
    0xaa, 0x53, 0x2a, 0xec, 0xf6, 0x40, 0x36, 0x8d,
    0x5, 0x2c, 0x94, 0x2a, 0x8, 0x1, 0x10, 0x20,
    0x4, 0x5c, 0x1, 0xce, 0x6, 0x1, 0xff, 0xe0,

    /* U+006E "n" */
    0xb9, 0x97, 0x7d, 0x90, 0x1, 0x8a, 0xa8, 0xde,
    0x0, 0x1b, 0x45, 0xe2, 0x30, 0x40, 0x8, 0xc1,
    0xc0, 0x3e, 0x10, 0xf, 0xfe, 0x60,

    /* U+006F "o" */
    0x0, 0x3e, 0xfe, 0xb0, 0x5, 0x31, 0x56, 0xb2,
    0xe0, 0x4d, 0x4e, 0x91, 0x10, 0x38, 0x28, 0x4,
    0xc0, 0x60, 0x1e, 0x30, 0x3, 0x82, 0x80, 0x4a,
    0x6, 0x4d, 0x4e, 0x91, 0x10, 0x2, 0x62, 0xad,
    0x65, 0xc0,

    /* U+0070 "p" */
    0xb9, 0x8e, 0xfc, 0x30, 0x3, 0x25, 0x63, 0x61,
    0x80, 0xe2, 0x1d, 0x1c, 0x2, 0x0, 0x6b, 0x50,
    0xf, 0xe5, 0x10, 0xa, 0x90, 0x1, 0x8a, 0xac,
    0x29, 0x5, 0x55, 0xd0, 0x61, 0x80, 0x23, 0xbf,
    0xc, 0x3, 0xff, 0x8a,

    /* U+0071 "q" */
    0x0, 0x47, 0x7e, 0x1f, 0xa0, 0x53, 0xcd, 0xa6,
    0x80, 0x9, 0x69, 0xd2, 0x24, 0x0, 0xe0, 0xa0,
    0x13, 0x0, 0x7f, 0xce, 0xa, 0x1, 0x30, 0x0,
    0x96, 0x9d, 0x22, 0x0, 0x15, 0x3c, 0xda, 0x58,
    0x6, 0x8e, 0xfc, 0x50, 0xf, 0xfe, 0x40,

    /* U+0072 "r" */
    0xb9, 0x97, 0x20, 0x32, 0x42, 0x80, 0xe3, 0x8,
    0x28, 0x80, 0x42, 0x1, 0xff, 0xc6,

    /* U+0073 "s" */
    0x5, 0xdf, 0xea, 0x13, 0xaa, 0x65, 0x80, 0xb0,
    0x39, 0xad, 0x2, 0xf, 0x4b, 0x8, 0xf, 0xc1,
    0xc7, 0x18, 0xb, 0x57, 0x15, 0x36, 0x32, 0x31,
    0x7a, 0x34, 0x5d, 0xa1, 0x80,

    /* U+0074 "t" */
    0x8, 0xd0, 0xf, 0xec, 0x72, 0xff, 0x7, 0x31,
    0x66, 0x81, 0x8, 0x19, 0x0, 0x7f, 0xf2, 0x34,
    0x95, 0x42, 0xa, 0xd5, 0x4,

    /* U+0075 "u" */
    0xc8, 0x0, 0x8b, 0xcc, 0x3, 0xff, 0x9a, 0x20,
    0x10, 0x80, 0x19, 0x40, 0x24, 0x0, 0x79, 0xca,
    0xc4, 0x0, 0xb, 0x29, 0x49, 0x60, 0x0,

    /* U+0076 "v" */
    0xd, 0x90, 0xd, 0x54, 0xb, 0x70, 0x8, 0x56,
    0x41, 0x85, 0x40, 0xc, 0x46, 0x0, 0x69, 0x0,
    0x4d, 0x80, 0x54, 0x64, 0x82, 0xc0, 0x11, 0x9a,
    0xbd, 0x80, 0x3a, 0x9d, 0x28, 0x3, 0x98, 0xc,
    0xc0, 0x0,

    /* U+0077 "w" */
    0xc8, 0x0, 0x9b, 0xc4, 0x2, 0xd5, 0xa5, 0x0,
    0xa8, 0x1c, 0x0, 0x64, 0xae, 0x46, 0x4, 0x6d,
    0x40, 0xa, 0x50, 0x14, 0xb0, 0x54, 0xb3, 0x10,
    0x7e, 0x0, 0x73, 0x5, 0x69, 0x1b, 0x20, 0x20,
    0x1, 0x45, 0x89, 0x82, 0xed, 0xae, 0x1, 0x96,
    0x54, 0x0, 0xc6, 0xda, 0x1, 0xbc, 0x38, 0x0,
    0x28, 0x28, 0x0,

    /* U+0078 "x" */
    0x4f, 0x30, 0x3, 0xf0, 0xa3, 0x70, 0x14, 0x50,
    0x84, 0x84, 0xfb, 0x20, 0x5, 0xcc, 0x12, 0x1,
    0x9c, 0xc, 0x40, 0x21, 0xa8, 0x2a, 0x0, 0xa9,
    0x5f, 0x51, 0xc1, 0xd6, 0x80, 0x6a, 0xc,

    /* U+0079 "y" */
    0xd, 0x90, 0xd, 0x54, 0xb, 0x60, 0x8, 0x56,
    0x41, 0x81, 0x80, 0xc, 0x46, 0x0, 0x6a, 0x0,
    0x4d, 0x80, 0x56, 0x66, 0x41, 0x60, 0x8, 0x8e,
    0xbd, 0x80, 0x3a, 0x59, 0x2c, 0x3, 0x94, 0x4c,
    0x80, 0x3e, 0x90, 0xd, 0x29, 0x46, 0xa0, 0x10,
    0x95, 0xb7, 0x80, 0x60,

    /* U+007A "z" */
    0x5f, 0xfe, 0xa4, 0xcc, 0xa0, 0x38, 0x4c, 0xc5,
    0x30, 0x80, 0x16, 0xab, 0x80, 0x50, 0x54, 0x1,
    0x23, 0xd0, 0x80, 0x6, 0x95, 0xcc, 0xc4, 0xe2,
    0xb9, 0x97, 0x0,

    /* U+007B "{" */
    0x0, 0x37, 0x50, 0x2, 0x52, 0x0, 0x43, 0x88,
    0x3, 0xfe, 0x20, 0x70, 0x3c, 0x33, 0x1, 0xc9,
    0x98, 0x0, 0xe0, 0xe0, 0x1f, 0xfc, 0x51, 0xe,
    0x20, 0x5, 0x24, 0x0,

    /* U+007C "|" */
    0x8b, 0x0, 0xff, 0xe7, 0x0,

    /* U+007D "}" */
    0xbe, 0x50, 0x4, 0xa5, 0x80, 0xb, 0xc4, 0x3,
    0xff, 0x82, 0x20, 0x20, 0x4, 0x2e, 0x10, 0x42,
    0xa1, 0x1, 0x5, 0x0, 0xff, 0xe2, 0x17, 0x88,
    0x2, 0x52, 0xc0, 0x0,

    /* U+007E "~" */
    0x7, 0xec, 0x40, 0xb4, 0x19, 0xf9, 0xaf, 0x74,
    0x1f, 0x15, 0xee, 0x60, 0x0,

    /* U+00A0 " " */

    /* U+00A1 "¡" */
    0xc, 0x90, 0x7e, 0xb, 0x70, 0x96, 0x2, 0x10,
    0xc, 0xfe, 0x2, 0x20, 0xc, 0x66,

    /* U+00A2 "¢" */
    0x0, 0xda, 0x1, 0xff, 0xc1, 0x8e, 0x2e, 0x70,
    0x5, 0x3c, 0x8c, 0xc2, 0x12, 0xd3, 0x9b, 0xf2,
    0x38, 0x28, 0x4, 0x20, 0x1f, 0xc8, 0xc, 0x1,
    0x20, 0xc, 0x4d, 0x1d, 0x5a, 0x3, 0xd0, 0x8d,
    0x68, 0x0, 0x5b, 0x2b, 0x40, 0xe, 0xa0, 0x8,

    /* U+00A3 "£" */
    0x0, 0x9b, 0x3f, 0xd8, 0xa0, 0x7, 0x95, 0x99,
    0x21, 0x80, 0x25, 0xe5, 0x99, 0xc, 0x0, 0x1d,
    0x0, 0xe8, 0xf0, 0xaf, 0xf8, 0x1, 0x1e, 0x15,
    0xff, 0x0, 0x7f, 0xf2, 0x9, 0x43, 0x51, 0x31,
    0x5d, 0x3, 0xdd, 0xe8,

    /* U+00A4 "¤" */
    0x26, 0x0, 0xf4, 0x0, 0xcb, 0xd7, 0x72, 0x69,
    0x84, 0xea, 0x3, 0x69, 0x55, 0x82, 0x1a, 0x94,
    0x69, 0x84, 0xe0, 0x4, 0xf0, 0xd, 0x58, 0x0,
    0x10, 0xe, 0x13, 0x0, 0x3e, 0x80, 0x6a, 0xc0,
    0x7, 0x34, 0x0, 0xc9, 0xb8, 0xc, 0xa2, 0xff,
    0x29, 0xd0, 0x2b, 0xde, 0xf7, 0x33, 0x5c, 0x52,
    0x80, 0x2, 0x20, 0x1c, 0x10,

    /* U+00A5 "¥" */
    0xa, 0xc0, 0xf, 0x6c, 0x85, 0xc, 0x80, 0x69,
    0x19, 0x0, 0x7b, 0x28, 0x1, 0x9f, 0x40, 0x22,
    0xaa, 0x11, 0xcd, 0x8, 0x6, 0x56, 0xfe, 0x74,
    0x0, 0xd3, 0xa8, 0x44, 0x5d, 0x80, 0xa, 0x77,
    0x46, 0xbb, 0xa8, 0x0, 0xa7, 0x74, 0x6b, 0xba,
    0x80, 0xa, 0x77, 0x46, 0xbb, 0xa8, 0x0, 0xff,
    0xe0, 0x0,

    /* U+00A6 "¦" */
    0x8b, 0x0, 0xfd, 0x52, 0x44, 0x0, 0x9, 0x4c,
    0x80, 0x3f, 0x0,

    /* U+00A7 "§" */
    0x2, 0xbe, 0xfb, 0x30, 0xc2, 0xdc, 0x37, 0x21,
    0x83, 0x34, 0x21, 0x13, 0x54, 0x40, 0x21, 0x8,
    0xe9, 0x6, 0xc, 0xdc, 0x76, 0x2, 0x10, 0x35,
    0x17, 0x2e, 0xa9, 0x55, 0xe, 0x60, 0x9c, 0x88,
    0x0, 0x38, 0xf3, 0x25, 0x71, 0x4, 0x3, 0x1a,
    0xef, 0xba, 0x14, 0xde, 0xde, 0x50,

    /* U+00A8 "¨" */
    0x42, 0x6, 0xe, 0x51, 0x81,

    /* U+00A9 "©" */
    0x0, 0x92, 0xaa, 0x70, 0xe, 0x93, 0xaa, 0x8e,
    0xc4, 0x0, 0xf8, 0xf3, 0xb8, 0x13, 0x60, 0xc,
    0x5a, 0x2f, 0xaf, 0x22, 0x19, 0xb4, 0x56, 0x89,
    0xac, 0x2d, 0x1c, 0xcc, 0x22, 0x0, 0xc3, 0xee,
    0x46, 0x20, 0x1c, 0x3e, 0x78, 0x29, 0x0, 0x52,
    0x16, 0xa1, 0x8b, 0x49, 0xfb, 0xe4, 0x50, 0x3e,
    0x36, 0x7f, 0x8e, 0x6c, 0x2, 0x92, 0xaa, 0x8e,
    0xc4, 0x0,

    /* U+00AA "ª" */
    0x1b, 0xcd, 0x31, 0xac, 0x89, 0x1b, 0xae, 0x67,
    0x2a, 0xe0, 0x73, 0xbc, 0x60,

    /* U+00AB "«" */
    0x0, 0x3b, 0x82, 0x8c, 0xe, 0x5a, 0x4, 0xc3,
    0xac, 0x9a, 0x80, 0x88, 0xca, 0x62, 0x5, 0x3c,
    0xcc, 0x80, 0x3, 0x32, 0x29, 0x8c,

    /* U+00AC "¬" */
    0x1f, 0xff, 0x18, 0xe6, 0x70, 0x4, 0x67, 0xc0,
    0x1f, 0x94, 0x40,

    /* U+00AE "®" */
    0x0, 0x92, 0xaa, 0x70, 0xe, 0x93, 0xaa, 0x8e,
    0xc4, 0x0, 0xf8, 0x5d, 0xb8, 0xf3, 0x60, 0xc,
    0x53, 0x7d, 0xed, 0x22, 0x19, 0xb4, 0x3, 0x11,
    0x8d, 0xa3, 0x98, 0x6, 0x23, 0x11, 0x7b, 0x90,
    0x1, 0xf7, 0x56, 0x3, 0xe7, 0x80, 0x7, 0xd7,
    0x20, 0xb5, 0xc, 0x52, 0xf0, 0x8e, 0x32, 0x20,
    0x3e, 0x1b, 0x0, 0x32, 0x2c, 0x2, 0x92, 0xaa,
    0x8e, 0xc4, 0x0,

    /* U+00AF "¯" */
    0x1e, 0xec, 0xc0,

    /* U+00B0 "°" */
    0x4, 0xcc, 0x18, 0x17, 0xe6, 0xf8, 0x3e, 0x0,
    0xa9, 0xbe, 0x0, 0xa9, 0x97, 0x66, 0xf8, 0x0,

    /* U+00B1 "±" */
    0x0, 0xa2, 0x80, 0x3f, 0xf8, 0x1f, 0xe7, 0x5f,
    0xf1, 0x86, 0xe9, 0x93, 0x74, 0x60, 0x44, 0x11,
    0x11, 0x0, 0x3f, 0xf8, 0x17, 0xc0, 0x18, 0xcc,
    0xe, 0x66, 0x1, 0xcc, 0xf1, 0x80,

    /* U+00B2 "²" */
    0x2c, 0xee, 0x30, 0x3, 0xfb, 0xe4, 0x8, 0xc1,
    0x4c, 0x2, 0x58, 0xd0, 0x3, 0x4e, 0x88, 0x24,
    0x96, 0x6a, 0x0,

    /* U+00B3 "³" */
    0x6d, 0xd7, 0x78, 0x36, 0xe9, 0x6c, 0x2, 0xa7,
    0x60, 0xa, 0x27, 0xc8, 0xb2, 0x88, 0x9b, 0xba,
    0x43,

    /* U+00B4 "´" */
    0x6, 0xe3, 0x6b, 0xc3,

    /* U+00B5 "µ" */
    0xba, 0x0, 0x87, 0xd0, 0x3, 0xff, 0xa2, 0x60,
    0x13, 0x0, 0x48, 0x1, 0x1c, 0x1b, 0x40, 0x4,
    0x87, 0x97, 0x60, 0x8, 0x6f, 0xf5, 0x7d, 0x0,
    0x3f, 0xf8, 0x80,

    /* U+00B6 "¶" */
    0x7, 0xdf, 0xfd, 0x2d, 0x4, 0x13, 0xac, 0x18,
    0x1, 0x11, 0x4, 0xc, 0x3, 0xe8, 0x20, 0xf,
    0xe, 0xd8, 0x80, 0x79, 0xc, 0x3, 0xff, 0xc6,
    0xac, 0x1b, 0xe0,

    /* U+00B7 "·" */
    0x0, 0xdd, 0x40, 0x66,

    /* U+00B8 "¸" */
    0x0, 0x8, 0x1, 0x60, 0x0, 0xe6, 0xe7, 0xec,
    0x80,

    /* U+00B9 "¹" */
    0xae, 0xc0, 0x5, 0x68, 0x7, 0xff, 0x1a, 0xf4,
    0xf4, 0x80,

    /* U+00BA "º" */
    0x7, 0xed, 0x60, 0x5c, 0xed, 0xb3, 0xdd, 0x0,
    0x11, 0x73, 0x40, 0x51, 0x2d, 0xd6, 0x41, 0x0,

    /* U+00BB "»" */
    0x3a, 0x6, 0x70, 0x1, 0x84, 0xbc, 0xa0, 0x2,
    0xdd, 0x6a, 0x82, 0x2, 0x46, 0xc2, 0x60, 0xe0,
    0xfd, 0x4, 0x73, 0xae, 0xf0, 0x0,

    /* U+00BC "¼" */
    0xad, 0xb0, 0xe, 0x3b, 0x0, 0xd5, 0xce, 0x1,
    0xdd, 0x0, 0x1f, 0xf4, 0x29, 0x80, 0x7f, 0x89,
    0x60, 0x3, 0xfe, 0xe9, 0x0, 0x52, 0x80, 0x2f,
    0x8b, 0x49, 0xd5, 0x1, 0x85, 0x40, 0x17, 0xbd,
    0xa1, 0x52, 0x3, 0x74, 0x80, 0x1e, 0x99, 0x0,
    0x2a, 0x6, 0x80, 0x39, 0x85, 0x0, 0xd6, 0x34,
    0x74, 0x40, 0x3, 0x76, 0x0, 0x1f, 0x6e, 0x83,
    0x44, 0x0, 0x5c, 0x20, 0x1e, 0x90, 0x0,

    /* U+00BD "½" */
    0xad, 0xb0, 0xe, 0x3b, 0x0, 0xab, 0x9c, 0x3,
    0xbe, 0x0, 0x3f, 0xce, 0xa6, 0x1, 0xfc, 0x35,
    0x0, 0x1f, 0xeb, 0xb0, 0x80, 0x7f, 0x23, 0x31,
    0xf3, 0x68, 0x2f, 0x8b, 0x4e, 0x78, 0xb, 0x34,
    0x1e, 0xf7, 0xb6, 0xd4, 0x81, 0x40, 0xc, 0x80,
    0x11, 0x2c, 0x0, 0x43, 0x74, 0x60, 0x17, 0x48,
    0x4, 0x5b, 0xec, 0x1, 0x2b, 0x20, 0x5, 0xc5,
    0x5d, 0x40,

    /* U+00BE "¾" */
    0x5d, 0xdb, 0x80, 0x31, 0xd8, 0x6, 0x5d, 0xd3,
    0x58, 0x6, 0xe8, 0x0, 0xf5, 0x3b, 0x80, 0x28,
    0x53, 0x0, 0xf4, 0x43, 0xc8, 0x9, 0x60, 0x3,
    0x8c, 0xc4, 0x82, 0x20, 0xe9, 0x0, 0x5a, 0x80,
    0x51, 0xda, 0x86, 0xea, 0x80, 0xc2, 0xa0, 0x3,
    0xbe, 0xd8, 0x2a, 0x90, 0x2b, 0xb2, 0x80, 0x7d,
    0x32, 0x0, 0x4c, 0xd, 0x80, 0x79, 0x85, 0x0,
    0xd6, 0x34, 0x74, 0x40, 0x21, 0xbb, 0x0, 0xf,
    0xb7, 0x41, 0xa2, 0x1, 0x17, 0x8, 0x7, 0xa4,
    0x0,

    /* U+00BF "¿" */
    0x0, 0xa3, 0x40, 0x3d, 0xec, 0x1, 0xe7, 0xb0,
    0xf, 0x33, 0x80, 0x70, 0xc0, 0x7, 0xe, 0x2b,
    0x80, 0x6a, 0x1b, 0x0, 0xe4, 0xa0, 0xf, 0x15,
    0x18, 0x1e, 0xc8, 0x70, 0xe7, 0xe3, 0x40, 0x1e,
    0xf6, 0x75, 0x88,

    /* U+00C0 "À" */
    0x0, 0x85, 0xd0, 0x3, 0xf8, 0x4e, 0x90, 0x3,
    0xf9, 0x34, 0xc0, 0x3f, 0xc6, 0xe0, 0x1f, 0xec,
    0xf1, 0x0, 0xfc, 0x66, 0x26, 0x0, 0xfd, 0xd,
    0x72, 0x1, 0xf1, 0x25, 0xb0, 0x28, 0x7, 0xad,
    0x48, 0x26, 0x0, 0x38, 0x5a, 0x40, 0xe, 0x48,
    0x1, 0x98, 0x33, 0xfe, 0xf, 0x0, 0xd3, 0x19,
    0x9a, 0xd0, 0x80, 0xa, 0x2e, 0x67, 0x90, 0xec,
    0x1, 0x2c, 0x1, 0xea, 0x61,

    /* U+00C1 "Á" */
    0x0, 0xf1, 0x41, 0x80, 0x7e, 0x1f, 0x3, 0x0,
    0xfc, 0x93, 0x0, 0x1f, 0xca, 0x80, 0x1f, 0xec,
    0xf1, 0x0, 0xfc, 0x66, 0x26, 0x0, 0xfd, 0xd,
    0x72, 0x1, 0xf1, 0x25, 0xb0, 0x28, 0x7, 0xad,
    0x48, 0x26, 0x0, 0x38, 0x5a, 0x40, 0xe, 0x48,
    0x1, 0x98, 0x33, 0xfe, 0xf, 0x0, 0xd3, 0x19,
    0x9a, 0xd0, 0x80, 0xa, 0x2e, 0x67, 0x90, 0xec,
    0x1, 0x2c, 0x1, 0xea, 0x61,

    /* U+00C2 "Â" */
    0x0, 0xe6, 0x70, 0xf, 0xe7, 0xbd, 0xa0, 0xf,
    0x84, 0x32, 0xb0, 0xc0, 0x3c, 0x2e, 0x20, 0xc6,
    0x1, 0xfb, 0x3c, 0x40, 0x3f, 0x19, 0x89, 0x80,
    0x3f, 0x43, 0x5c, 0x80, 0x7c, 0x49, 0x6c, 0xa,
    0x1, 0xeb, 0x52, 0x9, 0x80, 0xe, 0x16, 0x90,
    0x3, 0x92, 0x0, 0x66, 0xc, 0xff, 0x83, 0xc0,
    0x34, 0xc6, 0x66, 0xb4, 0x20, 0x2, 0x8b, 0x99,
    0xe4, 0x3b, 0x0, 0x4b, 0x0, 0x7a, 0x98, 0x40,

    /* U+00C3 "Ã" */
    0x0, 0xd9, 0xa8, 0xb0, 0x1, 0xe5, 0x4f, 0xf4,
    0x50, 0x7, 0x96, 0xa, 0xf4, 0x80, 0x3f, 0x67,
    0x88, 0x7, 0xe3, 0x31, 0x30, 0x7, 0xe8, 0x6b,
    0x90, 0xf, 0x89, 0x2d, 0x81, 0x40, 0x3d, 0x6a,
    0x41, 0x30, 0x1, 0xc2, 0xd2, 0x0, 0x72, 0x40,
    0xc, 0xc1, 0x9f, 0xf0, 0x78, 0x6, 0x98, 0xcc,
    0xd6, 0x84, 0x0, 0x51, 0x73, 0x3c, 0x87, 0x60,
    0x9, 0x60, 0xf, 0x53, 0x8,

    /* U+00C4 "Ä" */
    0x0, 0xd6, 0xa5, 0xc0, 0x1f, 0xb9, 0xca, 0x0,
    0x3f, 0x29, 0x3, 0x0, 0x7f, 0x67, 0x88, 0x7,
    0xe3, 0x31, 0x30, 0x7, 0xe8, 0x6b, 0x90, 0xf,
    0x89, 0x2d, 0x81, 0x40, 0x3d, 0x6a, 0x41, 0x30,
    0x1, 0xc2, 0xd2, 0x0, 0x72, 0x40, 0xc, 0xc1,
    0x9f, 0xf0, 0x78, 0x6, 0x98, 0xcc, 0xd6, 0x84,
    0x0, 0x51, 0x73, 0x3c, 0x87, 0x60, 0x9, 0x60,
    0xf, 0x53, 0x8,

    /* U+00C5 "Å" */
    0x0, 0xe8, 0x91, 0x0, 0xfc, 0xbb, 0x12, 0x1,
    0xff, 0xc8, 0x5c, 0x89, 0x0, 0xfe, 0x99, 0x8,
    0x7, 0xf6, 0x78, 0x80, 0x7e, 0x33, 0x13, 0x0,
    0x7e, 0x86, 0xb9, 0x0, 0xf8, 0x92, 0xd8, 0x14,
    0x3, 0xd6, 0xa4, 0x13, 0x0, 0x1c, 0x2d, 0x20,
    0x7, 0x24, 0x0, 0xcc, 0x19, 0xff, 0x7, 0x80,
    0x69, 0x8c, 0xcd, 0x68, 0x40, 0x5, 0x17, 0x33,
    0xc8, 0x76, 0x0, 0x96, 0x0, 0xf5, 0x30, 0x80,

    /* U+00C6 "Æ" */
    0x0, 0xf3, 0xff, 0xfd, 0x40, 0x1c, 0x30, 0xa1,
    0x37, 0x7a, 0x40, 0x3a, 0xd2, 0x41, 0x13, 0x8c,
    0x3, 0x1a, 0xc8, 0x7, 0xff, 0x3, 0xe0, 0x80,
    0x1b, 0xff, 0x84, 0x2, 0x61, 0x70, 0xa, 0xb3,
    0x30, 0x80, 0x50, 0x5f, 0xec, 0x7, 0x33, 0xc0,
    0x14, 0x2e, 0x65, 0x20, 0x1f, 0x89, 0xe0, 0xce,
    0x50, 0x44, 0xf0, 0x4a, 0x98, 0x7, 0x4d, 0xde,
    0xa0,

    /* U+00C7 "Ç" */
    0x0, 0x9f, 0x7f, 0xd6, 0x80, 0x1, 0xc8, 0x49,
    0x90, 0xda, 0x85, 0x96, 0xcb, 0x32, 0xb1, 0x45,
    0x60, 0x80, 0x31, 0x82, 0x82, 0x0, 0x7f, 0xf1,
    0x54, 0x10, 0x3, 0xe1, 0x58, 0x20, 0xc, 0x60,
    0xb, 0x2d, 0x96, 0x65, 0x62, 0x80, 0xe4, 0x24,
    0xc8, 0x6d, 0x40, 0x27, 0xd3, 0xcb, 0x40, 0xf,
    0x46, 0x88, 0x7, 0xa6, 0x4a, 0x20, 0x0,

    /* U+00C8 "È" */
    0x2, 0x82, 0x0, 0xe2, 0xfc, 0x20, 0xe, 0x7a,
    0x70, 0xf, 0x22, 0x80, 0x51, 0xff, 0xe6, 0x1,
    0xbb, 0xe7, 0x0, 0x22, 0x70, 0x80, 0x7f, 0xf,
    0xfe, 0xc0, 0x0, 0xe6, 0x6e, 0x0, 0x8c, 0xf1,
    0x0, 0x7f, 0xc8, 0x9c, 0x40, 0x37, 0x7e,

    /* U+00C9 "É" */
    0x0, 0xc6, 0xe2, 0x1, 0x8f, 0x48, 0x40, 0x32,
    0xea, 0x80, 0x73, 0x18, 0x5, 0x1f, 0xfe, 0x60,
    0x1b, 0xbe, 0x70, 0x2, 0x27, 0x8, 0x7, 0xf0,
    0xff, 0xec, 0x0, 0xe, 0x66, 0xe0, 0x8, 0xcf,
    0x10, 0x7, 0xfc, 0x89, 0xc4, 0x3, 0x77, 0xe0,

    /* U+00CA "Ê" */
    0x0, 0x9d, 0x80, 0x3a, 0xb2, 0xa0, 0x2, 0x2d,
    0xbc, 0xf1, 0x0, 0x13, 0x80, 0x1c, 0x42, 0x3f,
    0xfc, 0xc0, 0x37, 0x7c, 0xe0, 0x4, 0x4e, 0x10,
    0xf, 0xe1, 0xff, 0xd8, 0x0, 0x1c, 0xcd, 0xc0,
    0x11, 0x9e, 0x20, 0xf, 0xf9, 0x13, 0x88, 0x6,
    0xef, 0xc0,

    /* U+00CB "Ë" */
    0x0, 0x69, 0xae, 0x0, 0x6b, 0x27, 0x90, 0xc,
    0xc2, 0x4a, 0x0, 0x8f, 0xff, 0x30, 0xd, 0xdf,
    0x38, 0x1, 0x13, 0x84, 0x3, 0xf8, 0x7f, 0xf6,
    0x0, 0x7, 0x33, 0x70, 0x4, 0x67, 0x88, 0x3,
    0xfe, 0x44, 0xe2, 0x1, 0xbb, 0xf0,

    /* U+00CC "Ì" */
    0x17, 0x40, 0x0, 0x9d, 0x20, 0x1, 0x30, 0xc0,
    0x22, 0x70, 0xa, 0x38, 0x3, 0xff, 0xc4,

    /* U+00CD "Í" */
    0x1, 0x73, 0x1c, 0xf3, 0x48, 0x80, 0x2a, 0x80,
    0x11, 0xc0, 0x1f, 0xfd, 0xa0,

    /* U+00CE "Î" */
    0x0, 0x2b, 0x80, 0x4d, 0x1b, 0x60, 0x1, 0xca,
    0xd3, 0x7, 0x10, 0x63, 0x0, 0x47, 0x0, 0x7f,
    0xfb, 0x0,

    /* U+00CF "Ï" */
    0xa6, 0x1e, 0x1e, 0x41, 0x81, 0x42, 0x6, 0x0,
    0x47, 0x0, 0x7f, 0xf8, 0xc0,

    /* U+00D0 "Ð" */
    0x6, 0xff, 0xdd, 0x6a, 0x1, 0xd7, 0x74, 0x5,
    0x48, 0x6, 0x44, 0x9a, 0xe9, 0x94, 0x3, 0xf2,
    0xa4, 0xec, 0x87, 0xfa, 0xc0, 0x2c, 0x3f, 0x60,
    0xdd, 0x48, 0x7, 0x17, 0x81, 0x14, 0x1, 0x61,
    0x80, 0x7e, 0x54, 0x90, 0x9, 0x12, 0x6b, 0xa6,
    0x50, 0xa, 0xee, 0x80, 0xa9, 0x0,

    /* U+00D1 "Ñ" */
    0x0, 0x2f, 0x50, 0xe0, 0x80, 0x53, 0x98, 0xf5,
    0x10, 0xb, 0x9, 0xba, 0x40, 0x11, 0xc2, 0x1,
    0xa3, 0x80, 0x74, 0x3, 0xf1, 0xc8, 0x7, 0x86,
    0x59, 0x80, 0x1e, 0x66, 0x49, 0x80, 0x7a, 0x4f,
    0x44, 0x3, 0xda, 0x14, 0x1, 0xe1, 0xd4, 0x60,
    0xf, 0x1c, 0x88, 0x7, 0xcc, 0xa0,

    /* U+00D2 "Ò" */
    0x0, 0x8e, 0x8, 0x3, 0xf8, 0xff, 0xc2, 0x1,
    0xfc, 0xf2, 0x80, 0x1f, 0xe4, 0x50, 0xf, 0xcf,
    0x9f, 0xec, 0x50, 0xc, 0x39, 0xb, 0x32, 0x7a,
    0xa0, 0x5, 0x65, 0xb2, 0xcc, 0xba, 0x56, 0x1,
    0x58, 0x20, 0xc, 0xaa, 0xb0, 0x50, 0x40, 0xf,
    0x61, 0x0, 0x7f, 0xf0, 0x54, 0x10, 0x3, 0xd8,
    0x40, 0x2b, 0x4, 0x1, 0x95, 0x56, 0x0, 0xb2,
    0xd9, 0x66, 0x5d, 0x2b, 0x0, 0x7, 0x21, 0x26,
    0x4f, 0x54, 0x0, 0x0,

    /* U+00D3 "Ó" */
    0x0, 0xf1, 0xb8, 0x80, 0x7e, 0x3d, 0x21, 0x0,
    0xfc, 0x9a, 0xa0, 0x1f, 0xce, 0x60, 0x1f, 0x9f,
    0x3f, 0xd8, 0xa0, 0x18, 0x72, 0x16, 0x64, 0xf5,
    0x40, 0xa, 0xcb, 0x65, 0x99, 0x74, 0xac, 0x2,
    0xb0, 0x40, 0x19, 0x55, 0x60, 0xa0, 0x80, 0x1e,
    0xc2, 0x0, 0xff, 0xe0, 0xa8, 0x20, 0x7, 0xb0,
    0x80, 0x56, 0x8, 0x3, 0x2a, 0xac, 0x1, 0x65,
    0xb2, 0xcc, 0xba, 0x56, 0x0, 0xe, 0x42, 0x4c,
    0x9e, 0xa8, 0x0,

    /* U+00D4 "Ô" */
    0x0, 0xe7, 0x60, 0xf, 0xea, 0xda, 0x70, 0xf,
    0x8f, 0x2b, 0x0, 0x40, 0x3c, 0x6c, 0x0, 0x71,
    0x0, 0xf3, 0xe7, 0xfb, 0x14, 0x3, 0xe, 0x42,
    0xcc, 0x9e, 0xa8, 0x1, 0x59, 0x6c, 0xb3, 0x2e,
    0x95, 0x80, 0x56, 0x8, 0x3, 0x2a, 0xac, 0x14,
    0x10, 0x3, 0xd8, 0x40, 0x1f, 0xfc, 0x15, 0x4,
    0x0, 0xf6, 0x10, 0xa, 0xc1, 0x0, 0x65, 0x55,
    0x80, 0x2c, 0xb6, 0x59, 0x97, 0x4a, 0xc0, 0x1,
    0xc8, 0x49, 0x93, 0xd5, 0x0, 0x0,

    /* U+00D5 "Õ" */
    0x0, 0x8b, 0x6c, 0xa1, 0x40, 0x3d, 0x71, 0xfe,
    0x45, 0x0, 0xf4, 0xaa, 0x6e, 0x0, 0x7c, 0xf9,
    0xfe, 0xc5, 0x0, 0xc3, 0x90, 0xb3, 0x27, 0xaa,
    0x0, 0x56, 0x5b, 0x2c, 0xcb, 0xa5, 0x60, 0x15,
    0x82, 0x0, 0xca, 0xab, 0x5, 0x4, 0x0, 0xf6,
    0x10, 0x7, 0xff, 0x5, 0x41, 0x0, 0x3d, 0x84,
    0x2, 0xb0, 0x40, 0x19, 0x55, 0x60, 0xb, 0x2d,
    0x96, 0x65, 0xd2, 0xb0, 0x0, 0x72, 0x12, 0x64,
    0xf5, 0x40, 0x0,

    /* U+00D6 "Ö" */
    0x0, 0xdc, 0x4b, 0x60, 0x1f, 0xa0, 0x9f, 0x80,
    0x3f, 0x30, 0x12, 0x80, 0x7c, 0xf9, 0xfe, 0xc5,
    0x0, 0xc3, 0x90, 0xb3, 0x27, 0xaa, 0x0, 0x56,
    0x5b, 0x2c, 0xcb, 0xa5, 0x60, 0x15, 0x82, 0x0,
    0xca, 0xab, 0x5, 0x4, 0x0, 0xf6, 0x10, 0x7,
    0xff, 0x5, 0x41, 0x0, 0x3d, 0x84, 0x2, 0xb0,
    0x40, 0x19, 0x55, 0x60, 0xb, 0x2d, 0x96, 0x65,
    0xd2, 0xb0, 0x0, 0x72, 0x12, 0x64, 0xf5, 0x40,
    0x0,

    /* U+00D7 "×" */
    0x0, 0xf1, 0xd8, 0x2, 0x54, 0xde, 0xa1, 0xdc,
    0x1a, 0x8f, 0x84, 0xe, 0x22, 0xa0, 0x39, 0xbc,
    0x66, 0x1d, 0xa1, 0x6b, 0x80,

    /* U+00D8 "Ø" */
    0x0, 0xfc, 0x88, 0x0, 0xff, 0x53, 0x80, 0x73,
    0xe7, 0xfc, 0x26, 0x1, 0xe, 0x42, 0xcc, 0x0,
    0x28, 0x2, 0xb2, 0xd9, 0x6f, 0x5a, 0x56, 0x1,
    0x58, 0x20, 0x17, 0x85, 0x55, 0x82, 0x82, 0x0,
    0x21, 0x48, 0x30, 0x80, 0x38, 0x5a, 0x0, 0x39,
    0x41, 0x2, 0x18, 0x80, 0x18, 0x40, 0x2b, 0x8,
    0xd0, 0x0, 0x55, 0x58, 0x2, 0xca, 0xc1, 0xda,
    0xe9, 0x58, 0x0, 0x3e, 0x3, 0x32, 0x7a, 0xa0,
    0x6, 0x97, 0xef, 0xf6, 0x28, 0x4,

    /* U+00D9 "Ù" */
    0x0, 0x2b, 0x80, 0x7c, 0x97, 0x40, 0x1e, 0x1c,
    0xd2, 0x0, 0xf9, 0xc8, 0x2, 0x9c, 0x0, 0xeb,
    0xa0, 0xf, 0xff, 0x8, 0x90, 0x7, 0x31, 0xe8,
    0xa0, 0x4, 0x65, 0x8a, 0x77, 0xd, 0x1a, 0x4a,
    0x18, 0xcc, 0x96, 0x7c, 0x0,

    /* U+00DA "Ú" */
    0x0, 0xe6, 0x60, 0x7, 0xa2, 0xdc, 0x3, 0x8b,
    0xf4, 0x40, 0x38, 0x9c, 0x3, 0x4e, 0x0, 0x75,
    0xd0, 0x7, 0xff, 0x84, 0x48, 0x3, 0x98, 0xf4,
    0x50, 0x2, 0x32, 0xc5, 0x3b, 0x86, 0x8d, 0x25,
    0xc, 0x66, 0x4b, 0x3e, 0x0,

    /* U+00DB "Û" */
    0x0, 0x8a, 0xc, 0x3, 0x8b, 0x3, 0x48, 0x3,
    0x3d, 0x46, 0xa0, 0x6, 0x54, 0x3, 0x60, 0x4,
    0xe0, 0x7, 0x5d, 0x0, 0x7f, 0xf8, 0x44, 0x80,
    0x39, 0x8f, 0x45, 0x0, 0x23, 0x2c, 0x53, 0xb8,
    0x68, 0xd2, 0x50, 0xc6, 0x64, 0xb3, 0xe0, 0x0,

    /* U+00DC "Ü" */
    0x0, 0x2e, 0x5, 0xb0, 0x6, 0x49, 0xe, 0x40,
    0xc, 0x2a, 0xa, 0x40, 0x9, 0xc0, 0xe, 0xba,
    0x0, 0xff, 0xf0, 0x89, 0x0, 0x73, 0x1e, 0x8a,
    0x0, 0x46, 0x58, 0xa7, 0x70, 0xd1, 0xa4, 0xa1,
    0x8c, 0xc9, 0x67, 0xc0,

    /* U+00DD "Ý" */
    0x0, 0xf3, 0x30, 0x3, 0xf4, 0xd3, 0x80, 0x7c,
    0x5d, 0x82, 0x1, 0xf1, 0x38, 0x7, 0xb2, 0xc0,
    0x3a, 0x70, 0x1, 0xc8, 0xa0, 0x11, 0x37, 0x80,
    0x9, 0xac, 0x2, 0xe6, 0x30, 0xa, 0x42, 0x1,
    0x4a, 0x0, 0x3a, 0xdc, 0xee, 0x4, 0x3, 0x94,
    0xf0, 0x98, 0x3, 0xef, 0x8, 0x0, 0xfc, 0x20,
    0xe0, 0x1f, 0xfc, 0xe0,

    /* U+00DE "Þ" */
    0x8e, 0x0, 0xfc, 0x3f, 0xf6, 0xc0, 0x4, 0x39,
    0x8b, 0xa6, 0xb0, 0x8, 0xcc, 0x8f, 0x48, 0x60,
    0x1e, 0x50, 0x60, 0xf, 0x10, 0x8, 0x6, 0x14,
    0xe2, 0x40, 0x1f, 0xf7, 0x5b, 0x78, 0x0, 0x73,
    0x2e, 0xb2, 0x0, 0x8c, 0xe1, 0x0, 0x80,

    /* U+00DF "ß" */
    0x3, 0xcf, 0xe9, 0x0, 0x16, 0x35, 0xc3, 0xd0,
    0x51, 0x52, 0x34, 0x28, 0x1b, 0x80, 0x46, 0x1,
    0xe3, 0x87, 0x0, 0xd1, 0x85, 0xa0, 0x1a, 0x72,
    0x29, 0x80, 0x21, 0x37, 0x6a, 0x0, 0xff, 0x95,
    0x21, 0xac, 0x2, 0xbb, 0x2c, 0x38,

    /* U+00E0 "à" */
    0x1, 0xca, 0x0, 0xe1, 0xc0, 0x90, 0xf, 0x54,
    0x80, 0x64, 0xcf, 0xea, 0x10, 0x7, 0xdd, 0xcf,
    0xa0, 0xb, 0x74, 0x59, 0x30, 0x2, 0x67, 0x72,
    0x80, 0x86, 0xd3, 0x3e, 0x80, 0xa, 0x12, 0x42,
    0x1, 0x28, 0x49, 0x24, 0x80, 0x6, 0xd7, 0x66,
    0xc0, 0x0,

    /* U+00E1 "á" */
    0x0, 0xd3, 0xa4, 0x1, 0x9c, 0xb0, 0x80, 0x33,
    0xd8, 0x80, 0x49, 0x9f, 0xd4, 0x20, 0xf, 0xbb,
    0x9f, 0x40, 0x16, 0xe8, 0xb2, 0x60, 0x4, 0xce,
    0xe5, 0x1, 0xd, 0xa6, 0x7d, 0x0, 0x14, 0x24,
    0x84, 0x2, 0x50, 0x92, 0x49, 0x0, 0xd, 0xae,
    0xcd, 0x80, 0x0,

    /* U+00E2 "â" */
    0x0, 0x17, 0x70, 0xc0, 0x21, 0xeb, 0xde, 0x20,
    0x0, 0xe2, 0x9e, 0x90, 0x1, 0x33, 0xfa, 0x84,
    0x1, 0xf7, 0x73, 0xe8, 0x2, 0xdd, 0x16, 0x4c,
    0x0, 0x99, 0xdc, 0xa0, 0x21, 0xb4, 0xcf, 0xa0,
    0x2, 0x84, 0x90, 0x80, 0x4a, 0x12, 0x49, 0x20,
    0x1, 0xb5, 0xd9, 0xb0, 0x0,

    /* U+00E3 "ã" */
    0x0, 0x5e, 0x9b, 0xa8, 0x0, 0xcb, 0x22, 0xd4,
    0x0, 0x72, 0x37, 0x80, 0x12, 0x67, 0xf5, 0x8,
    0x3, 0xee, 0xe7, 0xd0, 0x5, 0xba, 0x2c, 0x98,
    0x1, 0x33, 0xb9, 0x40, 0x43, 0x69, 0x9f, 0x40,
    0x5, 0x9, 0x21, 0x0, 0x94, 0x24, 0x92, 0x40,
    0x3, 0x6b, 0xb3, 0x60, 0x0,

    /* U+00E4 "ä" */
    0x0, 0x62, 0x9e, 0x80, 0x69, 0x42, 0xb0, 0xc,
    0xa2, 0x26, 0x0, 0x93, 0x3f, 0xa8, 0x40, 0x1f,
    0x77, 0x3e, 0x80, 0x2d, 0xd1, 0x64, 0xc0, 0x9,
    0x9d, 0xca, 0x2, 0x1b, 0x4c, 0xfa, 0x0, 0x28,
    0x49, 0x8, 0x4, 0xa1, 0x24, 0x92, 0x0, 0x1b,
    0x5d, 0x9b, 0x0, 0x0,

    /* U+00E5 "å" */
    0x0, 0xd, 0x50, 0x80, 0x33, 0xf5, 0xd0, 0x6,
    0x7e, 0xba, 0x0, 0xc3, 0x54, 0x20, 0x9, 0x33,
    0xfa, 0x84, 0x1, 0xf7, 0x73, 0xe8, 0x2, 0xdd,
    0x16, 0x4c, 0x0, 0x99, 0xdc, 0xa0, 0x21, 0xb4,
    0xcf, 0xa0, 0x2, 0x84, 0x90, 0x80, 0x4a, 0x12,
    0x49, 0x20, 0x1, 0xb5, 0xd9, 0xb0, 0x0,

    /* U+00E6 "æ" */
    0x4, 0xcf, 0xf5, 0x8a, 0xef, 0xeb, 0x80, 0x5f,
    0x76, 0xa6, 0xfa, 0x5b, 0xa8, 0x80, 0x2, 0xdd,
    0x16, 0x46, 0x61, 0x1e, 0xdc, 0x41, 0x33, 0xb9,
    0x41, 0x1d, 0xd5, 0x1, 0xd, 0xdb, 0x3e, 0x82,
    0xff, 0xf7, 0x1a, 0x83, 0x10, 0x90, 0x78, 0x8f,
    0x2, 0x85, 0xa3, 0xc2, 0xaa, 0x95, 0x5b, 0x0,
    0x36, 0xf7, 0x53, 0x56, 0xd5, 0x6f, 0x20,

    /* U+00E7 "ç" */
    0x0, 0x3e, 0xfe, 0xb0, 0x2, 0x62, 0xad, 0x65,
    0x9, 0xa9, 0xd2, 0x35, 0x1c, 0x14, 0x2, 0x20,
    0xf, 0xe7, 0x5, 0x0, 0x88, 0x9, 0xa9, 0xd2,
    0x35, 0x2, 0x62, 0x6d, 0x65, 0x0, 0xf, 0x49,
    0xac, 0x1, 0x93, 0x24, 0x3, 0x16, 0xd6, 0x0,
    0x0,

    /* U+00E8 "è" */
    0x0, 0x56, 0x88, 0x7, 0x55, 0x34, 0x3, 0xcf,
    0x80, 0x1d, 0x1d, 0xf8, 0xa0, 0xa, 0x5b, 0xcb,
    0xa5, 0x25, 0xf5, 0x37, 0x74, 0xb8, 0x6f, 0xfc,
    0xe6, 0x0, 0xef, 0xfe, 0x70, 0x60, 0x8, 0x40,
    0x9a, 0x25, 0x1b, 0xd0, 0x26, 0x12, 0xe1, 0x90,

    /* U+00E9 "é" */
    0x0, 0xcb, 0xc8, 0x1, 0x92, 0x31, 0x0, 0x32,
    0x69, 0x0, 0x68, 0xef, 0xc5, 0x0, 0x52, 0xde,
    0x5d, 0x29, 0x2f, 0xa9, 0xbb, 0xa5, 0xc3, 0x7f,
    0xe7, 0x30, 0x7, 0x7f, 0xf3, 0x83, 0x0, 0x42,
    0x4, 0xd1, 0x28, 0xde, 0x81, 0x30, 0x97, 0xc,
    0x80,

    /* U+00EA "ê" */
    0x0, 0xb3, 0xd8, 0x3, 0x52, 0x75, 0x28, 0x5,
    0x50, 0x38, 0xa0, 0x14, 0x77, 0xe2, 0x80, 0x29,
    0x6f, 0x2e, 0x94, 0x97, 0xd4, 0xdd, 0xd2, 0xe1,
    0xbf, 0xf3, 0x98, 0x3, 0xbf, 0xf9, 0xc1, 0x80,
    0x21, 0x2, 0x68, 0x94, 0x6f, 0x40, 0x98, 0x4b,
    0x86, 0x40,

    /* U+00EB "ë" */
    0x0, 0x44, 0x3, 0x88, 0x2, 0xbb, 0x4, 0x10,
    0x4, 0x66, 0x6, 0x0, 0xd1, 0xdf, 0x8a, 0x0,
    0xa5, 0xbc, 0xba, 0x52, 0x5f, 0x53, 0x77, 0x4b,
    0x86, 0xff, 0xce, 0x60, 0xe, 0xff, 0xe7, 0x6,
    0x0, 0x84, 0x9, 0xa2, 0x51, 0xbd, 0x2, 0x61,
    0x2e, 0x19, 0x0,

    /* U+00EC "ì" */
    0x2d, 0x90, 0x2d, 0x37, 0x0, 0x53, 0x80, 0x2e,
    0x80, 0x3f, 0xfa, 0x0,

    /* U+00ED "í" */
    0x0, 0x56, 0x8, 0x49, 0xe0, 0x84, 0xc8, 0x2,
    0xba, 0x0, 0xff, 0xec, 0x80,

    /* U+00EE "î" */
    0x2, 0xee, 0x8, 0x2, 0x6e, 0x2c, 0x1, 0x6a,
    0xd4, 0x1, 0x5d, 0x0, 0x7f, 0xf8, 0x0,

    /* U+00EF "ï" */
    0x97, 0x97, 0xa5, 0xa5, 0x32, 0x32, 0xb, 0xa0,
    0xf, 0xfe, 0x88,

    /* U+00F0 "ð" */
    0x0, 0x20, 0x80, 0x7b, 0xb8, 0xaf, 0x80, 0x15,
    0x25, 0x5e, 0x80, 0xf, 0x72, 0x8c, 0x80, 0x7,
    0xae, 0xaf, 0xe0, 0x2, 0xbe, 0xdf, 0x33, 0x6,
    0x3d, 0x76, 0x5, 0xa8, 0xea, 0x1d, 0x81, 0x18,
    0x8, 0x4, 0x40, 0x40, 0x40, 0x11, 0x6a, 0x17,
    0x22, 0x2c, 0x58, 0x31, 0xee, 0xc3, 0x82,

    /* U+00F1 "ñ" */
    0x2, 0xdb, 0x1c, 0x10, 0x2, 0xc7, 0xe2, 0x88,
    0x1, 0xd5, 0x36, 0x40, 0x17, 0x32, 0xef, 0xb2,
    0x0, 0x31, 0x55, 0x1b, 0xc0, 0x3, 0x68, 0xbc,
    0x46, 0x8, 0x1, 0x18, 0x38, 0x7, 0xc2, 0x1,
    0xff, 0xcc,

    /* U+00F2 "ò" */
    0x0, 0x47, 0x10, 0x7, 0xa2, 0xfc, 0x40, 0x3c,
    0xba, 0x20, 0x1c, 0xfb, 0xfa, 0xc0, 0x14, 0xc5,
    0x5a, 0xcb, 0x81, 0x35, 0x3a, 0x44, 0x40, 0xe0,
    0xa0, 0x13, 0x1, 0x80, 0x78, 0xc0, 0xe, 0xa,
    0x1, 0x28, 0x19, 0x35, 0x3a, 0x44, 0x40, 0x9,
    0x8a, 0xb5, 0x97, 0x0,

    /* U+00F3 "ó" */
    0x0, 0xc7, 0xcc, 0x1, 0xc7, 0xd4, 0xc0, 0x1c,
    0x7a, 0x80, 0x1c, 0xfb, 0xfa, 0xc0, 0x14, 0xc5,
    0x5a, 0xcb, 0x81, 0x35, 0x3a, 0x44, 0x40, 0xe0,
    0xa0, 0x13, 0x1, 0x80, 0x78, 0xc0, 0xe, 0xa,
    0x1, 0x28, 0x19, 0x35, 0x3a, 0x44, 0x40, 0x9,
    0x8a, 0xb5, 0x97, 0x0,

    /* U+00F4 "ô" */
    0x0, 0xab, 0xe0, 0x3, 0xa4, 0xf8, 0xdc, 0x3,
    0x4c, 0x86, 0xdc, 0x3, 0x3e, 0xfe, 0xb0, 0x5,
    0x31, 0x56, 0xb2, 0xe0, 0x4d, 0x4e, 0x91, 0x10,
    0x38, 0x28, 0x4, 0xc0, 0x60, 0x1e, 0x30, 0x3,
    0x82, 0x80, 0x4a, 0x6, 0x4d, 0x4e, 0x91, 0x10,
    0x2, 0x62, 0xad, 0x65, 0xc0,

    /* U+00F5 "õ" */
    0x0, 0x37, 0x39, 0x58, 0x6, 0xae, 0xff, 0x80,
    0x36, 0x4, 0x6a, 0x0, 0x67, 0xdf, 0xd6, 0x0,
    0xa6, 0x2a, 0xd6, 0x5c, 0x9, 0xa9, 0xd2, 0x22,
    0x7, 0x5, 0x0, 0x98, 0xc, 0x3, 0xc6, 0x0,
    0x70, 0x50, 0x9, 0x40, 0xc9, 0xa9, 0xd2, 0x22,
    0x0, 0x4c, 0x55, 0xac, 0xb8, 0x0,

    /* U+00F6 "ö" */
    0x0, 0x35, 0x6, 0x20, 0x6, 0x4e, 0x9, 0x50,
    0xc, 0x48, 0xa, 0x20, 0x19, 0xf7, 0xf5, 0x80,
    0x29, 0x8a, 0xb5, 0x97, 0x2, 0x6a, 0x74, 0x88,
    0x81, 0xc1, 0x40, 0x26, 0x3, 0x0, 0xf1, 0x80,
    0x1c, 0x14, 0x2, 0x50, 0x32, 0x6a, 0x74, 0x88,
    0x80, 0x13, 0x15, 0x6b, 0x2e, 0x0,

    /* U+00F7 "÷" */
    0x0, 0x99, 0xc0, 0x3d, 0xda, 0x1, 0xe8, 0xa0,
    0xf, 0xf8, 0x7f, 0xfc, 0x63, 0x99, 0xe3, 0x3,
    0x32, 0xa1, 0x98, 0x3, 0x76, 0x0, 0x40,

    /* U+00F8 "ø" */
    0x0, 0xf6, 0x88, 0x4, 0xfb, 0xfe, 0x21, 0x0,
    0x4c, 0x55, 0x80, 0x1c, 0x9, 0xa9, 0xc9, 0xa2,
    0x0, 0xe0, 0xa1, 0x76, 0x60, 0x30, 0x9, 0x5c,
    0x8c, 0x0, 0xe0, 0xb1, 0x0, 0x50, 0x32, 0x6a,
    0x26, 0x88, 0x80, 0x12, 0x0, 0xb5, 0x97, 0x0,
    0x2a, 0xbf, 0xda, 0xc0, 0x0,

    /* U+00F9 "ù" */
    0x4, 0xe5, 0x0, 0xe4, 0xc9, 0x40, 0xe, 0x2c,
    0x40, 0xb, 0x20, 0x2, 0x2f, 0x30, 0xf, 0xfe,
    0x68, 0x80, 0x42, 0x0, 0x65, 0x0, 0x90, 0x1,
    0xe7, 0x2b, 0x10, 0x0, 0x2c, 0xa5, 0x25, 0x80,
    0x0,

    /* U+00FA "ú" */
    0x0, 0x87, 0x64, 0x3, 0xaa, 0xe4, 0x3, 0xad,
    0x80, 0x2c, 0x80, 0x8, 0xbc, 0xc0, 0x3f, 0xf9,
    0xa2, 0x1, 0x8, 0x1, 0x94, 0x2, 0x40, 0x7,
    0x9c, 0xac, 0x40, 0x0, 0xb2, 0x94, 0x96, 0x0,

    /* U+00FB "û" */
    0x0, 0x37, 0x60, 0x6, 0x5d, 0xfb, 0xa0, 0x9,
    0x6c, 0x5e, 0x80, 0x19, 0x0, 0x11, 0x79, 0x80,
    0x7f, 0xf3, 0x44, 0x2, 0x10, 0x3, 0x28, 0x4,
    0x80, 0xf, 0x39, 0x58, 0x80, 0x1, 0x65, 0x29,
    0x2c, 0x0,

    /* U+00FC "ü" */
    0x2, 0xe0, 0x88, 0x0, 0x45, 0x1, 0x76, 0x0,
    0xcc, 0x6, 0x60, 0x6, 0x40, 0x4, 0x5e, 0x60,
    0x1f, 0xfc, 0xd1, 0x0, 0x84, 0x0, 0xca, 0x1,
    0x20, 0x3, 0xce, 0x56, 0x20, 0x0, 0x59, 0x4a,
    0x4b, 0x0, 0x0,

    /* U+00FD "ý" */
    0x0, 0xc3, 0xb4, 0x1, 0xea, 0xa8, 0x3, 0xd6,
    0xe0, 0x1b, 0x64, 0x3, 0x55, 0x2, 0xd8, 0x2,
    0x15, 0x90, 0x60, 0x60, 0x3, 0x11, 0x80, 0x1a,
    0x80, 0x13, 0x60, 0x15, 0x99, 0x90, 0x58, 0x2,
    0x23, 0xaf, 0x60, 0xe, 0x96, 0x4b, 0x0, 0xe5,
    0x13, 0x20, 0xf, 0xa4, 0x3, 0x4a, 0x51, 0xa8,
    0x4, 0x25, 0x6d, 0xe0, 0x18,

    /* U+00FE "þ" */
    0xba, 0x0, 0xff, 0xe6, 0x47, 0x7e, 0x18, 0x1,
    0x55, 0x76, 0x7c, 0x30, 0x1c, 0x54, 0xb3, 0x80,
    0x41, 0x0, 0xad, 0x40, 0x3f, 0x90, 0x40, 0x2b,
    0x40, 0x1c, 0x55, 0x59, 0xc8, 0x2a, 0xae, 0x9f,
    0xc, 0x1, 0x1d, 0xf8, 0x60, 0x1f, 0xfc, 0x50,

    /* U+00FF "ÿ" */
    0x0, 0x17, 0x4, 0x40, 0x3, 0x14, 0x5, 0xd8,
    0x3, 0x98, 0xc, 0xc0, 0x16, 0xc8, 0x6, 0xaa,
    0x5, 0xb0, 0x4, 0x2b, 0x20, 0xc0, 0xc0, 0x6,
    0x23, 0x0, 0x35, 0x0, 0x26, 0xc0, 0x2b, 0x33,
    0x20, 0xb0, 0x4, 0x47, 0x5e, 0xc0, 0x1d, 0x2c,
    0x96, 0x1, 0xca, 0x26, 0x40, 0x1f, 0x48, 0x6,
    0x94, 0xa3, 0x50, 0x8, 0x4a, 0xdb, 0xc0, 0x30,

    /* U+2013 "–" */
    0xff, 0xf8,

    /* U+2014 "—" */
    0xff, 0xff, 0xe1, 0x0,

    /* U+2018 "‘" */
    0x9, 0x50, 0x74, 0x31, 0x27, 0x5, 0x4d, 0x60,

    /* U+2019 "’" */
    0x2e, 0x50, 0x13, 0x22, 0x20, 0x81, 0xe, 0x0,

    /* U+201C "“" */
    0x9, 0x50, 0xe0, 0x3, 0xa2, 0x14, 0xc, 0x4b,
    0x58, 0x1c, 0x14, 0x8, 0x53, 0x5a, 0x78, 0x40,

    /* U+201D "”" */
    0x2e, 0x57, 0xe0, 0x0, 0x98, 0x8, 0x88, 0x88,
    0x83, 0x11, 0x1, 0x25, 0x80, 0xe0, 0x33, 0x80,

    /* U+2022 "•" */
    0x6, 0xa1, 0x9, 0x57, 0x4, 0x14,

    /* U+2026 "…" */
    0x0, 0xff, 0x1f, 0xa8, 0x74, 0x85, 0x68, 0x8,
    0xc0, 0x62, 0x0, 0x10,

    /* U+20BF "₿" */
    0x0, 0x9c, 0x18, 0x40, 0x3d, 0x21, 0x46, 0x1,
    0xff, 0xc1, 0x2f, 0xf0, 0xf9, 0xfb, 0x80, 0x69,
    0xcc, 0xaa, 0x20, 0x1, 0x29, 0x9c, 0xe8, 0x60,
    0x1f, 0x22, 0xe0, 0x5, 0x9f, 0xf5, 0x93, 0x80,
    0x53, 0x99, 0x50, 0xe0, 0x4, 0xa6, 0x72, 0xf1,
    0x90, 0x7, 0xce, 0x2, 0x0, 0x53, 0x39, 0x64,
    0x8c, 0x1, 0x39, 0x95, 0xbf, 0x81, 0x7f, 0x87,
    0xcf, 0x28, 0x80, 0x3f, 0xe0,

    /* U+4E2F "丯" */
    0x0, 0xff, 0xe1, 0xe3, 0x0, 0x7e, 0x35, 0x0,
    0xf8, 0x80, 0xc0, 0x35, 0x7f, 0xb4, 0x3f, 0xe2,
    0x9, 0xbb, 0x10, 0x5d, 0xc4, 0x6, 0x88, 0x18,
    0x44, 0x81, 0x3f, 0xe3, 0x8f, 0xf4, 0x2, 0xdd,
    0xa4, 0x2a, 0xed, 0x40, 0x28, 0x83, 0x15, 0x44,
    0x10, 0x6f, 0xfa, 0x87, 0xfd, 0xc0, 0x9, 0xbb,
    0x1, 0xdd, 0xb4, 0x0, 0x89, 0xc, 0x22, 0xc,
    0x3, 0x8, 0x94, 0x3, 0xf4, 0x88, 0x7, 0x0,

    /* U+4E30 "丰" */
    0x0, 0xff, 0xe0, 0xf2, 0x0, 0x7f, 0xf2, 0x4f,
    0xfe, 0x1b, 0xff, 0x49, 0xdd, 0xc0, 0xd7, 0x70,
    0x22, 0x43, 0xa8, 0x82, 0x3f, 0xf8, 0x6f, 0xfd,
    0x27, 0x77, 0x3, 0x5d, 0xc0, 0x89, 0xe, 0xa2,
    0x8, 0xff, 0xe1, 0xbf, 0xf4, 0x9d, 0xdc, 0xd,
    0x77, 0x2, 0x24, 0x3a, 0x88, 0x20, 0xf, 0xfe,
    0xd, 0xa8, 0x4,

    /* U+F001 "" */
    0x0, 0xff, 0xe6, 0x93, 0xdf, 0xd8, 0x7, 0xc9,
    0x3b, 0xa8, 0x40, 0x60, 0xc, 0x75, 0xf6, 0xc4,
    0x1, 0xfd, 0x2a, 0x1, 0xe2, 0x0, 0xff, 0x92,
    0x7b, 0x44, 0x3, 0xe6, 0xbf, 0xb6, 0x10, 0xf,
    0xe8, 0x40, 0xf, 0xfe, 0xaa, 0x28, 0x80, 0x7f,
    0x87, 0xae, 0x80, 0x21, 0x79, 0x70, 0xc, 0x82,
    0x1, 0x8, 0x7c, 0x31, 0x0, 0x65, 0x50, 0x0,
    0xbc, 0x44, 0x1, 0x8, 0x80, 0x2a, 0xfe, 0xd3,
    0x1c, 0x42, 0x5d, 0x0, 0xf0, 0x80, 0x0,

    /* U+F002 "" */
    0x0, 0xc2, 0x64, 0x1, 0xfc, 0x99, 0xd9, 0xbc,
    0xe0, 0x1e, 0x6b, 0x30, 0x8, 0x62, 0xc0, 0x31,
    0x48, 0x26, 0xff, 0xa0, 0x12, 0x0, 0x28, 0x3,
    0xb2, 0x0, 0x3c, 0x83, 0x80, 0x48, 0x12, 0x1,
    0xcc, 0x0, 0x40, 0x0, 0x83, 0x0, 0x78, 0x80,
    0x40, 0x2, 0xc, 0x1, 0xe2, 0x1, 0x0, 0x38,
    0x40, 0x7, 0x40, 0xa, 0x0, 0x2c, 0xb, 0x10,
    0x4a, 0x5c, 0x24, 0x2, 0x2b, 0x3, 0xbe, 0xd6,
    0x0, 0x43, 0x80, 0x49, 0xaa, 0x1, 0x15, 0x20,
    0x43, 0x80, 0x45, 0x5f, 0xdf, 0xab, 0x44, 0x10,
    0xe0, 0x1c, 0x20, 0x10, 0xe1, 0x4, 0x80, 0x7f,
    0x87, 0x17, 0x0,

    /* U+F004 "" */
    0x0, 0x89, 0x4c, 0x3, 0x1a, 0x90, 0x7, 0x4e,
    0xd6, 0x69, 0x13, 0x72, 0xb6, 0x40, 0x27, 0x60,
    0x8, 0xb3, 0x4, 0x1, 0x33, 0x80, 0x28, 0x3,
    0x84, 0x40, 0x1d, 0x40, 0x2, 0x0, 0xff, 0xe0,
    0x10, 0x0, 0x80, 0x3f, 0xf8, 0x4, 0x0, 0xb0,
    0xf, 0xfe, 0x5, 0x80, 0x19, 0xc0, 0x3f, 0xce,
    0xc0, 0x14, 0x30, 0x7, 0xe6, 0x80, 0xe, 0x96,
    0x0, 0xf3, 0x48, 0x7, 0xd2, 0xa0, 0x19, 0x64,
    0x3, 0xfa, 0x94, 0x0, 0xb4, 0x1, 0xff, 0x52,
    0xaa, 0x80, 0x3c,

    /* U+F005 "" */
    0x0, 0xf8, 0x84, 0x3, 0xff, 0x82, 0x3b, 0xa0,
    0xf, 0xfe, 0xc, 0x81, 0xa0, 0x7, 0xfc, 0x2e,
    0x0, 0x80, 0xf, 0xfa, 0x40, 0x23, 0x50, 0xe,
    0x19, 0xbe, 0xf7, 0x0, 0xd5, 0xfb, 0x6e, 0x8,
    0xc8, 0x20, 0x1f, 0x89, 0x20, 0x55, 0x80, 0x3f,
    0xf8, 0x14, 0x21, 0x2e, 0x1, 0xfe, 0xa5, 0x0,
    0xa1, 0x80, 0x3f, 0x52, 0x80, 0x77, 0x80, 0x7e,
    0x70, 0xf, 0x78, 0x7, 0xe7, 0x0, 0xf2, 0x80,
    0x42, 0x1, 0xb4, 0x3, 0xc4, 0x0, 0x8e, 0xd5,
    0x0, 0x10, 0x7, 0x99, 0xf9, 0xc0, 0xab, 0x5b,
    0xc0, 0x20,

    /* U+F008 "" */
    0x50, 0x18, 0x8f, 0xc8, 0xb, 0x55, 0x3a, 0xaf,
    0x9e, 0x6a, 0x83, 0xd8, 0x19, 0xbb, 0xc6, 0xfc,
    0x20, 0x86, 0x1, 0xf8, 0x90, 0x7, 0xa8, 0x3,
    0xf3, 0xf0, 0x8b, 0xb4, 0x3f, 0xbb, 0x8d, 0xf8,
    0x44, 0xd6, 0x13, 0x11, 0xc2, 0x6c, 0x21, 0xc4,
    0xc, 0xde, 0x27, 0xe0, 0x18, 0x90, 0xf, 0xc9,
    0x2, 0x2c, 0xe0, 0x75, 0x5e, 0x26, 0xc1, 0x3e,
    0x80, 0x9a, 0xae, 0x17, 0xe3,

    /* U+F00B "" */
    0x57, 0x72, 0x82, 0xbb, 0xfc, 0xb5, 0x10, 0xa1,
    0xa8, 0x8f, 0xa8, 0x3, 0x18, 0x7, 0xf0, 0x80,
    0x44, 0x20, 0x1f, 0xf, 0x75, 0xe1, 0xdd, 0xff,
    0xc1, 0xe, 0xef, 0xe1, 0x0, 0x9, 0x8, 0x7,
    0xc2, 0x1, 0x8c, 0x3, 0xfa, 0x5d, 0xd0, 0x30,
    0xef, 0xf4, 0x80, 0x7f, 0xf0, 0xa5, 0xdd, 0x3,
    0xe, 0xff, 0x48, 0x6, 0x30, 0xf, 0xe2, 0x0,
    0x11, 0x40, 0x1f, 0x10,

    /* U+F00C "" */
    0x0, 0xff, 0x85, 0x40, 0x3f, 0xe1, 0xca, 0x80,
    0xf, 0xe1, 0xc2, 0x5, 0x0, 0xfc, 0x38, 0x40,
    0x3e, 0x5a, 0xc0, 0x18, 0x70, 0x80, 0x70, 0xbc,
    0xa5, 0x80, 0x3, 0x84, 0x3, 0x84, 0xa, 0x0,
    0x96, 0x1c, 0x20, 0x1c, 0x20, 0x4, 0x38, 0x2,
    0x7c, 0x80, 0x70, 0x80, 0x34, 0x38, 0x0, 0x40,
    0x70, 0x80, 0x3d, 0xe, 0x0, 0x1c, 0x20, 0xf,
    0xd1, 0x2, 0xc2, 0x0, 0xf0,

    /* U+F00D "" */
    0x0, 0xff, 0x3f, 0xb0, 0x6, 0xbe, 0x29, 0x9,
    0x60, 0x5, 0xa0, 0xd5, 0x0, 0x12, 0xd6, 0x80,
    0x52, 0x96, 0x0, 0x94, 0x2, 0xc1, 0x4, 0xa0,
    0x8, 0x70, 0x40, 0x2e, 0x0, 0x85, 0xc0, 0x2b,
    0x40, 0x20, 0x4, 0xb0, 0x5a, 0x1, 0x65, 0x80,
    0x25, 0x5c, 0xb, 0x5, 0x2c, 0x0, 0x7b, 0x18,
    0x20, 0x4, 0xc9, 0x60,

    /* U+F00E "" */
    0x0, 0xe1, 0x0, 0xff, 0x1d, 0xff, 0x7e, 0x28,
    0x7, 0x97, 0x10, 0x8, 0xe, 0xa0, 0x3, 0x15,
    0x3, 0xff, 0xba, 0x41, 0xd4, 0x2, 0x80, 0x68,
    0x1d, 0x66, 0x50, 0x40, 0x4, 0x81, 0x8, 0xe1,
    0xaa, 0x82, 0x44, 0x0, 0x8, 0xd, 0x48, 0x2d,
    0x29, 0x0, 0x80, 0x4, 0x7, 0x2c, 0x1b, 0x10,
    0x80, 0x80, 0xe, 0x10, 0x4a, 0x1c, 0x6a, 0x24,
    0x20, 0xb, 0x6, 0x81, 0xf7, 0x6a, 0x8, 0x0,
    0x8a, 0x81, 0xff, 0x7e, 0x40, 0x14, 0xa0, 0x12,
    0xea, 0x1, 0x1, 0xd9, 0x5, 0x28, 0x4, 0x57,
    0xfd, 0xf8, 0x9e, 0x21, 0x4a, 0x1, 0xc2, 0x1,
    0x16, 0x8, 0x70, 0x7, 0xf8, 0xb1, 0x68,

    /* U+F010 "" */
    0x0, 0xe1, 0x0, 0xff, 0x1d, 0xff, 0x7e, 0x28,
    0x7, 0x97, 0x10, 0x8, 0xe, 0xa0, 0x3, 0x15,
    0x3, 0xfe, 0xfc, 0x83, 0xa8, 0x5, 0x0, 0xd0,
    0x1, 0x35, 0x4, 0x0, 0x48, 0x10, 0xce, 0xfc,
    0x24, 0x40, 0x0, 0x80, 0xc4, 0x73, 0x10, 0x8,
    0x0, 0x40, 0x7b, 0xff, 0x21, 0x1, 0x0, 0x1c,
    0x20, 0x3, 0x94, 0x48, 0x40, 0x16, 0xd, 0x0,
    0x13, 0x50, 0x40, 0x4, 0x54, 0xf, 0xfb, 0xf2,
    0x0, 0xa5, 0x0, 0x97, 0x50, 0x8, 0xe, 0xc8,
    0x29, 0x40, 0x22, 0xbf, 0xef, 0xc4, 0xf1, 0xa,
    0x50, 0xe, 0x10, 0x8, 0xb0, 0x43, 0x80, 0x3f,
    0xc5, 0x8b, 0x40,

    /* U+F011 "" */
    0x0, 0xf0, 0x88, 0x3, 0xff, 0x81, 0xdc, 0x0,
    0xfc, 0xde, 0x42, 0x0, 0x12, 0xf7, 0x0, 0x9a,
    0x41, 0x0, 0x32, 0x4, 0x30, 0xc, 0x83, 0x30,
    0x3, 0x33, 0x2, 0x45, 0xc0, 0x64, 0x3, 0xd2,
    0x20, 0xf8, 0xc, 0x1, 0xf9, 0x83, 0x18, 0x38,
    0x3, 0xf7, 0x3, 0x30, 0x38, 0x0, 0x2a, 0xa1,
    0x0, 0x70, 0x3e, 0x82, 0x80, 0x55, 0x40, 0x9,
    0x43, 0x18, 0xa, 0x0, 0x3d, 0x4, 0xc, 0x30,
    0xf, 0x22, 0x0, 0x2a, 0x70, 0x81, 0x7, 0x60,
    0x6e, 0xeb, 0x54, 0x19, 0xc0, 0x29, 0xa3, 0x1,
    0x10, 0x15, 0x48, 0x7, 0x2e, 0x6d, 0xdb, 0x74,
    0xa0, 0x10,

    /* U+F013 "" */
    0x0, 0xff, 0xe3, 0xd7, 0xfa, 0x80, 0x3f, 0xcc,
    0x0, 0x60, 0xf, 0x1e, 0xb6, 0x98, 0x0, 0xf5,
    0xb4, 0xc0, 0x1a, 0x52, 0x40, 0x18, 0xa4, 0xb4,
    0x14, 0x40, 0x32, 0xa8, 0x3, 0xa, 0xa2, 0x80,
    0x57, 0x54, 0xb0, 0x9, 0x50, 0x64, 0x0, 0x48,
    0x0, 0x42, 0x0, 0x48, 0x83, 0x80, 0x8, 0x3,
    0x10, 0x1, 0xc1, 0x2c, 0x2, 0xb2, 0x25, 0x80,
    0x56, 0x8c, 0x1, 0x93, 0x74, 0x80, 0x19, 0x89,
    0x80, 0x40, 0x3c, 0x20, 0xc4, 0x13, 0x5d, 0x42,
    0x0, 0x1a, 0xea, 0x90, 0x9, 0x41, 0x48, 0x0,
    0x4a, 0xa, 0x1, 0xf4, 0x46, 0x0, 0xe0,

    /* U+F015 "" */
    0x0, 0xf8, 0xc4, 0x0, 0x68, 0x20, 0x1f, 0xa7,
    0x39, 0x43, 0xad, 0x0, 0x3c, 0x36, 0xc4, 0x15,
    0x0, 0x1f, 0x8b, 0x11, 0x19, 0xa4, 0xe4, 0x1,
    0xe4, 0xd2, 0x78, 0xfe, 0xf4, 0x0, 0xf3, 0xd8,
    0x56, 0xe0, 0x9e, 0x43, 0x5, 0xa0, 0x4c, 0xe,
    0x6d, 0x0, 0x43, 0x98, 0x91, 0xb6, 0x33, 0x64,
    0xb8, 0x7, 0xa8, 0x70, 0x42, 0xb1, 0xd4, 0x3,
    0xf4, 0x17, 0x30, 0x0, 0xc0, 0x22, 0x88, 0x0,
    0x63, 0x0, 0xfc, 0x8e, 0xe2, 0x0, 0xff, 0xe6,
    0x10, 0x5, 0xc0, 0x6, 0x0, 0x9, 0x80, 0x0,

    /* U+F019 "" */
    0x0, 0xf1, 0x98, 0x3, 0xfe, 0xbc, 0xc5, 0x80,
    0x7f, 0x9c, 0x0, 0xe0, 0x1f, 0xfe, 0x58, 0xff,
    0x18, 0x0, 0xff, 0xd0, 0x1, 0xa8, 0x40, 0x3c,
    0x34, 0x1, 0x8b, 0x4, 0x3, 0xe, 0x10, 0x7,
    0x16, 0x10, 0x0, 0x70, 0x80, 0x27, 0x99, 0xab,
    0xc8, 0x72, 0xa6, 0x67, 0x86, 0x69, 0xe7, 0xf2,
    0x5d, 0x9a, 0x80, 0xe, 0x4d, 0xd2, 0x0, 0x7f,
    0xf0, 0x95, 0x30, 0xc1, 0x4c, 0xff, 0x33, 0xf8,
    0x28,

    /* U+F01C "" */
    0x0, 0x9a, 0xef, 0xea, 0x30, 0xe, 0x49, 0x44,
    0xf9, 0x74, 0x40, 0x35, 0x6, 0x7f, 0xfa, 0x46,
    0x80, 0x29, 0x17, 0x30, 0xf, 0x31, 0xa2, 0x82,
    0x31, 0x40, 0x7, 0xee, 0xb, 0x19, 0x5, 0x44,
    0x10, 0x6, 0x34, 0x64, 0x18, 0x20, 0x7b, 0xb7,
    0x80, 0x43, 0x97, 0x64, 0x2, 0x0, 0xe2, 0x98,
    0x85, 0x0, 0x73, 0x80, 0x79, 0x9d, 0xc8, 0x1,
    0xff, 0xc9, 0x76, 0x0, 0xff, 0xe1, 0x68,

    /* U+F021 "" */
    0x0, 0xff, 0xe0, 0x19, 0x80, 0x21, 0x8d, 0xff,
    0x63, 0x0, 0x37, 0x0, 0x9, 0xee, 0x40, 0x3,
    0x9e, 0x43, 0x0, 0x25, 0x8a, 0x67, 0xfa, 0xcc,
    0x6c, 0x80, 0x14, 0xd, 0x66, 0x0, 0x4c, 0x70,
    0x9, 0x84, 0xe4, 0x2, 0x1f, 0xf3, 0x80, 0x5c,
    0x32, 0x1, 0xc4, 0x23, 0x8a, 0x39, 0x40, 0x30,
    0xef, 0x76, 0xd2, 0x2f, 0x0, 0x78, 0x87, 0x77,
    0xc2, 0x1, 0xa3, 0x64, 0x2, 0x44, 0x18, 0x6,
    0x16, 0xc, 0x0, 0x9e, 0xb0, 0x40, 0x3, 0x82,
    0x68, 0x2, 0x23, 0xf8, 0x44, 0x47, 0x90, 0xe8,
    0x5, 0xea, 0x2f, 0x76, 0x71, 0x3f, 0x10, 0x1,
    0x8d, 0x6b, 0xa2, 0x1a, 0xf0, 0x40, 0x0,

    /* U+F026 "" */
    0x0, 0xe2, 0x70, 0xc, 0x59, 0x0, 0x11, 0x60,
    0x86, 0xff, 0xb4, 0x40, 0x4, 0x1, 0xff, 0xcf,
    0xcb, 0xb4, 0x0, 0x46, 0x88, 0x7a, 0x0, 0xf2,
    0xd1, 0x80, 0x72, 0xe0,

    /* U+F027 "" */
    0x0, 0xe2, 0x70, 0xf, 0xc5, 0x90, 0x1, 0xf1,
    0x60, 0x80, 0x76, 0xff, 0xb4, 0x40, 0x22, 0x20,
    0x10, 0x7, 0xd5, 0x82, 0x1, 0xfa, 0x1, 0x80,
    0x3f, 0x18, 0x90, 0x7, 0xeb, 0x65, 0xcb, 0xb4,
    0x0, 0x68, 0x90, 0x34, 0x43, 0xd0, 0x7, 0xf9,
    0x68, 0xc0, 0x3f, 0x97, 0x0, 0x30,

    /* U+F028 "" */
    0x0, 0xff, 0x9d, 0xc0, 0x1f, 0x89, 0xc0, 0x31,
    0x45, 0x0, 0x78, 0xb2, 0x0, 0x28, 0x4b, 0x56,
    0x0, 0xc5, 0x82, 0x1, 0xa, 0xe2, 0x44, 0x86,
    0xff, 0xb4, 0x40, 0x23, 0x36, 0x1c, 0x38, 0x31,
    0x0, 0x7d, 0x78, 0x72, 0xc0, 0x9e, 0x1, 0xfa,
    0x1, 0x50, 0x44, 0x44, 0x0, 0xfc, 0x62, 0x4e,
    0x2, 0x2, 0x1, 0xfa, 0xd9, 0x78, 0xc1, 0xb,
    0x2e, 0xd0, 0x1, 0xa2, 0x5d, 0x60, 0xca, 0xcd,
    0x10, 0xf4, 0x1, 0x8a, 0x25, 0x3d, 0xc, 0x3,
    0x2d, 0x18, 0x0, 0xbd, 0xac, 0xe8, 0x3, 0xcb,
    0x80, 0x1a, 0x57, 0x4, 0x3, 0xff, 0x81, 0x7e,
    0x60, 0x0,

    /* U+F029 "" */
    0x99, 0xe0, 0x4, 0xcf, 0x3, 0x37, 0x8, 0x33,
    0x70, 0x81, 0xea, 0x0, 0x63, 0xd4, 0x0, 0xc4,
    0x20, 0x1c, 0x42, 0x1, 0x1e, 0x20, 0x6, 0x3c,
    0x40, 0xc, 0x62, 0x1, 0xc6, 0x20, 0xf, 0xfe,
    0x10, 0xff, 0xe1, 0x44, 0xe0, 0x2, 0x20, 0x80,
    0xc2, 0xef, 0x84, 0x2e, 0xdc, 0xda, 0x20, 0x50,
    0x40, 0x1c, 0x72, 0x20, 0x1, 0x77, 0x0, 0x62,
    0x60, 0xc, 0x78, 0x80, 0x18, 0x63, 0x30, 0x20,
    0x3, 0x10, 0xc, 0xe8, 0xf0, 0x20,

    /* U+F030 "" */
    0x0, 0xc9, 0x33, 0x8c, 0x3, 0xf5, 0xb3, 0x6d,
    0x0, 0xc9, 0x32, 0xa0, 0xe, 0x1a, 0x99, 0x1d,
    0x33, 0x14, 0x3, 0xca, 0xcc, 0xd1, 0x0, 0xcf,
    0x98, 0x70, 0xc, 0x20, 0x1a, 0x77, 0xb9, 0xb2,
    0x1, 0xf0, 0xa5, 0x11, 0x29, 0x4, 0x3, 0xc4,
    0xe0, 0x19, 0xc8, 0x3, 0xc4, 0xe0, 0x19, 0xc8,
    0x3, 0xc2, 0x92, 0x0, 0x94, 0x10, 0xf, 0xa4,
    0x77, 0x43, 0x20, 0x1f, 0xd1, 0xba, 0x80, 0xe,
    0x71, 0x1f, 0xfe, 0x3, 0x80,

    /* U+F03E "" */
    0x37, 0x88, 0xff, 0x39, 0xec, 0x3b, 0xff, 0xa3,
    0x44, 0x59, 0xa4, 0x1, 0xf8, 0x41, 0xcc, 0xa8,
    0x3, 0x10, 0x7, 0x20, 0x85, 0x80, 0x4b, 0xb0,
    0x1, 0x8b, 0xbc, 0xc0, 0xb, 0x40, 0xf0, 0x1,
    0xd9, 0x40, 0xb4, 0x1, 0x39, 0x80, 0x58, 0x6b,
    0x94, 0x1, 0xf8, 0xcc, 0x0, 0x30, 0xf, 0xe3,
    0xcc, 0xff, 0x18, 0x28, 0x19, 0xff, 0x81, 0x80,

    /* U+F043 "" */
    0x0, 0xc4, 0x1, 0xf8, 0x76, 0x80, 0x3e, 0x70,
    0x51, 0x0, 0xf5, 0x80, 0x18, 0x3, 0x98, 0x80,
    0x10, 0x20, 0x10, 0xc0, 0x6, 0xb0, 0xa, 0x84,
    0x3, 0x2b, 0x2, 0xa0, 0x7, 0xa0, 0x24, 0x3,
    0xe1, 0x63, 0x14, 0x0, 0xf7, 0x81, 0xf8, 0x7,
    0xc8, 0x40, 0xc0, 0x1d, 0x90, 0x15, 0x9a, 0x20,
    0x2, 0x53, 0x91, 0xad, 0x10, 0x2f, 0x0, 0x36,
    0xba, 0x2c, 0xe9, 0x0,

    /* U+F048 "" */
    0x4, 0x30, 0xe, 0x31, 0x15, 0xe8, 0x6, 0x6c,
    0x80, 0xf, 0x3c, 0x81, 0x80, 0x74, 0xc0, 0x7,
    0xd4, 0xc0, 0x1f, 0x5a, 0x80, 0x7c, 0x28, 0x1,
    0xff, 0xc6, 0x19, 0x0, 0xfe, 0x6a, 0x0, 0xfe,
    0x5b, 0x0, 0xfe, 0x4c, 0x10, 0x0, 0x81, 0x80,
    0x47, 0x85, 0xa1, 0xfa, 0x1, 0x8b, 0x5c,

    /* U+F04B "" */
    0x2, 0x0, 0xff, 0xb3, 0x6c, 0x80, 0x3f, 0x8c,
    0x13, 0x64, 0x3, 0xff, 0x80, 0xdc, 0xc0, 0x1f,
    0xf0, 0xce, 0x18, 0x7, 0xfc, 0x79, 0x22, 0x1,
    0xff, 0x37, 0xb0, 0x7, 0xfc, 0x32, 0x40, 0x1f,
    0xf1, 0x10, 0x3, 0xfc, 0xfa, 0x1, 0xfc, 0x9b,
    0x0, 0x1f, 0x8a, 0xec, 0x40, 0x1f, 0xa3, 0x50,
    0x3, 0xf2, 0xf3, 0x80, 0x7d, 0x2b, 0x74, 0x20,
    0x1f, 0x80,

    /* U+F04C "" */
    0x14, 0x48, 0x80, 0x2, 0x89, 0x10, 0x65, 0xdd,
    0xa2, 0x19, 0x77, 0x68, 0x90, 0x6, 0x20, 0x20,
    0xc, 0x40, 0x1c, 0xe0, 0x1e, 0x70, 0xf, 0xff,
    0xf8, 0x7, 0xff, 0x25, 0xc0, 0x3c, 0xec, 0x1,
    0x19, 0x81, 0x80, 0x23, 0x30,

    /* U+F04D "" */
    0x14, 0x4f, 0xf1, 0x6, 0x5d, 0xff, 0xb4, 0x48,
    0x3, 0xfe, 0x20, 0xf, 0xfe, 0x3, 0x80, 0x7f,
    0xff, 0xc0, 0x3f, 0xfa, 0xe, 0xc0, 0x1f, 0xe3,
    0x30,

    /* U+F051 "" */
    0x2, 0x10, 0xe, 0x42, 0xd, 0xf2, 0x0, 0x8e,
    0xe4, 0x0, 0x38, 0x60, 0x7, 0x0, 0xe1, 0xc4,
    0x0, 0xfe, 0xb5, 0x0, 0xfe, 0xae, 0x0, 0xfe,
    0x50, 0xf, 0xfe, 0x31, 0x48, 0x7, 0xc5, 0x84,
    0x1, 0xe3, 0xc1, 0x0, 0xf2, 0x60, 0x80, 0x71,
    0xad, 0x80, 0x4e, 0x2, 0x19, 0x40, 0x18, 0xfe,
    0x80,

    /* U+F052 "" */
    0x0, 0xf0, 0x90, 0x7, 0xfc, 0x7d, 0xac, 0x1,
    0xfc, 0x5a, 0x0, 0x95, 0x0, 0xf8, 0x70, 0x40,
    0x2a, 0x40, 0xe, 0x1c, 0x10, 0xe, 0xb3, 0x0,
    0xda, 0x40, 0x1f, 0x69, 0x0, 0x28, 0xc0, 0x3f,
    0xe, 0x0, 0x10, 0x3, 0xfc, 0x24, 0x1a, 0xcd,
    0xfe, 0xa2, 0x6, 0x11, 0xff, 0x10, 0x2, 0x9d,
    0xff, 0xd0, 0x60, 0x1f, 0xfc, 0x17, 0x4, 0x0,
    0xff, 0x12, 0x80,

    /* U+F053 "" */
    0x0, 0xff, 0xe1, 0x1f, 0xc8, 0x7, 0x1e, 0x2,
    0x80, 0x63, 0xc0, 0x2d, 0x0, 0x8f, 0x0, 0xb0,
    0x40, 0x7, 0x80, 0x58, 0x20, 0x1, 0xc0, 0x2c,
    0x10, 0x8, 0x4c, 0x9, 0x40, 0x3b, 0xc, 0x2d,
    0x0, 0x3b, 0xc, 0x2d, 0x0, 0x3b, 0xc, 0x2d,
    0x0, 0x3b, 0xc, 0x28, 0x3, 0xd8, 0xb4, 0x0,

    /* U+F054 "" */
    0x0, 0xff, 0x66, 0x88, 0x7, 0x9, 0x96, 0x8,
    0x6, 0x1c, 0x2, 0xc1, 0x0, 0xc7, 0x80, 0x58,
    0x20, 0x18, 0xf0, 0xb, 0x4, 0x3, 0x1e, 0x1,
    0x60, 0x7, 0x20, 0x1, 0x0, 0x33, 0xc0, 0x34,
    0x80, 0x4f, 0x0, 0xd2, 0x1, 0x3c, 0x3, 0x48,
    0x4, 0x50, 0xd, 0x20, 0x18, 0xa1, 0xe4, 0x3,
    0x80,

    /* U+F067 "" */
    0x0, 0xe4, 0x50, 0xf, 0xf1, 0x5d, 0x30, 0x7,
    0xf0, 0x80, 0x4, 0x3, 0xff, 0xa6, 0xd3, 0x38,
    0x1, 0x73, 0x34, 0x4, 0xb3, 0x4a, 0x0, 0x36,
    0x69, 0xcc, 0x80, 0x3f, 0xe1, 0xde, 0xeb, 0x0,
    0x11, 0xdd, 0x79, 0x0, 0x8c, 0x1, 0x84, 0x60,
    0xf, 0xfe, 0xa1, 0x98, 0x90, 0x3, 0x80,

    /* U+F068 "" */
    0x69, 0x9f, 0xf4, 0x4, 0xb3, 0x7f, 0x9c, 0xc8,
    0x3, 0xfe, 0x1d, 0xff, 0xff, 0x88,

    /* U+F06E "" */
    0x0, 0xe1, 0x56, 0x62, 0x0, 0x7f, 0x1d, 0xf5,
    0x44, 0x2f, 0xe4, 0x40, 0x39, 0xf1, 0x17, 0xba,
    0xc2, 0x6f, 0x40, 0xa, 0x20, 0xb, 0x43, 0x36,
    0xf8, 0x22, 0xb5, 0x4, 0x70, 0x4, 0x0, 0x9,
    0x2c, 0xe0, 0x1, 0x63, 0x40, 0x11, 0x4e, 0x20,
    0x1, 0x14, 0x0, 0x36, 0xa0, 0x1c, 0x60, 0x11,
    0xb8, 0x5, 0x94, 0x20, 0x5, 0x82, 0x0, 0x22,
    0xe8, 0x1, 0x18, 0x74, 0x42, 0xcf, 0x6f, 0x2d,
    0x58, 0xe, 0x80, 0x7, 0x86, 0x3b, 0x22, 0xb5,
    0x40, 0x6c, 0x10, 0x8, 0xb2, 0xd9, 0x2a, 0x5d,
    0xb6, 0x40, 0x20,

    /* U+F070 "" */
    0x0, 0xff, 0xe3, 0x66, 0x90, 0x7, 0xff, 0xd,
    0xb, 0x54, 0x0, 0x28, 0xcc, 0x40, 0xf, 0xa2,
    0xc6, 0xa9, 0x9d, 0x71, 0x37, 0xf2, 0x20, 0x1c,
    0x9e, 0x6a, 0x6b, 0xdc, 0xfb, 0x26, 0xf3, 0x0,
    0xe1, 0xc6, 0x5, 0x4a, 0xb7, 0xc1, 0x16, 0x20,
    0x4, 0xf6, 0x33, 0x41, 0x4a, 0x9a, 0x12, 0x0,
    0xa1, 0x0, 0x42, 0x79, 0xae, 0x90, 0x0, 0x50,
    0xc0, 0x3, 0x0, 0x3, 0x1, 0xd0, 0x2d, 0x50,
    0x1, 0x88, 0x5, 0xe0, 0xe, 0x0, 0xa, 0x0,
    0x2a, 0x42, 0x6c, 0x0, 0x8c, 0x0, 0x2b, 0x0,
    0x48, 0x80, 0x1b, 0x4, 0x40, 0x76, 0x1, 0x93,
    0x48, 0x9f, 0xa, 0x87, 0xe8, 0x4, 0x60, 0x1c,
    0x5b, 0x48, 0xd5, 0x6c, 0x37, 0x3, 0x8c, 0x1,
    0xe5, 0xae, 0xff, 0x30, 0x1, 0xec, 0x65, 0x80,
    0x3f, 0xf8, 0x49, 0xea, 0xe0,

    /* U+F071 "" */
    0x0, 0xff, 0xe6, 0x1f, 0x68, 0x7, 0xff, 0xb,
    0xc4, 0xa0, 0x3, 0xff, 0x80, 0xc6, 0x0, 0x72,
    0x0, 0xff, 0xa0, 0x3, 0x48, 0x7, 0xfa, 0x4,
    0xc, 0xc0, 0x88, 0x0, 0xfc, 0x4e, 0x9, 0x98,
    0x0, 0x48, 0x7, 0xe9, 0x0, 0x38, 0x6, 0x27,
    0x0, 0xf2, 0x20, 0x0, 0x20, 0x20, 0x14, 0x8,
    0x7, 0x48, 0x4, 0x60, 0x60, 0x1a, 0xc0, 0x33,
    0x90, 0x4, 0x33, 0x20, 0xc, 0xa6, 0x0, 0x18,
    0x0, 0xc9, 0x36, 0x20, 0x1b, 0xc0, 0x16, 0x1,
    0xca, 0x48, 0x20, 0x18, 0xd8, 0x14, 0x3, 0x87,
    0x6c, 0x3, 0xd8, 0x12, 0x67, 0xff, 0xc1, 0x49,

    /* U+F074 "" */
    0x0, 0xff, 0x1b, 0x0, 0x7f, 0xf0, 0x12, 0x60,
    0x37, 0x6b, 0x0, 0xd1, 0xb2, 0xf, 0x4, 0x52,
    0x58, 0x1, 0xdc, 0x42, 0x0, 0x5a, 0xa4, 0x82,
    0x21, 0xa0, 0x1d, 0x40, 0x7d, 0x54, 0xd5, 0x1,
    0x20, 0xd1, 0xa3, 0x84, 0x1, 0x2a, 0x58, 0x2c,
    0x83, 0xf1, 0x0, 0x62, 0xd0, 0x38, 0x50, 0x4a,
    0x0, 0x84, 0xb0, 0x4b, 0x7e, 0x93, 0x16, 0xc3,
    0xfb, 0x44, 0x58, 0x2c, 0x16, 0xe0, 0x96, 0x1,
    0xe, 0x8, 0x59, 0x80, 0x77, 0x6e, 0xbc, 0x80,
    0x2c, 0xd6, 0x3, 0xb1, 0x22, 0x8, 0x7, 0x16,
    0x26, 0x0,

    /* U+F077 "" */
    0x0, 0xe7, 0xa0, 0xf, 0xf4, 0x41, 0x6c, 0x3,
    0xf4, 0x38, 0x1, 0x2c, 0x3, 0xd0, 0xe0, 0xd4,
    0x9, 0x60, 0x1a, 0x1c, 0x1a, 0x56, 0x81, 0x2c,
    0x0, 0xee, 0x6, 0x90, 0x2, 0xd0, 0x25, 0x87,
    0x3, 0x48, 0x6, 0x5a, 0x6, 0x9, 0xb9, 0x0,
    0xf2, 0xe6, 0x0,

    /* U+F078 "" */
    0x4c, 0x20, 0xf, 0xad, 0x83, 0xcf, 0x8, 0x3,
    0xb1, 0x24, 0x24, 0x45, 0x84, 0x1, 0x61, 0x85,
    0x81, 0x60, 0x8b, 0x8, 0x30, 0xc2, 0xd0, 0x0,
    0x58, 0x22, 0xcc, 0x18, 0x5a, 0x0, 0x62, 0xc1,
    0x11, 0x85, 0xa0, 0x7, 0x8b, 0x4, 0x2d, 0x0,
    0x3f, 0x17, 0xe2, 0x0, 0x70,

    /* U+F079 "" */
    0x0, 0xa0, 0xc0, 0x3f, 0xf8, 0x76, 0xf8, 0x61,
    0x17, 0x7e, 0x90, 0xd, 0x68, 0x0, 0xc3, 0x14,
    0x4f, 0x30, 0x80, 0x21, 0xc, 0xc, 0x32, 0x7f,
    0xf9, 0x40, 0x35, 0xbf, 0x2, 0xdb, 0x80, 0x7f,
    0xc7, 0x0, 0x12, 0x40, 0x7, 0xff, 0x28, 0xc0,
    0x31, 0x80, 0x7f, 0xc3, 0x98, 0x10, 0x9c, 0x80,
    0xc, 0xf7, 0x7c, 0x4c, 0x68, 0xe, 0x34, 0x0,
    0x30, 0x14, 0x4e, 0x89, 0x60, 0x1, 0x61, 0x0,
    0x7, 0xff, 0xeb, 0x9, 0x72, 0xc2, 0x0,

    /* U+F07B "" */
    0x37, 0x88, 0x9c, 0x3, 0xf6, 0xc3, 0xbd, 0x14,
    0x1, 0xf0, 0x80, 0x72, 0xee, 0x66, 0xb6, 0x0,
    0xf8, 0x8c, 0xf2, 0x48, 0x7, 0xff, 0xfc, 0x3,
    0xf9, 0x40, 0x3f, 0xf8, 0xc,

    /* U+F093 "" */
    0x0, 0xff, 0xe3, 0x8e, 0xe8, 0x40, 0x3f, 0x87,
    0x8, 0x98, 0x20, 0x1f, 0xe, 0x10, 0x0, 0xb0,
    0x40, 0x38, 0x70, 0x80, 0x31, 0x60, 0x80, 0x68,
    0x20, 0xf, 0x14, 0x0, 0x69, 0xee, 0x18, 0x0,
    0xfb, 0x92, 0x1, 0xc2, 0x20, 0xc, 0x22, 0x0,
    0xff, 0xe9, 0xbc, 0xcc, 0x6e, 0x0, 0x73, 0x99,
    0x9e, 0x19, 0xa8, 0x9b, 0xb4, 0xc3, 0x35, 0x0,
    0x19, 0x32, 0x65, 0x88, 0x1, 0xfc, 0x24, 0x41,
    0x54, 0xc3, 0x5, 0x33, 0xfc, 0xcf, 0xe0, 0xa0,

    /* U+F095 "" */
    0x0, 0xff, 0x88, 0x3, 0xff, 0x82, 0x9b, 0xf8,
    0xe0, 0x1f, 0xee, 0x0, 0x1c, 0x0, 0x7f, 0xa,
    0x80, 0x44, 0x1, 0xfc, 0xe0, 0x18, 0x40, 0x3f,
    0x99, 0xc0, 0x2b, 0x0, 0xff, 0x41, 0x80, 0x10,
    0x3, 0xfc, 0x86, 0x6, 0x60, 0xf, 0xe1, 0xa0,
    0x7, 0x80, 0x64, 0xa3, 0x0, 0x16, 0x8, 0x39,
    0x80, 0x17, 0x6d, 0x74, 0x57, 0x8, 0x12, 0x0,
    0x2b, 0x20, 0x0, 0xf5, 0x8, 0x2d, 0x80, 0x65,
    0x0, 0xfa, 0x28, 0x3, 0xb0, 0x3, 0x97, 0x5c,
    0x3, 0xca, 0x8a, 0xf5, 0xf4, 0x40, 0x1e,

    /* U+F0C4 "" */
    0x4, 0x86, 0x0, 0xf0, 0x80, 0x1a, 0xde, 0x68,
    0x2, 0x2d, 0xed, 0x18, 0xc, 0x35, 0x10, 0x1f,
    0x20, 0x71, 0x1, 0x36, 0x3, 0x1c, 0x20, 0x5a,
    0x7, 0x1e, 0x50, 0x4c, 0x20, 0x5a, 0x0, 0x4b,
    0x98, 0x2, 0x48, 0x12, 0x80, 0x34, 0x6c, 0x80,
    0x45, 0x60, 0x1c, 0x91, 0x0, 0x8, 0x98, 0x3,
    0x35, 0xb8, 0x82, 0x0, 0x25, 0x80, 0x28, 0xc,
    0x30, 0x9c, 0x0, 0x4b, 0x0, 0x42, 0x6c, 0x0,
    0x3b, 0x0, 0x4b, 0x3, 0x8f, 0x29, 0x90, 0x25,
    0x80, 0x24, 0x65, 0xcd, 0x74, 0x2, 0x4d, 0x9d,
    0x10,

    /* U+F0C5 "" */
    0x0, 0xff, 0xe2, 0x37, 0xfe, 0x98, 0x60, 0xe,
    0xe0, 0xf, 0x4b, 0x4, 0x53, 0x0, 0x7b, 0x5b,
    0xc1, 0xd7, 0x0, 0x39, 0xa5, 0x54, 0x1, 0xfe,
    0x33, 0x84, 0x3, 0xff, 0xf1, 0xe0, 0x1f, 0x84,
    0x0, 0x88, 0xed, 0xdf, 0x70, 0x4, 0x39, 0xdb,
    0xb5, 0x91, 0x4, 0x14, 0xcf, 0xc9, 0x80, 0x18,

    /* U+F0C7 "" */
    0x49, 0x9f, 0xca, 0x1, 0x53, 0x37, 0xea, 0x60,
    0x0, 0x96, 0xef, 0xac, 0x25, 0x80, 0x2, 0x45,
    0xe5, 0x0, 0x49, 0x80, 0x7f, 0xf0, 0x14, 0x3,
    0xf1, 0x80, 0x71, 0xff, 0xfb, 0x40, 0x3f, 0x88,
    0xc0, 0x3f, 0xc9, 0xb9, 0x40, 0x1f, 0xda, 0x0,
    0x50, 0xf, 0xea, 0x0, 0x30, 0x7, 0xf1, 0xf6,
    0xc8, 0x7, 0x30, 0x6, 0x12, 0x0, 0xc4, 0xe0,

    /* U+F0C9 "" */
    0xcd, 0xdf, 0xf8, 0x8c, 0x8b, 0xfe, 0x1e, 0xdd,
    0xff, 0x8c, 0x48, 0xbf, 0xe0, 0xf, 0xfe, 0x17,
    0xff, 0xff, 0x0, 0xc8, 0x47, 0xff, 0x81, 0xbd,
    0xdf, 0xf1, 0x0, 0x7f, 0xf0, 0x77, 0xbb, 0xfe,
    0x22, 0x8, 0xff, 0xf0, 0x3f, 0xff, 0xf8, 0x6,

    /* U+F0E0 "" */
    0x37, 0x88, 0xff, 0x39, 0xec, 0x3b, 0xff, 0xa3,
    0x40, 0x3f, 0xf8, 0x5e, 0x60, 0x1f, 0xe3, 0xfc,
    0xe7, 0x0, 0xfc, 0xfd, 0x85, 0xbd, 0x62, 0x1,
    0x86, 0xf7, 0x44, 0x0, 0x9e, 0xc4, 0x0, 0x26,
    0x75, 0x0, 0x72, 0xfc, 0x55, 0x23, 0xd4, 0x3,
    0xe2, 0xce, 0xe6, 0x10, 0x7, 0xf9, 0x10, 0x1,
    0xe5, 0x0, 0xff, 0xe0, 0x30,

    /* U+F0E7 "" */
    0x0, 0xff, 0x87, 0xff, 0x80, 0x32, 0x80, 0x62,
    0x0, 0xc4, 0x1, 0x94, 0x3, 0x70, 0x6, 0xb0,
    0xc, 0x40, 0x1a, 0x6a, 0x8c, 0xc, 0x1, 0x95,
    0x6e, 0x2, 0x0, 0xf0, 0xc8, 0x29, 0x14, 0x1,
    0x40, 0x85, 0xee, 0xa4, 0x0, 0x4c, 0x1, 0xc6,
    0x0, 0xe0, 0xf, 0x60, 0x29, 0x80, 0x79, 0x2,
    0xc0, 0x3c, 0x60, 0xe2, 0x1, 0xf1, 0xc0, 0x6,

    /* U+F0EA "" */
    0x0, 0xc4, 0x1, 0xf9, 0x15, 0x5d, 0xb6, 0xaa,
    0x20, 0xd, 0x75, 0x43, 0xe4, 0xaa, 0x48, 0x7,
    0xc5, 0xc0, 0x13, 0x80, 0x7e, 0xac, 0xcb, 0x80,
    0x3e, 0x62, 0xcc, 0xa5, 0x5c, 0x3, 0x87, 0x40,
    0x27, 0x38, 0x80, 0x7, 0xf8, 0x94, 0x84, 0x3,
    0xf1, 0x3c, 0x40, 0x40, 0x3f, 0xe, 0x6e, 0x90,
    0x3, 0xff, 0x9d, 0x95, 0x50, 0x7, 0xf1, 0xaa,
    0x88, 0x3, 0xff, 0x83, 0xa0, 0x1e, 0x16,

    /* U+F0F3 "" */
    0x0, 0xe1, 0x10, 0x7, 0xfd, 0x7c, 0x1, 0xfc,
    0x30, 0xa1, 0x46, 0x1, 0xe2, 0xf7, 0x0, 0x2e,
    0x28, 0x7, 0x48, 0x80, 0x75, 0x8, 0x4, 0x28,
    0x1, 0xf2, 0x0, 0x44, 0x1, 0xf8, 0x80, 0x26,
    0x0, 0xfd, 0xc0, 0x16, 0x80, 0x7e, 0x50, 0x9,
    0x40, 0x3f, 0x19, 0x4, 0x90, 0x7, 0xf7, 0x83,
    0x80, 0x7f, 0x88, 0x9d, 0xbb, 0xfe, 0xe2, 0x2,
    0x2a, 0xb7, 0x5c, 0x45, 0x8, 0x7, 0x43, 0x2f,
    0x0, 0x70,

    /* U+F11C "" */
    0x5b, 0xbf, 0xfe, 0xd, 0x1d, 0x22, 0x7f, 0xf0,
    0x56, 0x0, 0xfc, 0xf3, 0xc7, 0xb8, 0x5e, 0x5d,
    0xc0, 0x70, 0x9, 0xc0, 0x21, 0x0, 0xe1, 0x0,
    0x8f, 0xd7, 0x3c, 0x3f, 0x8f, 0xcf, 0xfc, 0x1,
    0xdf, 0x4b, 0xcf, 0x1c, 0xbd, 0x60, 0x1e, 0x22,
    0x9, 0xf, 0x13, 0x11, 0x0, 0x39, 0x32, 0xc2,
    0x48, 0x92, 0xfb, 0x68, 0x1, 0x1d, 0xa7, 0x5d,
    0xf8, 0xb2, 0xc0, 0x23, 0xc4, 0xec, 0xcf, 0x16,
    0x60, 0x1d, 0x80, 0xc0, 0xcf, 0xe0, 0x33, 0x6,
    0x80,

    /* U+F124 "" */
    0x0, 0xff, 0xe0, 0x90, 0x7, 0xff, 0x5, 0x77,
    0x56, 0x1, 0xfe, 0x7e, 0xa2, 0x6, 0x0, 0xf8,
    0x63, 0xe0, 0x40, 0x2a, 0x0, 0xe2, 0x9e, 0x70,
    0xf, 0x38, 0x4, 0x77, 0xac, 0x1, 0xf3, 0x80,
    0x55, 0x88, 0x1, 0xfd, 0x20, 0x12, 0x80, 0x7f,
    0x94, 0x40, 0x2b, 0x65, 0x5c, 0x1, 0xd0, 0x1,
    0x92, 0x6a, 0xb0, 0x80, 0x48, 0x40, 0x1f, 0xfc,
    0x2f, 0x0, 0xff, 0xe1, 0x1a, 0x0, 0x7f, 0xf0,
    0xa4, 0x3, 0xff, 0x80, 0x60, 0x4a, 0x1, 0xff,
    0xc0, 0x94, 0xe0, 0xf, 0x0,

    /* U+F15A "" */
    0x0, 0x88, 0x8, 0x40, 0x3c, 0x7a, 0x38, 0xe0,
    0x1f, 0x8c, 0x3, 0xdd, 0xf8, 0x1a, 0x33, 0xae,
    0x0, 0xb5, 0x0, 0x33, 0x99, 0x42, 0x82, 0xc0,
    0x2, 0xe3, 0x4, 0x30, 0x3, 0xe4, 0x10, 0xf0,
    0xe, 0xcf, 0xb0, 0x27, 0x0, 0xe9, 0x93, 0x1,
    0x78, 0x80, 0x65, 0x69, 0x90, 0xa, 0x0, 0x7c,
    0x20, 0x12, 0xc0, 0x2, 0xa2, 0xe0, 0x5, 0x65,
    0x40, 0xe, 0xe4, 0x5, 0xc0, 0xde, 0xb0, 0xc1,
    0x8f, 0xa2, 0x1, 0x13, 0x81, 0x0, 0x80, 0x60,

    /* U+F15B "" */
    0x35, 0x5e, 0x2, 0x0, 0xb2, 0xab, 0x8b, 0x50,
    0x3, 0xfd, 0x68, 0x1, 0xfe, 0xb3, 0x0, 0xf0,
    0xee, 0xc4, 0x1, 0xec, 0xdd, 0x98, 0x3, 0xfd,
    0xe0, 0x1f, 0xff, 0xf0, 0x3, 0xaa, 0xff, 0x58,

    /* U+F164 "" */
    0x0, 0xfc, 0x40, 0x1f, 0xfc, 0x2, 0xdf, 0x20,
    0xf, 0xf2, 0x80, 0x10, 0x3, 0xfd, 0x60, 0x1f,
    0xfc, 0x8, 0x30, 0x3, 0x80, 0x7e, 0x47, 0x0,
    0x13, 0x3b, 0x8, 0x88, 0x40, 0x68, 0x2, 0x28,
    0x84, 0xef, 0x6f, 0x1c, 0x8, 0x7, 0xc4, 0x1,
    0x39, 0x80, 0x7e, 0x70, 0xf, 0xfe, 0x7e, 0x0,
    0x7f, 0xf0, 0x44, 0x1c, 0x3, 0xfc, 0x28, 0x1c,
    0x21, 0xe4, 0x1, 0xe2, 0x2, 0x90, 0x65, 0xdc,
    0x62, 0x1, 0x3f, 0x0,

    /* U+F165 "" */
    0x0, 0xfc, 0x26, 0x61, 0x0, 0x22, 0xa8, 0x0,
    0x2f, 0xbd, 0x98, 0xe7, 0xb, 0xaa, 0x24, 0x74,
    0x10, 0x6, 0xb0, 0xe, 0x20, 0xf, 0x8c, 0x40,
    0x3f, 0xf8, 0x2a, 0x1, 0xff, 0xc1, 0x30, 0xf,
    0xfe, 0xf, 0x5, 0x8, 0x7, 0xf9, 0x43, 0x84,
    0x34, 0x3, 0xf1, 0xc9, 0xc2, 0x3a, 0x0, 0x78,
    0x65, 0xa1, 0xc0, 0x14, 0x20, 0x2, 0xff, 0x73,
    0x0, 0x70, 0xe0, 0x0, 0x90, 0x3, 0xf8, 0x98,
    0x0, 0x60, 0x1f, 0xed, 0x0, 0x10, 0x7, 0xf9,
    0x15, 0xd4, 0x2,

    /* U+F1E0 "" */
    0x0, 0xfe, 0x31, 0x0, 0xfe, 0x3e, 0xce, 0x60,
    0xf, 0xde, 0x20, 0x9, 0x10, 0xf, 0x8c, 0x3,
    0x10, 0x7, 0xd, 0x80, 0x61, 0x30, 0x9d, 0xa7,
    0xe4, 0x48, 0xf, 0x42, 0x58, 0x96, 0x6, 0x6e,
    0xdf, 0x86, 0xe, 0x1, 0xa9, 0x80, 0x3c, 0x60,
    0x18, 0xc0, 0x3e, 0x80, 0xd, 0x18, 0x42, 0xa6,
    0x0, 0x5c, 0x9b, 0xe5, 0x3d, 0xea, 0xc8, 0x0,
    0x1b, 0x20, 0xd5, 0x80, 0x67, 0x10, 0xf, 0x20,
    0x7, 0x10, 0x7, 0xcc, 0x1, 0x11, 0x80, 0x7d,
    0x2e, 0x6b, 0xe0,

    /* U+F1EB "" */
    0x0, 0xf1, 0x22, 0xa8, 0xc4, 0x3, 0xf8, 0xeb,
    0xf6, 0xea, 0x99, 0xd8, 0xe0, 0x1c, 0x57, 0x8a,
    0x0, 0x12, 0x10, 0x1, 0xc7, 0xb0, 0x1, 0x75,
    0x1, 0x2b, 0xb9, 0xbd, 0xf8, 0xe2, 0x13, 0x61,
    0x0, 0x59, 0x6a, 0x20, 0x18, 0xe3, 0x9c, 0x11,
    0x71, 0xf4, 0xc1, 0x6b, 0xbf, 0xb2, 0x4, 0x22,
    0xe5, 0x46, 0x0, 0xb6, 0x94, 0x40, 0x4d, 0xfa,
    0x1, 0x18, 0x3, 0x71, 0x3, 0x56, 0x5c, 0x10,
    0x3a, 0x0, 0x7b, 0x97, 0x65, 0x4d, 0x1f, 0x62,
    0x8, 0x1, 0xe2, 0xa2, 0x2, 0x96, 0x0, 0x3b,
    0x80, 0x3f, 0xef, 0x69, 0x50, 0xf, 0xfe, 0x11,
    0x80, 0xc, 0x3, 0xff, 0x85, 0x64, 0xac, 0x1,
    0xf0,

    /* U+F240 "" */
    0x5b, 0xbf, 0xfe, 0x15, 0x10, 0x52, 0x27, 0xff,
    0x9, 0x6c, 0x0, 0x7d, 0xbb, 0xff, 0x78, 0x33,
    0x80, 0x13, 0x77, 0xfe, 0x23, 0xd, 0x0, 0xff,
    0xe1, 0xe8, 0x7, 0xff, 0x15, 0x80, 0x33, 0xcc,
    0xff, 0xc7, 0x0, 0x11, 0x4e, 0xef, 0xfd, 0x40,
    0x96, 0xa2, 0x89, 0xff, 0xc1, 0xe, 0x1a, 0xff,
    0xff, 0xe1, 0xa8, 0x0,

    /* U+F241 "" */
    0x5b, 0xbf, 0xfe, 0x15, 0x10, 0x52, 0x27, 0xff,
    0x9, 0x6c, 0x0, 0x7d, 0xbb, 0xfb, 0xbf, 0xe0,
    0x67, 0x0, 0x26, 0xef, 0xe9, 0x0, 0x8c, 0x34,
    0x3, 0xff, 0x87, 0xa0, 0x1f, 0xfc, 0x56, 0x0,
    0xcf, 0x33, 0xfa, 0xc0, 0x28, 0x0, 0x8a, 0x77,
    0x7f, 0x45, 0xdc, 0x9, 0x6a, 0x28, 0x9f, 0xfc,
    0x10, 0xe1, 0xaf, 0xff, 0xfe, 0x1a, 0x80,

    /* U+F242 "" */
    0x5b, 0xbf, 0xfe, 0x15, 0x10, 0x52, 0x27, 0xff,
    0x9, 0x6c, 0x0, 0x7d, 0xbb, 0xdd, 0xff, 0xe0,
    0x67, 0x0, 0x26, 0xef, 0x60, 0x7, 0x8c, 0x34,
    0x3, 0xff, 0x87, 0xa0, 0x1f, 0xfc, 0x56, 0x0,
    0xcf, 0x33, 0xd0, 0x1, 0xe8, 0x0, 0x8a, 0x77,
    0x7b, 0xae, 0xfc, 0x9, 0x6a, 0x28, 0x9f, 0xfc,
    0x10, 0xe1, 0xaf, 0xff, 0xfe, 0x1a, 0x80,

    /* U+F243 "" */
    0x5b, 0xbf, 0xfe, 0x15, 0x10, 0x52, 0x27, 0xff,
    0x9, 0x6c, 0x0, 0x7d, 0xbb, 0x7f, 0xff, 0x3,
    0x38, 0x1, 0x37, 0x63, 0x0, 0xfc, 0x61, 0xa0,
    0x1f, 0xfc, 0x3d, 0x0, 0xff, 0xe2, 0xb0, 0x6,
    0x79, 0x98, 0x80, 0x3f, 0x40, 0x4, 0x53, 0xbb,
    0x55, 0xdf, 0xe0, 0x4b, 0x51, 0x44, 0xff, 0xe0,
    0x87, 0xd, 0x7f, 0xff, 0xf0, 0xd4, 0x0,

    /* U+F244 "" */
    0x5b, 0xbf, 0xfe, 0x15, 0x10, 0x52, 0x27, 0xff,
    0x9, 0x6c, 0x0, 0x7f, 0xff, 0xfc, 0x10, 0x67,
    0x0, 0xff, 0xe1, 0x98, 0x68, 0x7, 0xff, 0xf,
    0x40, 0x3f, 0xf8, 0xac, 0x1, 0xff, 0xc5, 0x80,
    0x8, 0xae, 0xff, 0xf8, 0x20, 0x96, 0xa2, 0x89,
    0xff, 0xc1, 0xe, 0x1a, 0xff, 0xff, 0xe1, 0xa8,
    0x0,

    /* U+F287 "" */
    0x0, 0xfe, 0x7b, 0x20, 0xf, 0xfe, 0xd, 0x6c,
    0x24, 0x0, 0x7f, 0xf0, 0x28, 0xf8, 0x83, 0xc0,
    0x3e, 0x44, 0x0, 0x9, 0x24, 0xf7, 0x94, 0x3,
    0xd5, 0x76, 0x80, 0x98, 0x0, 0x84, 0x2, 0x6c,
    0x30, 0x50, 0x3, 0xfa, 0x4f, 0xff, 0xd2, 0x78,
    0x8a, 0x0, 0x6f, 0xf8, 0xeb, 0xff, 0xa4, 0xad,
    0x2a, 0xa9, 0x0, 0xa2, 0x40, 0x39, 0xf5, 0x0,
    0xa, 0xa0, 0xc, 0x80, 0x87, 0xdc, 0x81, 0x0,
    0xff, 0xba, 0xb4, 0x44, 0x40, 0x1f, 0xfc, 0x2,
    0xea, 0x0, 0xff, 0xe2, 0xa7, 0xfa, 0x80, 0x30,

    /* U+F293 "" */
    0x0, 0xe1, 0x10, 0x7, 0xe7, 0xee, 0xbe, 0xcc,
    0x3, 0x54, 0x9, 0x38, 0x26, 0x10, 0x1, 0x14,
    0x2, 0x86, 0x0, 0x48, 0x3, 0x80, 0x40, 0x3,
    0x6a, 0x8, 0x0, 0x40, 0xba, 0x3, 0xea, 0x10,
    0x30, 0x10, 0xa6, 0xe3, 0xe9, 0x10, 0x60, 0xd,
    0x80, 0x2a, 0xc0, 0x3, 0x0, 0xc2, 0x20, 0x10,
    0xf, 0x87, 0x18, 0x56, 0x0, 0x6, 0x4, 0x16,
    0xb2, 0x7e, 0xe4, 0xc, 0xe, 0x15, 0x0, 0x7b,
    0x64, 0x6, 0x12, 0x1, 0x18, 0xd2, 0x2, 0x80,
    0xe, 0x0, 0x2b, 0x40, 0x1b, 0x0, 0x9f, 0x14,
    0x98, 0xdf, 0xc4, 0x0,

    /* U+F2EA "" */
    0x0, 0xff, 0xe1, 0x10, 0x80, 0xc6, 0xff, 0xb6,
    0x4, 0x2, 0xec, 0x6e, 0x72, 0x0, 0x13, 0xfa,
    0x0, 0x45, 0x20, 0x53, 0x98, 0x92, 0x1b, 0x40,
    0xe, 0xf6, 0x33, 0x36, 0xa0, 0x50, 0x7, 0x78,
    0x7, 0x58, 0x89, 0x69, 0x56, 0x40, 0xf, 0x38,
    0x7b, 0x55, 0x52, 0x1, 0xef, 0x1, 0x0, 0xff,
    0xb8, 0x3, 0xff, 0x82, 0xa0, 0x60, 0x1f, 0xe7,
    0x20, 0xa0, 0x0, 0xed, 0x10, 0x0, 0x66, 0x1,
    0xc8, 0x0, 0xc4, 0xbb, 0xdd, 0x30, 0x34, 0x0,
    0x4f, 0x44, 0x2, 0x20, 0x2a, 0x90, 0xe, 0x5d,
    0xd5, 0xdb, 0x74, 0xa0, 0x10,

    /* U+F2ED "" */
    0x0, 0xc6, 0x88, 0x30, 0xe, 0x56, 0x63, 0xe5,
    0xdb, 0x25, 0x98, 0xa1, 0x53, 0x28, 0x0, 0xcd,
    0x32, 0xa3, 0xa9, 0x9f, 0xf5, 0x1a, 0x55, 0x7f,
    0x84, 0xc, 0xff, 0xe2, 0x0, 0xd8, 0x9, 0x1,
    0x24, 0x1, 0xe1, 0x0, 0xc6, 0x1, 0xff, 0xef,
    0x10, 0xc, 0x60, 0x18, 0xc0, 0x18, 0x9, 0x1,
    0x24, 0x6, 0x3, 0x8, 0x67, 0xf3, 0x28, 0x0,

    /* U+F304 "" */
    0x0, 0xff, 0x84, 0x80, 0x3f, 0xf8, 0x9, 0xda,
    0xa0, 0x1f, 0xe2, 0xb0, 0x5, 0x28, 0x7, 0xe4,
    0x16, 0x0, 0xac, 0x3, 0xe4, 0xbc, 0xa6, 0x0,
    0x20, 0x7, 0x92, 0xc0, 0x19, 0x4c, 0x94, 0x1,
    0xc9, 0x60, 0x1b, 0x2e, 0xc0, 0x1c, 0x96, 0x1,
    0xc8, 0x40, 0x1c, 0x96, 0x1, 0xc9, 0x60, 0x1c,
    0x96, 0x1, 0xc9, 0x60, 0x1c, 0x96, 0x1, 0xc9,
    0x60, 0x1e, 0xf0, 0xe, 0x4b, 0x0, 0xf9, 0x80,
    0x32, 0x58, 0x7, 0xe2, 0x0, 0x92, 0xc0, 0x3f,
    0x99, 0x5e, 0x6c, 0x3, 0xf8,

    /* U+F379 "" */
    0x0, 0xff, 0xe2, 0x8c, 0x6f, 0xfb, 0x60, 0x40,
    0x39, 0x39, 0xc8, 0x0, 0x4f, 0xc8, 0x1, 0x25,
    0x80, 0x48, 0x64, 0x0, 0xb4, 0x0, 0x50, 0x0,
    0xea, 0x2e, 0x80, 0x2a, 0x6, 0x10, 0x1, 0x98,
    0x8d, 0x90, 0x0, 0x2d, 0x80, 0x18, 0x92, 0xd2,
    0x40, 0x2c, 0x60, 0xc, 0x8f, 0x8b, 0x40, 0x13,
    0x38, 0x4, 0x61, 0xfe, 0x1e, 0x0, 0x9c, 0xc0,
    0xb, 0x80, 0x8c, 0x6, 0x1, 0x1d, 0x80, 0x17,
    0xe, 0x39, 0x60, 0x2, 0xb3, 0x50, 0x0, 0xfa,
    0x5d, 0x88, 0x0, 0xa6, 0x14, 0x60, 0x47, 0x40,
    0x18, 0xe8, 0x2, 0xc7, 0x0, 0xf3, 0xe0, 0x7,
    0x47, 0x54, 0x42, 0xba, 0x0, 0x20,

    /* U+F55A "" */
    0x0, 0xc2, 0xf1, 0x1f, 0xce, 0x80, 0x18, 0xbe,
    0x1d, 0xff, 0xa2, 0xd0, 0x0, 0x78, 0x20, 0x11,
    0x80, 0x46, 0x1, 0x8c, 0xf, 0x44, 0x2, 0x6c,
    0x70, 0x7c, 0x60, 0xb, 0xcf, 0x44, 0x3, 0x39,
    0x45, 0xc1, 0x38, 0x6, 0xe1, 0x0, 0xe1, 0xc1,
    0x41, 0xc1, 0x0, 0xc8, 0x1, 0xf3, 0x8, 0xb,
    0x0, 0x74, 0xb0, 0x7, 0x34, 0x16, 0x14, 0x30,
    0x7, 0x4b, 0x0, 0x67, 0x4c, 0x3c, 0x47, 0x0,
    0xf4, 0xb0, 0x4, 0x36, 0x20, 0x36, 0x20, 0x17,
    0x80, 0x52, 0xe0, 0x1f, 0xf1, 0xb0,

    /* U+F58F "" */
    0x0, 0xe2, 0x55, 0x18, 0x7, 0xf3, 0x76, 0xd5,
    0x33, 0x9c, 0x3, 0xd5, 0x2f, 0xbf, 0xed, 0x98,
    0xb0, 0xd, 0xb, 0x92, 0x40, 0x2, 0x7d, 0x5a,
    0x0, 0x1b, 0xd9, 0x80, 0x78, 0xb5, 0x50, 0x28,
    0xd0, 0x3, 0xf1, 0xaf, 0x82, 0x58, 0x7, 0xfb,
    0xd0, 0x8, 0x80, 0x6a, 0x1, 0x91, 0x0, 0xc0,
    0x20, 0x7, 0xca, 0x40, 0x0, 0xdd, 0xa4, 0x3,
    0xac, 0x0, 0x20, 0x3, 0x0, 0x38, 0x6, 0x10,
    0xf, 0xf0, 0x80, 0x39, 0x1c, 0x3, 0xf1, 0x97,
    0x8, 0x82, 0x50, 0xdc, 0x0, 0x46, 0x6e, 0x1,
    0x0,

    /* U+F7C2 "" */
    0x0, 0xff, 0xe0, 0x9f, 0x7f, 0xf7, 0x10, 0x1e,
    0x28, 0x21, 0x8a, 0xc, 0x26, 0x5, 0x15, 0xfa,
    0x50, 0x2, 0xc0, 0x3f, 0xf8, 0x3c, 0x5f, 0x8b,
    0xc0, 0x1f, 0xff, 0xf0, 0xc, 0x40, 0x1f, 0xc5,
    0xec, 0xab, 0xf3, 0xc0,

    /* U+F8A2 "" */
    0x0, 0xff, 0xe0, 0x98, 0x7, 0xff, 0x5, 0x30,
    0x40, 0x28, 0x20, 0xf, 0xd, 0x80, 0x6b, 0x75,
    0x0, 0xf1, 0x80, 0x6c, 0x40, 0xe4, 0x4f, 0x38,
    0x5, 0x66, 0x0, 0x6b, 0xbf, 0x50, 0x4, 0x60,
    0x1f, 0xfc, 0x2, 0x18, 0x80, 0x2, 0x3f, 0xff,
    0x68, 0x1, 0xe4, 0x4, 0x3, 0xff, 0x80, 0xd8,
    0xc0, 0x1f, 0xe0
};


/*---------------------
 *  GLYPH DESCRIPTION
 *--------------------*/

static const lv_font_fmt_txt_glyph_dsc_t glyph_dsc[] = {
    {.bitmap_index = 0, .adv_w = 0, .box_w = 0, .box_h = 0, .ofs_x = 0, .ofs_y = 0} /* id = 0 reserved */,
    {.bitmap_index = 0, .adv_w = 60, .box_w = 0, .box_h = 0, .ofs_x = 0, .ofs_y = 0},
    {.bitmap_index = 0, .adv_w = 60, .box_w = 3, .box_h = 10, .ofs_x = 0, .ofs_y = 0},
    {.bitmap_index = 15, .adv_w = 88, .box_w = 5, .box_h = 5, .ofs_x = 0, .ofs_y = 5},
    {.bitmap_index = 26, .adv_w = 157, .box_w = 10, .box_h = 10, .ofs_x = 0, .ofs_y = 0},
    {.bitmap_index = 76, .adv_w = 139, .box_w = 9, .box_h = 15, .ofs_x = 0, .ofs_y = -2},
    {.bitmap_index = 133, .adv_w = 189, .box_w = 12, .box_h = 10, .ofs_x = 0, .ofs_y = 0},
    {.bitmap_index = 192, .adv_w = 154, .box_w = 10, .box_h = 11, .ofs_x = 0, .ofs_y = -1},
    {.bitmap_index = 244, .adv_w = 47, .box_w = 3, .box_h = 5, .ofs_x = 0, .ofs_y = 5},
    {.bitmap_index = 250, .adv_w = 75, .box_w = 4, .box_h = 14, .ofs_x = 1, .ofs_y = -3},
    {.bitmap_index = 278, .adv_w = 76, .box_w = 4, .box_h = 14, .ofs_x = 0, .ofs_y = -3},
    {.bitmap_index = 306, .adv_w = 90, .box_w = 6, .box_h = 6, .ofs_x = 0, .ofs_y = 5},
    {.bitmap_index = 325, .adv_w = 130, .box_w = 8, .box_h = 7, .ofs_x = 0, .ofs_y = 2},
    {.bitmap_index = 347, .adv_w = 51, .box_w = 3, .box_h = 5, .ofs_x = 0, .ofs_y = -2},
    {.bitmap_index = 355, .adv_w = 86, .box_w = 5, .box_h = 3, .ofs_x = 0, .ofs_y = 3},
    {.bitmap_index = 361, .adv_w = 51, .box_w = 3, .box_h = 3, .ofs_x = 0, .ofs_y = 0},
    {.bitmap_index = 365, .adv_w = 79, .box_w = 7, .box_h = 14, .ofs_x = -1, .ofs_y = -1},
    {.bitmap_index = 403, .adv_w = 149, .box_w = 9, .box_h = 10, .ofs_x = 0, .ofs_y = 0},
    {.bitmap_index = 445, .adv_w = 83, .box_w = 4, .box_h = 10, .ofs_x = 0, .ofs_y = 0},
    {.bitmap_index = 454, .adv_w = 129, .box_w = 8, .box_h = 10, .ofs_x = 0, .ofs_y = 0},
    {.bitmap_index = 490, .adv_w = 128, .box_w = 8, .box_h = 10, .ofs_x = 0, .ofs_y = 0},
    {.bitmap_index = 525, .adv_w = 150, .box_w = 10, .box_h = 10, .ofs_x = 0, .ofs_y = 0},
    {.bitmap_index = 563, .adv_w = 129, .box_w = 8, .box_h = 10, .ofs_x = 0, .ofs_y = 0},
    {.bitmap_index = 600, .adv_w = 138, .box_w = 9, .box_h = 10, .ofs_x = 0, .ofs_y = 0},
    {.bitmap_index = 644, .adv_w = 134, .box_w = 8, .box_h = 10, .ofs_x = 0, .ofs_y = 0},
    {.bitmap_index = 677, .adv_w = 144, .box_w = 9, .box_h = 10, .ofs_x = 0, .ofs_y = 0},
    {.bitmap_index = 722, .adv_w = 138, .box_w = 8, .box_h = 10, .ofs_x = 0, .ofs_y = 0},
    {.bitmap_index = 762, .adv_w = 51, .box_w = 3, .box_h = 8, .ofs_x = 0, .ofs_y = 0},
    {.bitmap_index = 772, .adv_w = 51, .box_w = 3, .box_h = 11, .ofs_x = 0, .ofs_y = -3},
    {.bitmap_index = 787, .adv_w = 130, .box_w = 8, .box_h = 8, .ofs_x = 0, .ofs_y = 1},
    {.bitmap_index = 816, .adv_w = 130, .box_w = 8, .box_h = 6, .ofs_x = 0, .ofs_y = 2},
    {.bitmap_index = 831, .adv_w = 130, .box_w = 8, .box_h = 8, .ofs_x = 0, .ofs_y = 1},
    {.bitmap_index = 860, .adv_w = 128, .box_w = 8, .box_h = 10, .ofs_x = 0, .ofs_y = 0},
    {.bitmap_index = 894, .adv_w = 232, .box_w = 14, .box_h = 13, .ofs_x = 0, .ofs_y = -3},
    {.bitmap_index = 980, .adv_w = 164, .box_w = 12, .box_h = 10, .ofs_x = -1, .ofs_y = 0},
    {.bitmap_index = 1027, .adv_w = 170, .box_w = 9, .box_h = 10, .ofs_x = 1, .ofs_y = 0},
    {.bitmap_index = 1067, .adv_w = 160, .box_w = 10, .box_h = 10, .ofs_x = 0, .ofs_y = 0},
    {.bitmap_index = 1110, .adv_w = 185, .box_w = 10, .box_h = 10, .ofs_x = 1, .ofs_y = 0},
    {.bitmap_index = 1147, .adv_w = 150, .box_w = 8, .box_h = 10, .ofs_x = 1, .ofs_y = 0},
    {.bitmap_index = 1174, .adv_w = 142, .box_w = 8, .box_h = 10, .ofs_x = 1, .ofs_y = 0},
    {.bitmap_index = 1198, .adv_w = 173, .box_w = 10, .box_h = 10, .ofs_x = 0, .ofs_y = 0},
    {.bitmap_index = 1240, .adv_w = 182, .box_w = 9, .box_h = 10, .ofs_x = 1, .ofs_y = 0},
    {.bitmap_index = 1260, .adv_w = 69, .box_w = 2, .box_h = 10, .ofs_x = 1, .ofs_y = 0},
    {.bitmap_index = 1265, .adv_w = 115, .box_w = 7, .box_h = 10, .ofs_x = -1, .ofs_y = 0},
    {.bitmap_index = 1287, .adv_w = 161, .box_w = 10, .box_h = 10, .ofs_x = 1, .ofs_y = 0},
    {.bitmap_index = 1326, .adv_w = 133, .box_w = 8, .box_h = 10, .ofs_x = 1, .ofs_y = 0},
    {.bitmap_index = 1336, .adv_w = 214, .box_w = 11, .box_h = 10, .ofs_x = 1, .ofs_y = 0},
    {.bitmap_index = 1380, .adv_w = 182, .box_w = 9, .box_h = 10, .ofs_x = 1, .ofs_y = 0},
    {.bitmap_index = 1413, .adv_w = 188, .box_w = 12, .box_h = 10, .ofs_x = 0, .ofs_y = 0},
    {.bitmap_index = 1466, .adv_w = 162, .box_w = 9, .box_h = 10, .ofs_x = 1, .ofs_y = 0},
    {.bitmap_index = 1504, .adv_w = 188, .box_w = 12, .box_h = 13, .ofs_x = 0, .ofs_y = -3},
    {.bitmap_index = 1572, .adv_w = 163, .box_w = 9, .box_h = 10, .ofs_x = 1, .ofs_y = 0},
    {.bitmap_index = 1611, .adv_w = 139, .box_w = 9, .box_h = 10, .ofs_x = 0, .ofs_y = 0},
    {.bitmap_index = 1654, .adv_w = 131, .box_w = 9, .box_h = 10, .ofs_x = 0, .ofs_y = 0},
    {.bitmap_index = 1667, .adv_w = 177, .box_w = 9, .box_h = 10, .ofs_x = 1, .ofs_y = 0},
    {.bitmap_index = 1691, .adv_w = 159, .box_w = 11, .box_h = 10, .ofs_x = -1, .ofs_y = 0},
    {.bitmap_index = 1739, .adv_w = 252, .box_w = 16, .box_h = 10, .ofs_x = 0, .ofs_y = 0},
    {.bitmap_index = 1814, .adv_w = 151, .box_w = 10, .box_h = 10, .ofs_x = 0, .ofs_y = 0},
    {.bitmap_index = 1859, .adv_w = 145, .box_w = 11, .box_h = 10, .ofs_x = -1, .ofs_y = 0},
    {.bitmap_index = 1897, .adv_w = 147, .box_w = 9, .box_h = 10, .ofs_x = 0, .ofs_y = 0},
    {.bitmap_index = 1933, .adv_w = 75, .box_w = 4, .box_h = 14, .ofs_x = 1, .ofs_y = -3},
    {.bitmap_index = 1946, .adv_w = 79, .box_w = 7, .box_h = 14, .ofs_x = -1, .ofs_y = -1},
    {.bitmap_index = 1984, .adv_w = 75, .box_w = 4, .box_h = 14, .ofs_x = 0, .ofs_y = -3},
    {.bitmap_index = 1997, .adv_w = 131, .box_w = 7, .box_h = 6, .ofs_x = 1, .ofs_y = 2},
    {.bitmap_index = 2018, .adv_w = 112, .box_w = 7, .box_h = 1, .ofs_x = 0, .ofs_y = -1},
    {.bitmap_index = 2020, .adv_w = 134, .box_w = 5, .box_h = 2, .ofs_x = 1, .ofs_y = 9},
    {.bitmap_index = 2025, .adv_w = 134, .box_w = 8, .box_h = 8, .ofs_x = 0, .ofs_y = 0},
    {.bitmap_index = 2058, .adv_w = 153, .box_w = 8, .box_h = 11, .ofs_x = 1, .ofs_y = 0},
    {.bitmap_index = 2091, .adv_w = 128, .box_w = 8, .box_h = 8, .ofs_x = 0, .ofs_y = 0},
    {.bitmap_index = 2121, .adv_w = 153, .box_w = 9, .box_h = 11, .ofs_x = 0, .ofs_y = 0},
    {.bitmap_index = 2160, .adv_w = 137, .box_w = 8, .box_h = 8, .ofs_x = 0, .ofs_y = 0},
    {.bitmap_index = 2191, .adv_w = 79, .box_w = 6, .box_h = 11, .ofs_x = 0, .ofs_y = 0},
    {.bitmap_index = 2213, .adv_w = 155, .box_w = 9, .box_h = 11, .ofs_x = 0, .ofs_y = -3},
    {.bitmap_index = 2259, .adv_w = 153, .box_w = 8, .box_h = 11, .ofs_x = 1, .ofs_y = 0},
    {.bitmap_index = 2284, .adv_w = 62, .box_w = 2, .box_h = 11, .ofs_x = 1, .ofs_y = 0},
    {.bitmap_index = 2292, .adv_w = 64, .box_w = 5, .box_h = 14, .ofs_x = -2, .ofs_y = -3},
    {.bitmap_index = 2310, .adv_w = 138, .box_w = 8, .box_h = 11, .ofs_x = 1, .ofs_y = 0},
    {.bitmap_index = 2341, .adv_w = 62, .box_w = 2, .box_h = 11, .ofs_x = 1, .ofs_y = 0},
    {.bitmap_index = 2346, .adv_w = 237, .box_w = 13, .box_h = 8, .ofs_x = 1, .ofs_y = 0},
    {.bitmap_index = 2378, .adv_w = 153, .box_w = 8, .box_h = 8, .ofs_x = 1, .ofs_y = 0},
    {.bitmap_index = 2400, .adv_w = 142, .box_w = 9, .box_h = 8, .ofs_x = 0, .ofs_y = 0},
    {.bitmap_index = 2434, .adv_w = 153, .box_w = 8, .box_h = 11, .ofs_x = 1, .ofs_y = -3},
    {.bitmap_index = 2470, .adv_w = 153, .box_w = 9, .box_h = 11, .ofs_x = 0, .ofs_y = -3},
    {.bitmap_index = 2509, .adv_w = 92, .box_w = 5, .box_h = 8, .ofs_x = 1, .ofs_y = 0},
    {.bitmap_index = 2523, .adv_w = 112, .box_w = 7, .box_h = 8, .ofs_x = 0, .ofs_y = 0},
    {.bitmap_index = 2552, .adv_w = 93, .box_w = 6, .box_h = 10, .ofs_x = 0, .ofs_y = 0},
    {.bitmap_index = 2573, .adv_w = 152, .box_w = 8, .box_h = 8, .ofs_x = 1, .ofs_y = 0},
    {.bitmap_index = 2596, .adv_w = 125, .box_w = 9, .box_h = 8, .ofs_x = -1, .ofs_y = 0},
    {.bitmap_index = 2630, .adv_w = 201, .box_w = 13, .box_h = 8, .ofs_x = 0, .ofs_y = 0},
    {.bitmap_index = 2681, .adv_w = 124, .box_w = 8, .box_h = 8, .ofs_x = 0, .ofs_y = 0},
    {.bitmap_index = 2712, .adv_w = 125, .box_w = 9, .box_h = 11, .ofs_x = -1, .ofs_y = -3},
    {.bitmap_index = 2756, .adv_w = 117, .box_w = 7, .box_h = 8, .ofs_x = 0, .ofs_y = 0},
    {.bitmap_index = 2783, .adv_w = 79, .box_w = 5, .box_h = 14, .ofs_x = 0, .ofs_y = -3},
    {.bitmap_index = 2811, .adv_w = 67, .box_w = 2, .box_h = 14, .ofs_x = 1, .ofs_y = -3},
    {.bitmap_index = 2816, .adv_w = 79, .box_w = 5, .box_h = 14, .ofs_x = 0, .ofs_y = -3},
    {.bitmap_index = 2844, .adv_w = 130, .box_w = 8, .box_h = 3, .ofs_x = 0, .ofs_y = 3},
    {.bitmap_index = 2857, .adv_w = 60, .box_w = 0, .box_h = 0, .ofs_x = 0, .ofs_y = 0},
    {.bitmap_index = 2857, .adv_w = 60, .box_w = 3, .box_h = 10, .ofs_x = 0, .ofs_y = -2},
    {.bitmap_index = 2871, .adv_w = 128, .box_w = 8, .box_h = 12, .ofs_x = 0, .ofs_y = -2},
    {.bitmap_index = 2911, .adv_w = 145, .box_w = 9, .box_h = 10, .ofs_x = 0, .ofs_y = 0},
    {.bitmap_index = 2947, .adv_w = 157, .box_w = 10, .box_h = 11, .ofs_x = 0, .ofs_y = -1},
    {.bitmap_index = 3000, .adv_w = 158, .box_w = 11, .box_h = 10, .ofs_x = -1, .ofs_y = 0},
    {.bitmap_index = 3050, .adv_w = 67, .box_w = 2, .box_h = 14, .ofs_x = 1, .ofs_y = -3},
    {.bitmap_index = 3061, .adv_w = 112, .box_w = 7, .box_h = 13, .ofs_x = 0, .ofs_y = -3},
    {.bitmap_index = 3107, .adv_w = 134, .box_w = 5, .box_h = 2, .ofs_x = 2, .ofs_y = 9},
    {.bitmap_index = 3112, .adv_w = 180, .box_w = 11, .box_h = 11, .ofs_x = 0, .ofs_y = 0},
    {.bitmap_index = 3170, .adv_w = 90, .box_w = 5, .box_h = 5, .ofs_x = 0, .ofs_y = 6},
    {.bitmap_index = 3183, .adv_w = 113, .box_w = 7, .box_h = 6, .ofs_x = 0, .ofs_y = 1},
    {.bitmap_index = 3205, .adv_w = 130, .box_w = 8, .box_h = 4, .ofs_x = 0, .ofs_y = 2},
    {.bitmap_index = 3216, .adv_w = 180, .box_w = 11, .box_h = 11, .ofs_x = 0, .ofs_y = 0},
    {.bitmap_index = 3275, .adv_w = 134, .box_w = 6, .box_h = 1, .ofs_x = 1, .ofs_y = 10},
    {.bitmap_index = 3278, .adv_w = 94, .box_w = 6, .box_h = 5, .ofs_x = 0, .ofs_y = 6},
    {.bitmap_index = 3294, .adv_w = 130, .box_w = 8, .box_h = 9, .ofs_x = 0, .ofs_y = 0},
    {.bitmap_index = 3324, .adv_w = 96, .box_w = 6, .box_h = 6, .ofs_x = 0, .ofs_y = 5},
    {.bitmap_index = 3343, .adv_w = 96, .box_w = 6, .box_h = 6, .ofs_x = 0, .ofs_y = 5},
    {.bitmap_index = 3360, .adv_w = 134, .box_w = 4, .box_h = 2, .ofs_x = 3, .ofs_y = 9},
    {.bitmap_index = 3364, .adv_w = 153, .box_w = 8, .box_h = 11, .ofs_x = 1, .ofs_y = -3},
    {.bitmap_index = 3391, .adv_w = 145, .box_w = 8, .box_h = 13, .ofs_x = 0, .ofs_y = -2},
    {.bitmap_index = 3418, .adv_w = 60, .box_w = 3, .box_h = 3, .ofs_x = 0, .ofs_y = 3},
    {.bitmap_index = 3422, .adv_w = 134, .box_w = 4, .box_h = 4, .ofs_x = 2, .ofs_y = -3},
    {.bitmap_index = 3431, .adv_w = 96, .box_w = 5, .box_h = 6, .ofs_x = 1, .ofs_y = 5},
    {.bitmap_index = 3441, .adv_w = 94, .box_w = 6, .box_h = 5, .ofs_x = 0, .ofs_y = 6},
    {.bitmap_index = 3457, .adv_w = 113, .box_w = 7, .box_h = 6, .ofs_x = 0, .ofs_y = 1},
    {.bitmap_index = 3479, .adv_w = 232, .box_w = 14, .box_h = 11, .ofs_x = 1, .ofs_y = -1},
    {.bitmap_index = 3542, .adv_w = 232, .box_w = 13, .box_h = 11, .ofs_x = 1, .ofs_y = 0},
    {.bitmap_index = 3600, .adv_w = 232, .box_w = 15, .box_h = 11, .ofs_x = 0, .ofs_y = -1},
    {.bitmap_index = 3673, .adv_w = 128, .box_w = 8, .box_h = 11, .ofs_x = 0, .ofs_y = -3},
    {.bitmap_index = 3708, .adv_w = 164, .box_w = 12, .box_h = 14, .ofs_x = -1, .ofs_y = 0},
    {.bitmap_index = 3769, .adv_w = 164, .box_w = 12, .box_h = 14, .ofs_x = -1, .ofs_y = 0},
    {.bitmap_index = 3830, .adv_w = 164, .box_w = 12, .box_h = 14, .ofs_x = -1, .ofs_y = 0},
    {.bitmap_index = 3894, .adv_w = 164, .box_w = 12, .box_h = 13, .ofs_x = -1, .ofs_y = 0},
    {.bitmap_index = 3955, .adv_w = 164, .box_w = 12, .box_h = 13, .ofs_x = -1, .ofs_y = 0},
    {.bitmap_index = 4014, .adv_w = 164, .box_w = 12, .box_h = 15, .ofs_x = -1, .ofs_y = 0},
    {.bitmap_index = 4078, .adv_w = 235, .box_w = 15, .box_h = 10, .ofs_x = -1, .ofs_y = 0},
    {.bitmap_index = 4135, .adv_w = 160, .box_w = 10, .box_h = 13, .ofs_x = 0, .ofs_y = -3},
    {.bitmap_index = 4190, .adv_w = 150, .box_w = 8, .box_h = 14, .ofs_x = 1, .ofs_y = 0},
    {.bitmap_index = 4229, .adv_w = 150, .box_w = 8, .box_h = 14, .ofs_x = 1, .ofs_y = 0},
    {.bitmap_index = 4269, .adv_w = 150, .box_w = 8, .box_h = 14, .ofs_x = 1, .ofs_y = 0},
    {.bitmap_index = 4311, .adv_w = 150, .box_w = 8, .box_h = 13, .ofs_x = 1, .ofs_y = 0},
    {.bitmap_index = 4349, .adv_w = 69, .box_w = 5, .box_h = 14, .ofs_x = -1, .ofs_y = 0},
    {.bitmap_index = 4364, .adv_w = 69, .box_w = 4, .box_h = 14, .ofs_x = 1, .ofs_y = 0},
    {.bitmap_index = 4377, .adv_w = 69, .box_w = 6, .box_h = 14, .ofs_x = -1, .ofs_y = 0},
    {.bitmap_index = 4395, .adv_w = 69, .box_w = 5, .box_h = 13, .ofs_x = 0, .ofs_y = 0},
    {.bitmap_index = 4408, .adv_w = 187, .box_w = 11, .box_h = 10, .ofs_x = 0, .ofs_y = 0},
    {.bitmap_index = 4454, .adv_w = 182, .box_w = 9, .box_h = 13, .ofs_x = 1, .ofs_y = 0},
    {.bitmap_index = 4500, .adv_w = 188, .box_w = 12, .box_h = 14, .ofs_x = 0, .ofs_y = 0},
    {.bitmap_index = 4568, .adv_w = 188, .box_w = 12, .box_h = 14, .ofs_x = 0, .ofs_y = 0},
    {.bitmap_index = 4635, .adv_w = 188, .box_w = 12, .box_h = 14, .ofs_x = 0, .ofs_y = 0},
    {.bitmap_index = 4705, .adv_w = 188, .box_w = 12, .box_h = 13, .ofs_x = 0, .ofs_y = 0},
    {.bitmap_index = 4772, .adv_w = 188, .box_w = 12, .box_h = 13, .ofs_x = 0, .ofs_y = 0},
    {.bitmap_index = 4837, .adv_w = 130, .box_w = 6, .box_h = 7, .ofs_x = 1, .ofs_y = 2},
    {.bitmap_index = 4858, .adv_w = 188, .box_w = 12, .box_h = 13, .ofs_x = 0, .ofs_y = -1},
    {.bitmap_index = 4928, .adv_w = 177, .box_w = 9, .box_h = 14, .ofs_x = 1, .ofs_y = 0},
    {.bitmap_index = 4965, .adv_w = 177, .box_w = 9, .box_h = 14, .ofs_x = 1, .ofs_y = 0},
    {.bitmap_index = 5002, .adv_w = 177, .box_w = 9, .box_h = 14, .ofs_x = 1, .ofs_y = 0},
    {.bitmap_index = 5042, .adv_w = 177, .box_w = 9, .box_h = 13, .ofs_x = 1, .ofs_y = 0},
    {.bitmap_index = 5078, .adv_w = 145, .box_w = 11, .box_h = 14, .ofs_x = -1, .ofs_y = 0},
    {.bitmap_index = 5130, .adv_w = 162, .box_w = 9, .box_h = 10, .ofs_x = 1, .ofs_y = 0},
    {.bitmap_index = 5169, .adv_w = 151, .box_w = 8, .box_h = 11, .ofs_x = 1, .ofs_y = 0},
    {.bitmap_index = 5207, .adv_w = 134, .box_w = 8, .box_h = 11, .ofs_x = 0, .ofs_y = 0},
    {.bitmap_index = 5249, .adv_w = 134, .box_w = 8, .box_h = 11, .ofs_x = 0, .ofs_y = 0},
    {.bitmap_index = 5292, .adv_w = 134, .box_w = 8, .box_h = 11, .ofs_x = 0, .ofs_y = 0},
    {.bitmap_index = 5337, .adv_w = 134, .box_w = 8, .box_h = 11, .ofs_x = 0, .ofs_y = 0},
    {.bitmap_index = 5382, .adv_w = 134, .box_w = 8, .box_h = 11, .ofs_x = 0, .ofs_y = 0},
    {.bitmap_index = 5426, .adv_w = 134, .box_w = 8, .box_h = 12, .ofs_x = 0, .ofs_y = 0},
    {.bitmap_index = 5473, .adv_w = 222, .box_w = 14, .box_h = 8, .ofs_x = 0, .ofs_y = 0},
    {.bitmap_index = 5528, .adv_w = 128, .box_w = 8, .box_h = 11, .ofs_x = 0, .ofs_y = -3},
    {.bitmap_index = 5569, .adv_w = 137, .box_w = 8, .box_h = 11, .ofs_x = 0, .ofs_y = 0},
    {.bitmap_index = 5609, .adv_w = 137, .box_w = 8, .box_h = 11, .ofs_x = 0, .ofs_y = 0},
    {.bitmap_index = 5650, .adv_w = 137, .box_w = 8, .box_h = 11, .ofs_x = 0, .ofs_y = 0},
    {.bitmap_index = 5692, .adv_w = 137, .box_w = 8, .box_h = 11, .ofs_x = 0, .ofs_y = 0},
    {.bitmap_index = 5735, .adv_w = 62, .box_w = 4, .box_h = 11, .ofs_x = -1, .ofs_y = 0},
    {.bitmap_index = 5747, .adv_w = 62, .box_w = 5, .box_h = 11, .ofs_x = 0, .ofs_y = 0},
    {.bitmap_index = 5760, .adv_w = 62, .box_w = 6, .box_h = 11, .ofs_x = -1, .ofs_y = 0},
    {.bitmap_index = 5775, .adv_w = 62, .box_w = 4, .box_h = 11, .ofs_x = 0, .ofs_y = 0},
    {.bitmap_index = 5786, .adv_w = 134, .box_w = 8, .box_h = 12, .ofs_x = 0, .ofs_y = 0},
    {.bitmap_index = 5833, .adv_w = 153, .box_w = 8, .box_h = 11, .ofs_x = 1, .ofs_y = 0},
    {.bitmap_index = 5867, .adv_w = 142, .box_w = 9, .box_h = 11, .ofs_x = 0, .ofs_y = 0},
    {.bitmap_index = 5911, .adv_w = 142, .box_w = 9, .box_h = 11, .ofs_x = 0, .ofs_y = 0},
    {.bitmap_index = 5955, .adv_w = 142, .box_w = 9, .box_h = 11, .ofs_x = 0, .ofs_y = 0},
    {.bitmap_index = 6000, .adv_w = 142, .box_w = 9, .box_h = 11, .ofs_x = 0, .ofs_y = 0},
    {.bitmap_index = 6046, .adv_w = 142, .box_w = 9, .box_h = 11, .ofs_x = 0, .ofs_y = 0},
    {.bitmap_index = 6092, .adv_w = 130, .box_w = 8, .box_h = 8, .ofs_x = 0, .ofs_y = 1},
    {.bitmap_index = 6115, .adv_w = 142, .box_w = 9, .box_h = 10, .ofs_x = 0, .ofs_y = -1},
    {.bitmap_index = 6160, .adv_w = 152, .box_w = 8, .box_h = 11, .ofs_x = 1, .ofs_y = 0},
    {.bitmap_index = 6193, .adv_w = 152, .box_w = 8, .box_h = 11, .ofs_x = 1, .ofs_y = 0},
    {.bitmap_index = 6225, .adv_w = 152, .box_w = 8, .box_h = 11, .ofs_x = 1, .ofs_y = 0},
    {.bitmap_index = 6259, .adv_w = 152, .box_w = 8, .box_h = 11, .ofs_x = 1, .ofs_y = 0},
    {.bitmap_index = 6294, .adv_w = 125, .box_w = 9, .box_h = 14, .ofs_x = -1, .ofs_y = -3},
    {.bitmap_index = 6347, .adv_w = 153, .box_w = 8, .box_h = 14, .ofs_x = 1, .ofs_y = -3},
    {.bitmap_index = 6387, .adv_w = 125, .box_w = 9, .box_h = 14, .ofs_x = -1, .ofs_y = -3},
    {.bitmap_index = 6443, .adv_w = 112, .box_w = 7, .box_h = 1, .ofs_x = 0, .ofs_y = 4},
    {.bitmap_index = 6445, .adv_w = 224, .box_w = 14, .box_h = 1, .ofs_x = 0, .ofs_y = 4},
    {.bitmap_index = 6449, .adv_w = 51, .box_w = 3, .box_h = 5, .ofs_x = 0, .ofs_y = 6},
    {.bitmap_index = 6457, .adv_w = 51, .box_w = 3, .box_h = 5, .ofs_x = 0, .ofs_y = 6},
    {.bitmap_index = 6465, .adv_w = 93, .box_w = 6, .box_h = 5, .ofs_x = 0, .ofs_y = 6},
    {.bitmap_index = 6481, .adv_w = 93, .box_w = 6, .box_h = 5, .ofs_x = 0, .ofs_y = 6},
    {.bitmap_index = 6497, .adv_w = 70, .box_w = 4, .box_h = 3, .ofs_x = 0, .ofs_y = 3},
    {.bitmap_index = 6503, .adv_w = 155, .box_w = 10, .box_h = 3, .ofs_x = 0, .ofs_y = 0},
    {.bitmap_index = 6515, .adv_w = 182, .box_w = 10, .box_h = 15, .ofs_x = 1, .ofs_y = -2},
    {.bitmap_index = 6576, .adv_w = 161, .box_w = 10, .box_h = 15, .ofs_x = 0, .ofs_y = -2},
    {.bitmap_index = 6640, .adv_w = 161, .box_w = 9, .box_h = 15, .ofs_x = -1, .ofs_y = -2},
    {.bitmap_index = 6691, .adv_w = 224, .box_w = 15, .box_h = 15, .ofs_x = -1, .ofs_y = -2},
    {.bitmap_index = 6762, .adv_w = 224, .box_w = 14, .box_h = 15, .ofs_x = 0, .ofs_y = -2},
    {.bitmap_index = 6853, .adv_w = 224, .box_w = 16, .box_h = 13, .ofs_x = -1, .ofs_y = -1},
    {.bitmap_index = 6928, .adv_w = 252, .box_w = 16, .box_h = 15, .ofs_x = 0, .ofs_y = -2},
    {.bitmap_index = 7010, .adv_w = 224, .box_w = 14, .box_h = 11, .ofs_x = 0, .ofs_y = 0},
    {.bitmap_index = 7071, .adv_w = 224, .box_w = 14, .box_h = 13, .ofs_x = 0, .ofs_y = -1},
    {.bitmap_index = 7131, .adv_w = 224, .box_w = 14, .box_h = 11, .ofs_x = 0, .ofs_y = 0},
    {.bitmap_index = 7192, .adv_w = 154, .box_w = 10, .box_h = 11, .ofs_x = 0, .ofs_y = 0},
    {.bitmap_index = 7244, .adv_w = 224, .box_w = 14, .box_h = 15, .ofs_x = 0, .ofs_y = -2},
    {.bitmap_index = 7339, .adv_w = 224, .box_w = 14, .box_h = 15, .ofs_x = 0, .ofs_y = -2},
    {.bitmap_index = 7430, .adv_w = 224, .box_w = 14, .box_h = 15, .ofs_x = 0, .ofs_y = -2},
    {.bitmap_index = 7520, .adv_w = 224, .box_w = 14, .box_h = 15, .ofs_x = 0, .ofs_y = -2},
    {.bitmap_index = 7607, .adv_w = 252, .box_w = 16, .box_h = 13, .ofs_x = 0, .ofs_y = -1},
    {.bitmap_index = 7687, .adv_w = 224, .box_w = 14, .box_h = 15, .ofs_x = 0, .ofs_y = -2},
    {.bitmap_index = 7752, .adv_w = 252, .box_w = 16, .box_h = 11, .ofs_x = 0, .ofs_y = 0},
    {.bitmap_index = 7815, .adv_w = 224, .box_w = 14, .box_h = 15, .ofs_x = 0, .ofs_y = -2},
    {.bitmap_index = 7910, .adv_w = 112, .box_w = 7, .box_h = 12, .ofs_x = 0, .ofs_y = -1},
    {.bitmap_index = 7938, .adv_w = 168, .box_w = 11, .box_h = 12, .ofs_x = 0, .ofs_y = -1},
    {.bitmap_index = 7984, .adv_w = 252, .box_w = 16, .box_h = 14, .ofs_x = 0, .ofs_y = -2},
    {.bitmap_index = 8074, .adv_w = 196, .box_w = 13, .box_h = 13, .ofs_x = 0, .ofs_y = -1},
    {.bitmap_index = 8144, .adv_w = 224, .box_w = 14, .box_h = 13, .ofs_x = 0, .ofs_y = -1},
    {.bitmap_index = 8213, .adv_w = 224, .box_w = 14, .box_h = 11, .ofs_x = 0, .ofs_y = 0},
    {.bitmap_index = 8269, .adv_w = 154, .box_w = 10, .box_h = 15, .ofs_x = 0, .ofs_y = -2},
    {.bitmap_index = 8329, .adv_w = 196, .box_w = 10, .box_h = 14, .ofs_x = 1, .ofs_y = -2},
    {.bitmap_index = 8376, .adv_w = 196, .box_w = 13, .box_h = 15, .ofs_x = 0, .ofs_y = -2},
    {.bitmap_index = 8434, .adv_w = 196, .box_w = 13, .box_h = 13, .ofs_x = 0, .ofs_y = -1},
    {.bitmap_index = 8471, .adv_w = 196, .box_w = 13, .box_h = 13, .ofs_x = 0, .ofs_y = -1},
    {.bitmap_index = 8496, .adv_w = 196, .box_w = 10, .box_h = 14, .ofs_x = 1, .ofs_y = -2},
    {.bitmap_index = 8545, .adv_w = 196, .box_w = 14, .box_h = 13, .ofs_x = -1, .ofs_y = -1},
    {.bitmap_index = 8604, .adv_w = 140, .box_w = 9, .box_h = 13, .ofs_x = 0, .ofs_y = -1},
    {.bitmap_index = 8652, .adv_w = 140, .box_w = 9, .box_h = 13, .ofs_x = 0, .ofs_y = -1},
    {.bitmap_index = 8701, .adv_w = 196, .box_w = 13, .box_h = 13, .ofs_x = 0, .ofs_y = -1},
    {.bitmap_index = 8748, .adv_w = 196, .box_w = 13, .box_h = 4, .ofs_x = 0, .ofs_y = 3},
    {.bitmap_index = 8762, .adv_w = 252, .box_w = 16, .box_h = 11, .ofs_x = 0, .ofs_y = 0},
    {.bitmap_index = 8845, .adv_w = 280, .box_w = 18, .box_h = 15, .ofs_x = 0, .ofs_y = -2},
    {.bitmap_index = 8962, .adv_w = 252, .box_w = 17, .box_h = 15, .ofs_x = -1, .ofs_y = -2},
    {.bitmap_index = 9050, .adv_w = 224, .box_w = 14, .box_h = 13, .ofs_x = 0, .ofs_y = -1},
    {.bitmap_index = 9132, .adv_w = 196, .box_w = 13, .box_h = 8, .ofs_x = 0, .ofs_y = 1},
    {.bitmap_index = 9175, .adv_w = 196, .box_w = 13, .box_h = 8, .ofs_x = 0, .ofs_y = 1},
    {.bitmap_index = 9220, .adv_w = 280, .box_w = 18, .box_h = 11, .ofs_x = 0, .ofs_y = 0},
    {.bitmap_index = 9291, .adv_w = 224, .box_w = 14, .box_h = 11, .ofs_x = 0, .ofs_y = 0},
    {.bitmap_index = 9320, .adv_w = 224, .box_w = 14, .box_h = 15, .ofs_x = 0, .ofs_y = -2},
    {.bitmap_index = 9392, .adv_w = 224, .box_w = 15, .box_h = 15, .ofs_x = -1, .ofs_y = -2},
    {.bitmap_index = 9471, .adv_w = 196, .box_w = 13, .box_h = 13, .ofs_x = 0, .ofs_y = -1},
    {.bitmap_index = 9552, .adv_w = 196, .box_w = 13, .box_h = 15, .ofs_x = 0, .ofs_y = -2},
    {.bitmap_index = 9600, .adv_w = 196, .box_w = 13, .box_h = 13, .ofs_x = 0, .ofs_y = -1},
    {.bitmap_index = 9656, .adv_w = 196, .box_w = 13, .box_h = 12, .ofs_x = 0, .ofs_y = -1},
    {.bitmap_index = 9696, .adv_w = 224, .box_w = 14, .box_h = 11, .ofs_x = 0, .ofs_y = 0},
    {.bitmap_index = 9749, .adv_w = 140, .box_w = 10, .box_h = 15, .ofs_x = -1, .ofs_y = -2},
    {.bitmap_index = 9805, .adv_w = 196, .box_w = 13, .box_h = 15, .ofs_x = 0, .ofs_y = -2},
    {.bitmap_index = 9868, .adv_w = 196, .box_w = 13, .box_h = 15, .ofs_x = 0, .ofs_y = -2},
    {.bitmap_index = 9934, .adv_w = 252, .box_w = 16, .box_h = 11, .ofs_x = 0, .ofs_y = 0},
    {.bitmap_index = 10007, .adv_w = 224, .box_w = 16, .box_h = 15, .ofs_x = -1, .ofs_y = -2},
    {.bitmap_index = 10084, .adv_w = 168, .box_w = 11, .box_h = 15, .ofs_x = 0, .ofs_y = -2},
    {.bitmap_index = 10156, .adv_w = 168, .box_w = 11, .box_h = 15, .ofs_x = 0, .ofs_y = -2},
    {.bitmap_index = 10188, .adv_w = 224, .box_w = 14, .box_h = 15, .ofs_x = 0, .ofs_y = -2},
    {.bitmap_index = 10256, .adv_w = 224, .box_w = 14, .box_h = 15, .ofs_x = 0, .ofs_y = -2},
    {.bitmap_index = 10331, .adv_w = 196, .box_w = 13, .box_h = 15, .ofs_x = 0, .ofs_y = -2},
    {.bitmap_index = 10406, .adv_w = 280, .box_w = 18, .box_h = 13, .ofs_x = 0, .ofs_y = -1},
    {.bitmap_index = 10503, .adv_w = 280, .box_w = 18, .box_h = 10, .ofs_x = 0, .ofs_y = 0},
    {.bitmap_index = 10555, .adv_w = 280, .box_w = 18, .box_h = 10, .ofs_x = 0, .ofs_y = 0},
    {.bitmap_index = 10610, .adv_w = 280, .box_w = 18, .box_h = 10, .ofs_x = 0, .ofs_y = 0},
    {.bitmap_index = 10665, .adv_w = 280, .box_w = 18, .box_h = 10, .ofs_x = 0, .ofs_y = 0},
    {.bitmap_index = 10720, .adv_w = 280, .box_w = 18, .box_h = 10, .ofs_x = 0, .ofs_y = 0},
    {.bitmap_index = 10769, .adv_w = 280, .box_w = 18, .box_h = 12, .ofs_x = 0, .ofs_y = -1},
    {.bitmap_index = 10849, .adv_w = 196, .box_w = 12, .box_h = 15, .ofs_x = 0, .ofs_y = -2},
    {.bitmap_index = 10933, .adv_w = 224, .box_w = 14, .box_h = 15, .ofs_x = 0, .ofs_y = -2},
    {.bitmap_index = 11018, .adv_w = 196, .box_w = 13, .box_h = 15, .ofs_x = 0, .ofs_y = -2},
    {.bitmap_index = 11074, .adv_w = 224, .box_w = 15, .box_h = 15, .ofs_x = -1, .ofs_y = -2},
    {.bitmap_index = 11151, .adv_w = 224, .box_w = 14, .box_h = 15, .ofs_x = 0, .ofs_y = -2},
    {.bitmap_index = 11245, .adv_w = 280, .box_w = 18, .box_h = 11, .ofs_x = 0, .ofs_y = 0},
    {.bitmap_index = 11323, .adv_w = 224, .box_w = 15, .box_h = 13, .ofs_x = 0, .ofs_y = -1},
    {.bitmap_index = 11404, .adv_w = 168, .box_w = 11, .box_h = 15, .ofs_x = 0, .ofs_y = -2},
    {.bitmap_index = 11440, .adv_w = 225, .box_w = 15, .box_h = 10, .ofs_x = 0, .ofs_y = 0}
};

/*---------------------
 *  CHARACTER MAPPING
 *--------------------*/

static const uint16_t unicode_list_3[] = {
    0x0, 0x1, 0x5, 0x6, 0x9, 0xa, 0xf, 0x13,
    0xac, 0x2e1c, 0x2e1d, 0xcfee, 0xcfef, 0xcff1, 0xcff2, 0xcff5,
    0xcff8, 0xcff9, 0xcffa, 0xcffb, 0xcffd, 0xcffe, 0xd000, 0xd002,
    0xd006, 0xd009, 0xd00e, 0xd013, 0xd014, 0xd015, 0xd016, 0xd01d,
    0xd02b, 0xd030, 0xd035, 0xd038, 0xd039, 0xd03a, 0xd03e, 0xd03f,
    0xd040, 0xd041, 0xd054, 0xd055, 0xd05b, 0xd05d, 0xd05e, 0xd061,
    0xd064, 0xd065, 0xd066, 0xd068, 0xd080, 0xd082, 0xd0b1, 0xd0b2,
    0xd0b4, 0xd0b6, 0xd0cd, 0xd0d4, 0xd0d7, 0xd0e0, 0xd109, 0xd111,
    0xd147, 0xd148, 0xd151, 0xd152, 0xd1cd, 0xd1d8, 0xd22d, 0xd22e,
    0xd22f, 0xd230, 0xd231, 0xd274, 0xd280, 0xd2d7, 0xd2da, 0xd2f1,
    0xd366, 0xd547, 0xd57c, 0xd7af, 0xd88f
};

/*Collect the unicode lists and glyph_id offsets*/
static const lv_font_fmt_txt_cmap_t cmaps[] =
{
    {
        .range_start = 32, .range_length = 95, .glyph_id_start = 1,
        .unicode_list = NULL, .glyph_id_ofs_list = NULL, .list_length = 0, .type = LV_FONT_FMT_TXT_CMAP_FORMAT0_TINY
    },
    {
        .range_start = 160, .range_length = 13, .glyph_id_start = 96,
        .unicode_list = NULL, .glyph_id_ofs_list = NULL, .list_length = 0, .type = LV_FONT_FMT_TXT_CMAP_FORMAT0_TINY
    },
    {
        .range_start = 174, .range_length = 82, .glyph_id_start = 109,
        .unicode_list = NULL, .glyph_id_ofs_list = NULL, .list_length = 0, .type = LV_FONT_FMT_TXT_CMAP_FORMAT0_TINY
    },
    {
        .range_start = 8211, .range_length = 55440, .glyph_id_start = 191,
        .unicode_list = unicode_list_3, .glyph_id_ofs_list = NULL, .list_length = 85, .type = LV_FONT_FMT_TXT_CMAP_SPARSE_TINY
    }
};

/*-----------------
 *    KERNING
 *----------------*/


/*Map glyph_ids to kern left classes*/
static const uint8_t kern_left_class_mapping[] =
{
    0, 0, 1, 2, 0, 3, 4, 5,
    2, 6, 0, 7, 8, 9, 8, 9,
    10, 11, 0, 12, 13, 14, 15, 16,
    17, 18, 11, 19, 19, 0, 0, 0,
    20, 21, 0, 0, 0, 0, 0, 0,
    0, 0, 0, 0, 0, 0, 0, 0,
    0, 0, 0, 0, 0, 0, 0, 0,
    0, 0, 0, 0, 22, 23, 0, 0,
    24, 0, 0, 0, 0, 0, 0, 0,
    0, 0, 0, 0, 0, 0, 0, 0,
    0, 0, 0, 0, 0, 0, 0, 0,
    0, 0, 0, 0, 22, 0, 0, 8,
    0, 25, 26, 27, 28, 29, 0, 30,
    0, 21, 0, 31, 0, 21, 0, 32,
    8, 0, 0, 0, 33, 0, 8, 0,
    0, 0, 8, 0, 0, 0, 34, 0,
    0, 0, 0, 0, 0, 0, 0, 0,
    0, 0, 0, 0, 0, 0, 0, 0,
    0, 0, 0, 0, 0, 0, 0, 0,
    0, 0, 0, 0, 0, 0, 0, 0,
    0, 0, 0, 0, 0, 0, 0, 0,
    0, 0, 0, 0, 0, 0, 0, 0,
    0, 0, 0, 0, 0, 0, 8, 0,
    0, 0, 0, 0, 0, 0, 0, 8,
    0, 35, 36, 35, 36, 8, 9, 37,
    0, 0, 0, 0, 0, 0, 0, 0,
    0, 0, 0, 0, 0, 0, 0, 0,
    0, 0, 0, 0, 0, 0, 0, 0,
    0, 0, 0, 0, 0, 0, 0, 0,
    0, 0, 0, 0, 0, 0, 0, 0,
    0, 0, 0, 0, 0, 0, 0, 0,
    0, 0, 0, 0, 0, 0, 0, 0,
    0, 0, 0, 0, 0, 0, 0, 0,
    0, 0, 0, 0, 0, 0, 0, 0,
    0, 0, 0, 0
};

/*Map glyph_ids to kern right classes*/
static const uint8_t kern_right_class_mapping[] =
{
    0, 0, 1, 2, 0, 3, 4, 5,
    2, 0, 6, 7, 8, 9, 8, 9,
    10, 11, 12, 13, 14, 15, 16, 11,
    17, 18, 19, 20, 20, 0, 0, 0,
    21, 22, 0, 0, 0, 0, 0, 0,
    0, 0, 0, 0, 0, 0, 0, 0,
    0, 0, 0, 0, 0, 0, 0, 0,
    0, 0, 0, 0, 23, 24, 25, 0,
    26, 0, 0, 0, 0, 0, 0, 0,
    0, 0, 0, 0, 0, 0, 0, 0,
    0, 0, 0, 0, 0, 0, 0, 0,
    0, 0, 0, 0, 0, 0, 25, 8,
    0, 27, 28, 29, 30, 31, 0, 32,
    0, 22, 0, 8, 8, 22, 0, 33,
    8, 0, 0, 0, 34, 35, 8, 0,
    0, 0, 36, 0, 0, 0, 37, 0,
    0, 0, 0, 0, 0, 0, 0, 0,
    0, 0, 0, 0, 0, 0, 0, 0,
    0, 0, 0, 0, 0, 0, 0, 0,
    0, 0, 0, 0, 0, 0, 0, 0,
    0, 0, 0, 0, 0, 0, 0, 0,
    0, 0, 0, 0, 0, 0, 0, 0,
    0, 0, 0, 0, 0, 0, 8, 0,
    0, 0, 0, 0, 0, 0, 0, 8,
    0, 38, 39, 38, 39, 8, 9, 40,
    0, 0, 0, 0, 0, 0, 0, 0,
    0, 0, 0, 0, 0, 0, 0, 0,
    0, 0, 0, 0, 0, 0, 0, 0,
    0, 0, 0, 0, 0, 0, 0, 0,
    0, 0, 0, 0, 0, 0, 0, 0,
    0, 0, 0, 0, 0, 0, 0, 0,
    0, 0, 0, 0, 0, 0, 0, 0,
    0, 0, 0, 0, 0, 0, 0, 0,
    0, 0, 0, 0, 0, 0, 0, 0,
    0, 0, 0, 0
};

/*Kern values between classes*/
static const int8_t kern_class_values[] =
{
    0, 0, 0, 0, 0, 0, 2, 0,
    0, 0, 0, 2, 0, 0, 0, 0,
    2, 0, 0, 0, 0, 0, 0, 0,
    0, 0, 0, 0, 0, 0, 2, 0,
    0, 0, 0, 0, 0, 0, 0, 0,
    0, 10, 0, 6, -5, 0, 4, 0,
    -12, -13, 2, 11, 5, 4, -9, 2,
    11, 0, 9, 2, 7, -4, 0, 13,
    2, -2, 0, -3, 0, -4, 4, 0,
    4, 0, 10, 0, -10, 0, 0, 0,
    0, -7, 0, 0, 0, 0, -4, 4,
    4, 0, 0, -2, 0, -2, 2, 0,
    -2, 0, -2, -1, -4, 0, 0, -2,
    0, -4, 0, 0, 0, 0, 0, 0,
    -3, 0, 0, 0, -2, -6, -2, 0,
    0, -6, 0, -27, 0, -4, -11, 4,
    7, 0, 0, -4, 2, 2, 7, 4,
    -4, 4, 0, 0, -13, 0, 0, -8,
    0, 0, 0, 5, 0, 0, 0, 0,
    -6, 0, 0, 0, 0, -4, -4, 0,
    -3, -11, 0, -9, -2, 0, -7, 0,
    0, 9, 0, -7, -2, 0, 0, 0,
    -4, 0, 0, -2, -17, 0, 0, -18,
    -2, 9, -2, 0, 0, 0, 0, 0,
    -9, 0, -10, 0, 0, -7, -6, 0,
    0, 0, 0, 0, 0, 0, 0, 0,
    0, 7, 0, 2, 0, 0, -4, 0,
    0, 0, 0, 0, 0, 0, 0, 9,
    2, 0, 0, 0, 0, 0, 3, 0,
    0, 0, 0, 0, 0, 0, 0, 0,
    2, 4, 2, 7, -2, 0, 4, -2,
    -7, -31, 2, 6, 4, 0, -3, 0,
    8, 0, 7, 0, 7, 0, 0, 0,
    0, -2, 0, -4, 0, 2, 0, 0,
    7, 0, 8, 3, -18, 7, 7, 0,
    0, 0, -4, -8, 0, 0, -2, 0,
    -2, 0, 2, -4, -3, -4, 2, 0,
    -2, 0, 0, 0, -9, 2, 0, -15,
    0, 0, 0, 2, 0, 2, -5, 2,
    0, 0, -19, -2, 0, 0, 0, 0,
    0, -12, 2, -14, 0, 0, -7, -2,
    0, 22, -3, -3, 2, 2, -2, 0,
    -3, 2, 0, 0, -12, -4, 0, -22,
    0, 2, 0, -3, 0, -2, -7, 0,
    -14, 0, -29, 0, 2, -4, -4, 0,
    0, 13, -4, 0, -8, 7, 0, -15,
    -22, -15, -4, 7, 0, 0, -15, 0,
    3, -5, 0, -3, 0, -4, 0, 6,
    7, -27, -15, -15, -2, 0, 9, -4,
    11, -15, 0, -11, -17, 11, 12, 0,
    0, 2, 0, 0, 0, 0, 2, 2,
    -3, -4, 0, 0, 0, -2, 0, 0,
    -2, 0, 0, 0, -4, 0, 0, -4,
    0, -4, 0, 0, 0, 0, -3, 0,
    0, 0, 0, 0, -7, 0, 0, 0,
    0, 0, 0, 2, -2, 0, 0, -2,
    2, 2, 0, 0, 0, 0, -4, 0,
    0, 0, 0, 0, 0, 0, 0, -2,
    0, 7, 0, -2, 0, 0, 0, 0,
    0, 0, 0, 0, 0, 0, 0, 0,
    0, -2, 0, -2, 0, 0, 0, 0,
    0, 0, 0, 0, -1, -1, 0, -2,
    -3, 0, 0, 0, 0, 0, 0, 0,
    0, 0, 0, 0, 0, 0, 0, 0,
    -3, 0, 0, 0, 0, 0, 0, 0,
    0, -7, -2, -7, 4, 0, -4, 2,
    4, 6, 0, -6, 0, -3, 0, 0,
    -11, 2, -2, 2, -12, 2, 0, -11,
    0, 4, 0, 3, 2, 2, -2, 5,
    -7, 0, -4, 0, 2, -5, -2, 0,
    0, 0, 0, -2, 0, 0, -2, 0,
    0, 0, 0, 0, -1, -1, 0, -1,
    -3, 0, 0, 0, 0, 0, 0, -2,
    0, 0, 0, 0, 0, 0, 0, 0,
    -3, 0, 0, 0, 0, 0, 0, 0,
    0, -2, 0, -4, 2, 0, -3, 1,
    2, 2, 0, 0, 0, 0, 0, 0,
    -2, 0, 0, 0, 0, 0, 0, 0,
    0, 0, 0, 2, 0, 2, 0, 4,
    -4, 0, 0, 0, 0, -2, 0, 0,
    0, 7, -2, 0, -7, 0, 6, -11,
    -12, -9, -4, 2, 0, -2, -15, -4,
    0, -4, 0, -4, 3, -4, 0, 2,
    0, -7, -6, -11, -3, -4, 3, -2,
    1, -5, 6, -4, -14, 2, 4, 0,
    0, 0, 0, -2, 0, 0, 2, 0,
    2, 0, 0, 0, 0, 0, 0, 0,
    0, 0, 0, 0, -2, 0, 0, -7,
    0, 0, 0, 0, 0, 0, -2, 2,
    0, 0, 0, 0, -4, -1, 0, 0,
    0, 2, 0, 0, 0, 0, 0, 0,
    0, 11, 0, 0, 0, 0, 0, 0,
    2, 0, 0, 0, -2, 0, 0, -4,
    0, 2, 0, 0, 0, 0, -9, 0,
    0, 0, 0, 0, 0, 0, 0, 0,
    -2, 0, 0, 0, -4, 0, 3, 0,
    -11, -7, 0, 0, 0, -3, -11, 0,
    0, -2, 2, 0, -10, 0, -4, 0,
    0, -4, -2, -2, 0, 0, -3, 0,
    2, 0, 0, 2, -24, 5, 5, 0,
    0, -4, 0, 0, 0, 3, 0, 2,
    -4, -4, 0, -2, -2, -3, 0, 0,
    0, 0, 0, 0, -7, 0, 0, -4,
    2, -7, 0, 0, 0, 0, 0, 0,
    2, 0, 0, 0, -4, -3, -3, 0,
    0, 2, 0, 0, 0, 2, 0, -2,
    0, 9, 0, 4, 0, 0, -3, 0,
    4, 0, 0, 0, 2, 0, 0, 7,
    0, 6, 0, 0, 0, 0, 3, 0,
    0, 0, 0, 0, 0, 0, 0, 0,
    0, -13, 0, -2, 4, 7, -31, 0,
    22, 3, -4, -4, 2, 2, -2, 0,
    -11, 0, 0, 11, -13, -4, 0, -15,
    9, 31, 9, 0, 0, 0, 0, 7,
    -13, 0, -7, 2, 7, -12, -12, 0,
    0, -2, 4, -6, 0, 0, -2, 0,
    2, 29, -4, -2, 7, 6, -6, 2,
    0, 0, 2, 2, -3, -7, 0, -29,
    6, 0, 2, -6, 4, -2, -2, 6,
    0, 0, -16, 2, 0, 0, 0, 7,
    0, 0, 0, 0, 0, 0, 0, 0,
    0, 9, 0, -4, 0, 0, 0, 0,
    0, 0, 0, 0, 0, 0, 0, -12,
    0, 2, 0, 0, 0, 0, -4, 0,
    0, 0, 0, 0, 0, 0, 0, 0,
    0, 0, 0, 0, -5, -5, 3, -2,
    4, 0, -2, -5, -2, -4, -4, 0,
    -3, -1, -2, 2, -4, 0, -2, -11,
    -2, 0, 0, -2, 0, 0, 0, -2,
    4, 0, 0, 0, -2, 4, 5, 0,
    0, 0, -2, 0, -8, 0, 6, -7,
    0, 3, -8, 4, -2, -2, -8, -3,
    2, -7, -4, -7, 0, -3, 0, 4,
    0, 4, -6, -7, 0, 0, 0, -2,
    0, -4, 3, -3, -5, 0, 0, 0,
    0, 0, 0, 0, 0, 0, 2, 2,
    -2, 0, 0, 0, -2, 0, 0, 0,
    -3, 0, 0, 0, 0, 0, 0, 0,
    0, -2, 0, 0, 0, 0, 0, 0,
    0, 0, 0, 0, -2, 0, 0, 0,
    2, 4, 0, 0, 0, 3, 0, -5,
    -7, -7, -3, 7, 0, 2, -2, 0,
    6, -2, 0, -9, 0, 0, 0, 11,
    3, -2, -4, 0, 0, 0, 0, 0,
    0, 0, 0, 0, -9, 0, 2, 0,
    0, 0, 0, 0, 0, 0, 0, 4,
    0, 5, 0, 0, 0, 0, 4, 0,
    2, 2, 0, 0, 0, 0, 0, 0,
    0, 2, 0, 2, 0, 0, 0, 0,
    0, 2, 0, 0, 0, 2, 2, 0,
    0, 0, 0, 0, 0, 0, 3, -2,
    0, 2, 0, 0, 0, 0, 2, 2,
    0, 0, 0, 0, -2, 0, 0, -13,
    0, 2, 0, 0, 0, 0, 0, 0,
    0, 0, 0, 0, 2, 0, 0, 0,
    0, 4, 4, 5, 0, 0, 7, 0,
    -14, -13, 0, 10, 7, 4, -9, 2,
    9, 0, 8, 0, 4, 2, 0, 12,
    0, 0, 0, -4, 0, 0, 0, 0,
    0, 0, 0, 0, -14, 0, 0, 0,
    0, 0, -4, 0, 0, 0, 0, 0,
    0, 0, 0, -2, 0, 0, 0, 0,
    0, 0, 0, 0, 5, 0, 0, -15,
    0, 0, 0, 0, 0, 0, 0, 0,
    0, 0, 0, 0, 0, 0, 0, 0,
    0, -8, 0, -13, -4, 0, -19, -9,
    0, 9, -11, -10, 0, 0, -10, 0,
    -10, -10, 0, 0, -30, -12, 0, -21,
    2, 11, 0, -8, 2, -4, -11, 0,
    -13, -3, -20, -2, -6, -5, -4, 0,
    0, 0, 2, 9, -3, 0, 7, 0,
    -4, -12, 0, 8, 3, 4, -8, 0,
    9, -1, 7, 0, 8, 0, 0, 12,
    0, 0, 0, -3, 0, 0, 0, 2,
    0, 7, 8, 0, -7, 6, 6, 0,
    0, 0, 2, 9, -3, 0, 7, 0,
    -4, -12, 0, 11, 4, 4, -13, 0,
    6, 0, 2, 0, 8, 0, 0, 12,
    0, 0, 0, -6, 0, 0, 2, 2,
    0, 0, 8, 0, -7, 6, 6, 0,
    0, 0, 0, 0, 0, 0, 0, 0,
    0, 0, 0, 0, 0, 0, 0, 0,
    0, 0, 0, 0, -5, 0, 0, -4,
    0, -2, 0, 0, 0, 0, 0, 0,
    0, 0, 0, 0, 0, -2, 0, 0
};


/*Collect the kern class' data in one place*/
static const lv_font_fmt_txt_kern_classes_t kern_classes =
{
    .class_pair_values   = kern_class_values,
    .left_class_mapping  = kern_left_class_mapping,
    .right_class_mapping = kern_right_class_mapping,
    .left_class_cnt      = 37,
    .right_class_cnt     = 40,
};

/*--------------------
 *  ALL CUSTOM DATA
 *--------------------*/

#if LVGL_VERSION_MAJOR == 8
/*Store all the custom data of the font*/
static  lv_font_fmt_txt_glyph_cache_t cache;
#endif

#if LVGL_VERSION_MAJOR >= 8
static const lv_font_fmt_txt_dsc_t font_dsc = {
#else
static lv_font_fmt_txt_dsc_t font_dsc = {
#endif
    .glyph_bitmap = glyph_bitmap,
    .glyph_dsc = glyph_dsc,
    .cmaps = cmaps,
    .kern_dsc = &kern_classes,
    .kern_scale = 16,
    .cmap_num = 4,
    .bpp = 4,
    .kern_classes = 1,
    .bitmap_format = 1,
#if LVGL_VERSION_MAJOR == 8
    .cache = &cache
#endif
};



/*-----------------
 *  PUBLIC FONT
 *----------------*/

/*Initialize a public general font descriptor*/
#if LVGL_VERSION_MAJOR >= 8
const lv_font_t lv_font_montserrat_14 = {
#else
lv_font_t lv_font_montserrat_14 = {
#endif
    .get_glyph_dsc = lv_font_get_glyph_dsc_fmt_txt,    /*Function pointer to get glyph's data*/
    .get_glyph_bitmap = lv_font_get_bitmap_fmt_txt,    /*Function pointer to get glyph's bitmap*/
    .line_height = 18,          /*The maximum line height required by the font*/
    .base_line = 3,             /*Baseline measured from the bottom of the line*/
#if !(LVGL_VERSION_MAJOR == 6 && LVGL_VERSION_MINOR == 0)
    .subpx = LV_FONT_SUBPX_NONE,
#endif
#if LV_VERSION_CHECK(7, 4, 0) || LVGL_VERSION_MAJOR >= 8
    .underline_position = -1,
    .underline_thickness = 1,
#endif
    .dsc = &font_dsc,          /*The custom font data. Will be accessed by `get_glyph_bitmap/dsc` */
#if LV_VERSION_CHECK(8, 2, 0) || LVGL_VERSION_MAJOR >= 9
    .fallback = NULL,
#endif
    .user_data = NULL,
};



#endif /*#if LV_FONT_MONTSERRAT_14*/

