/*******************************************************************************
 * Size: 18 px
 * Bpp: 4
 * Opts: --bpp 4 --size 18 --font Montserrat-Medium-v9.ttf -r 0x20-0xFF,0xB0,0x2013-0x2014,0x2018-0x2019,0x201C-0x201D,0x2022,0x2026,0x20BF --font SatoshiSymbol.ttf -r 0x4E2F,0x4E30 --font FontAwesome5-Solid+Brands+Regular.woff -r 61441,61448,61451,61452,61452,61453,61457,61459,61461,61465,61468,61473,61478,61479,61480,61502,61507,61512,61515,61516,61517,61521,61522,61523,61524,61543,61544,61550,61552,61553,61556,61559,61560,61561,61563,61587,61589,61636,61637,61639,61641,61664,61671,61674,61683,61724,61732,61787,61931,62016,62017,62018,62019,62020,62087,62099,62212,62189,62810,63426,63650,0xf002,0xf004,0xf005,0xf00e,0xf010,0xf029,0xf030,0xf15a,0xf164,0xf165,0xf1e0,0xf2ea,0xf379,0xf58f --format lvgl -o /Users/RT/Developer/dev-mpos/lvgl-fonts/lib_lvgl_src_font/lv_font_montserrat_18.c --force-fast-kern-format
 ******************************************************************************/

#ifdef LV_LVGL_H_INCLUDE_SIMPLE
#include "lvgl.h"
#else
#include "lvgl/lvgl.h"
#endif

#ifndef LV_FONT_MONTSERRAT_18
#define LV_FONT_MONTSERRAT_18 1
#endif

#if LV_FONT_MONTSERRAT_18

/*-----------------
 *    BITMAPS
 *----------------*/

/*Store the image of the glyphs*/
static LV_ATTRIBUTE_LARGE_CONST const uint8_t glyph_bitmap[] = {
    /* U+0020 " " */

    /* U+0021 "!" */
    0x9f, 0x61, 0x0, 0xc7, 0xe0, 0x22, 0x0, 0xce,
    0x60, 0x18, 0x44, 0x6, 0x9e, 0x22, 0x50, 0xba,
    0x7d, 0x3,

    /* U+0022 "\"" */
    0xda, 0x9, 0xe0, 0x30, 0x1, 0x80, 0x42, 0x2,
    0x20, 0xf, 0x87, 0x20, 0x23, 0x0,

    /* U+0023 "#" */
    0x0, 0xdc, 0xa0, 0x4, 0xf0, 0xf, 0x8, 0x98,
    0x0, 0x42, 0x1, 0xe2, 0x2, 0x0, 0x71, 0x0,
    0x6f, 0xf6, 0x7, 0x7f, 0x9c, 0xff, 0xc4, 0x15,
    0x45, 0x1a, 0xa8, 0x96, 0xa8, 0x40, 0xaa, 0x35,
    0x5c, 0x78, 0xaa, 0x0, 0xc4, 0x40, 0x8, 0x48,
    0x3, 0x8, 0x98, 0x46, 0x30, 0x71, 0x0, 0x47,
    0x70, 0x9f, 0xb9, 0x81, 0x9d, 0x21, 0x57, 0x41,
    0x17, 0x67, 0x1b, 0xb8, 0x9, 0x1c, 0x15, 0x11,
    0xe4, 0x88, 0x20, 0x9, 0x80, 0x80, 0x1c, 0xc0,
    0x1e, 0x11, 0x0, 0x44, 0x60, 0x18,

    /* U+0024 "$" */
    0x0, 0xe7, 0x20, 0xf, 0xe9, 0x60, 0xf, 0xfe,
    0x29, 0x57, 0xd, 0xec, 0x8, 0x0, 0xf5, 0x54,
    0x8, 0x2f, 0xa0, 0x8, 0xb, 0xb0, 0xfe, 0x63,
    0xc0, 0xa, 0x48, 0x1, 0x8c, 0xc0, 0x3, 0x23,
    0x0, 0xfd, 0x21, 0x96, 0x22, 0x0, 0xe4, 0xc4,
    0x40, 0x56, 0xb0, 0x6, 0x3b, 0xf1, 0x43, 0x9b,
    0x0, 0xfb, 0xfc, 0x89, 0x0, 0x7c, 0x3a, 0x4,
    0x16, 0x80, 0x1d, 0xa0, 0xa2, 0xb7, 0xb4, 0x31,
    0xc8, 0xa6, 0x3f, 0x2, 0xa0, 0x65, 0x34, 0x0,
    0x17, 0xcf, 0x1b, 0xc6, 0x0, 0xff, 0xe0, 0x80,

    /* U+0025 "%" */
    0x2, 0xbf, 0xc3, 0x0, 0xc5, 0xe8, 0x1, 0x71,
    0x75, 0x68, 0x80, 0x5c, 0xc8, 0x0, 0x33, 0x48,
    0xb1, 0x20, 0x1, 0xca, 0x40, 0x27, 0x20, 0x9,
    0x88, 0xa, 0x28, 0x3, 0x31, 0x0, 0x4c, 0x41,
    0xcc, 0x80, 0x18, 0x8e, 0x1, 0x49, 0x1c, 0xa4,
    0x3, 0xda, 0x7d, 0x3a, 0x71, 0x43, 0x7d, 0x86,
    0x0, 0x1b, 0xec, 0x3e, 0x64, 0xcc, 0x74, 0xe8,
    0x7, 0x98, 0xa0, 0xcc, 0xe0, 0xa4, 0xa0, 0x18,
    0xa6, 0x85, 0xcc, 0x2, 0x72, 0x0, 0xd2, 0xa8,
    0xe, 0x40, 0x13, 0x10, 0x4, 0xcb, 0x60, 0x3,
    0x29, 0x17, 0x34, 0x0, 0xc, 0xd8, 0x80, 0x5e,
    0x5d, 0x7a, 0x20,

    /* U+0026 "&" */
    0x0, 0x93, 0x3f, 0xa4, 0x3, 0xe3, 0xb7, 0xa9,
    0x69, 0x0, 0xf5, 0x5, 0xab, 0xaa, 0x0, 0x78,
    0x40, 0x40, 0xc, 0xc0, 0xf, 0x50, 0x58, 0xd9,
    0xc0, 0x7, 0x8a, 0x57, 0x9f, 0x4c, 0x3, 0xc9,
    0x2, 0xe, 0x40, 0x1, 0x0, 0x96, 0xd3, 0xa5,
    0x2c, 0x7, 0x94, 0x1, 0x67, 0x40, 0xd2, 0x96,
    0xc0, 0xe0, 0x42, 0x80, 0x13, 0x4a, 0x42, 0x10,
    0x10, 0x28, 0x6, 0x72, 0x0, 0xe7, 0x2e, 0x98,
    0xae, 0x37, 0x4b, 0x0, 0x45, 0x13, 0x3b, 0x9b,
    0xe2, 0x4c, 0x2, 0x5c, 0xff, 0x6c, 0x88, 0x34,
    0x0,

    /* U+0027 "'" */
    0xda, 0x3, 0x0, 0x8, 0x80, 0x19, 0x0,

    /* U+0028 "(" */
    0x0, 0x37, 0xa0, 0x2, 0xc9, 0x1, 0xa, 0xc0,
    0x1a, 0x8, 0x0, 0x42, 0x20, 0x0, 0x98, 0x0,
    0x40, 0x60, 0x1, 0xf, 0x0, 0x38, 0x8, 0x7,
    0xce, 0x2, 0x0, 0x10, 0xf0, 0x1, 0x1, 0x80,
    0x44, 0xc0, 0x12, 0x11, 0x0, 0x1a, 0x8, 0x0,
    0x42, 0xa0, 0xa, 0xcd, 0x0,

    /* U+0029 ")" */
    0x3f, 0x70, 0x1, 0xa4, 0x80, 0x5c, 0x2a, 0x0,
    0x40, 0xf0, 0x0, 0x9a, 0x0, 0x4a, 0x22, 0x0,
    0x70, 0x10, 0x0, 0x41, 0xc0, 0x6, 0x2, 0x1,
    0xf1, 0x80, 0x80, 0x4, 0x1c, 0x1, 0xc0, 0x40,
    0x5, 0x11, 0x0, 0x9a, 0x0, 0x10, 0x3c, 0x1,
    0xc2, 0xa0, 0x69, 0x20, 0x0,

    /* U+002A "*" */
    0x0, 0xbc, 0x80, 0x6, 0xc0, 0x20, 0xac, 0xf7,
    0xa3, 0xd6, 0x9, 0x80, 0x3, 0xd6, 0x4f, 0x10,
    0x3c, 0x67, 0x8c, 0x1e, 0xb3, 0x33, 0x0, 0x48,
    0xa0,

    /* U+002B "+" */
    0x0, 0x84, 0xc0, 0x3e, 0x9c, 0x0, 0xff, 0xe0,
    0x89, 0x10, 0x40, 0x8a, 0xd, 0xd9, 0x83, 0x76,
    0x48, 0xaa, 0x28, 0x55, 0x4a, 0x8a, 0xa2, 0x5,
    0x58, 0x40, 0x3f, 0xf8, 0xc0,

    /* U+002C "," */
    0x1, 0x10, 0x3, 0xf8, 0x40, 0x40, 0xc2, 0x4,
    0x83, 0x1c, 0x0, 0xba, 0x0,

    /* U+002D "-" */
    0x88, 0xce, 0xfd, 0x20,

    /* U+002E "." */
    0x5, 0x60, 0x1a, 0x92, 0x13, 0x22, 0x0,

    /* U+002F "/" */
    0x0, 0xf2, 0xb8, 0x7, 0xaf, 0x40, 0x38, 0xc7,
    0xc0, 0x3a, 0x81, 0x40, 0x39, 0xd4, 0x3, 0x90,
    0x78, 0x3, 0xb4, 0x10, 0x3, 0x9d, 0x80, 0x39,
    0x7, 0x40, 0x3b, 0x45, 0x0, 0x39, 0xdc, 0x1,
    0xc8, 0x3a, 0x1, 0xdc, 0x28, 0x1, 0xca, 0xe0,
    0x1c, 0xa1, 0x40, 0x1d, 0xe2, 0x60, 0x1c, 0xae,
    0x1, 0xca, 0x14, 0x1, 0xc0,

    /* U+0030 "0" */
    0x0, 0x92, 0xfb, 0x96, 0x80, 0x1c, 0xd6, 0x8a,
    0xa4, 0xb6, 0x0, 0x8e, 0x4b, 0xae, 0xdc, 0x52,
    0x60, 0x9, 0xe, 0x10, 0x0, 0xf0, 0x48, 0x1,
    0x4, 0xc0, 0x31, 0x8a, 0x0, 0x5, 0x40, 0x3c,
    0xa2, 0x2, 0x2, 0x1, 0xe1, 0x1, 0x10, 0x8,
    0x7, 0x84, 0x4, 0x5, 0x40, 0x3c, 0xa2, 0x0,
    0x41, 0x30, 0xc, 0x82, 0x80, 0x9, 0xe, 0x20,
    0x1, 0x48, 0x48, 0x0, 0xe4, 0xb6, 0xed, 0xa5,
    0x26, 0x1, 0x35, 0xa2, 0xa9, 0x2d, 0x80, 0x0,

    /* U+0031 "1" */
    0xdf, 0xfb, 0x15, 0x60, 0x4, 0x55, 0x0, 0x3f,
    0xfd, 0x0,

    /* U+0032 "2" */
    0x1, 0x8d, 0xfe, 0xc5, 0x0, 0x27, 0x38, 0x29,
    0x1d, 0x38, 0x39, 0xe6, 0xd6, 0x68, 0x40, 0x1e,
    0x18, 0x4, 0x48, 0x4, 0x1, 0xf3, 0x81, 0x0,
    0x78, 0xcc, 0x80, 0x1e, 0x2d, 0x19, 0x0, 0xe2,
    0xc1, 0xd2, 0x0, 0xc5, 0x83, 0x86, 0x1, 0x8b,
    0x7, 0xc, 0x3, 0x16, 0xe, 0x18, 0x6, 0x2c,
    0x13, 0x9a, 0xac, 0xee, 0x10, 0x35, 0x5e, 0xc0,

    /* U+0033 "3" */
    0x5f, 0xff, 0xc0, 0xca, 0xbc, 0x60, 0x60, 0x75,
    0x5a, 0xc8, 0x74, 0x3, 0xda, 0x3a, 0x20, 0x1d,
    0x27, 0x26, 0x1, 0xc8, 0xc2, 0x2, 0x1, 0xc2,
    0x43, 0x3c, 0xa0, 0x19, 0x77, 0xf0, 0x68, 0x80,
    0x3c, 0x72, 0x8, 0x1, 0xf0, 0x80, 0x1a, 0x44,
    0x2, 0x1b, 0x4, 0xf6, 0xec, 0xbc, 0xe2, 0x62,
    0x9b, 0x52, 0x42, 0x3a, 0x90,

    /* U+0034 "4" */
    0x0, 0xf2, 0x7d, 0x80, 0x7e, 0x1a, 0x2b, 0x0,
    0xfd, 0xa3, 0xc0, 0x1f, 0xa4, 0xe4, 0xc0, 0x3e,
    0x56, 0x68, 0x3, 0xe2, 0xa3, 0x90, 0x3c, 0x50,
    0xd, 0xe1, 0xc0, 0x7, 0x32, 0x0, 0xac, 0xac,
    0x80, 0x3e, 0x44, 0x5, 0xff, 0xd6, 0x11, 0xfa,
    0xec, 0xde, 0x40, 0x36, 0x53, 0x99, 0xf7, 0x5,
    0xcc, 0x0, 0x7f, 0xf3, 0x0,

    /* U+0035 "5" */
    0x2, 0xff, 0xf8, 0x0, 0xc0, 0x6a, 0xbc, 0x0,
    0x10, 0x9a, 0xae, 0x0, 0x10, 0x30, 0x7, 0xdc,
    0x4, 0x1, 0xf1, 0x87, 0x7f, 0x63, 0x80, 0x5a,
    0xab, 0x8e, 0x30, 0x0, 0xf5, 0x55, 0xfa, 0x9b,
    0x0, 0x7d, 0x1, 0x80, 0x1f, 0x8, 0x0, 0xb0,
    0x80, 0x34, 0x7, 0xa1, 0xee, 0xae, 0xdc, 0x88,
    0x56, 0xc6, 0x4, 0x41, 0x45, 0x80,

    /* U+0036 "6" */
    0x0, 0x86, 0x37, 0xfb, 0x18, 0x2, 0x4f, 0x71,
    0x54, 0x2f, 0x0, 0xd, 0x6, 0x62, 0xa9, 0xd2,
    0x0, 0x81, 0xa3, 0x0, 0xf9, 0xc5, 0x0, 0x3f,
    0xa, 0x95, 0x77, 0xeb, 0x80, 0x4, 0x1b, 0x5d,
    0xcc, 0x11, 0x60, 0x11, 0x26, 0xcc, 0xb5, 0x51,
    0x44, 0x1, 0x0, 0x1a, 0x43, 0x1, 0x0, 0x3f,
    0x8, 0x78, 0x40, 0x6, 0x90, 0xc0, 0x46, 0x4d,
    0x99, 0x6a, 0xa9, 0x0, 0x13, 0x42, 0xcc, 0x19,
    0xa0,

    /* U+0037 "7" */
    0x7f, 0xff, 0xe0, 0x9, 0x15, 0x78, 0x4, 0x2,
    0xfa, 0xad, 0xe0, 0xc0, 0x20, 0x1e, 0x90, 0x90,
    0x6f, 0x40, 0x8, 0xcc, 0xa2, 0x1, 0xf4, 0x84,
    0x80, 0x7c, 0x4a, 0x66, 0x0, 0xfa, 0x82, 0x40,
    0x3f, 0x38, 0xa8, 0x7, 0xcc, 0x12, 0x1, 0xfa,
    0xc1, 0x80, 0x3e, 0x42, 0x61, 0x0, 0xfb, 0xc2,
    0xc0, 0x38,

    /* U+0038 "8" */
    0x0, 0x15, 0x77, 0xfb, 0x1c, 0x2, 0x3d, 0x55,
    0x3b, 0xc, 0x60, 0x2, 0x42, 0xed, 0x13, 0xa8,
    0x66, 0x1, 0x5, 0x0, 0xc6, 0xe, 0x1e, 0x1a,
    0x84, 0x46, 0x72, 0x40, 0x48, 0x3b, 0xdd, 0x48,
    0xe0, 0x1, 0x60, 0x5e, 0xa5, 0x47, 0x4, 0x2c,
    0x7e, 0x15, 0xaa, 0xa, 0x48, 0x50, 0x40, 0x33,
    0x1, 0x80, 0x4, 0x3, 0x8c, 0x0, 0x44, 0x44,
    0x0, 0x68, 0xc, 0x9, 0xb, 0xb4, 0x4e, 0xa9,
    0xb8, 0x26, 0xaa, 0x9d, 0x86, 0x70, 0x0,

    /* U+0039 "9" */
    0x0, 0x36, 0x7f, 0xb1, 0x80, 0x35, 0x48, 0xb3,
    0x2, 0x68, 0x0, 0x6a, 0x9b, 0x32, 0xc7, 0x56,
    0x4, 0xe, 0x0, 0xd0, 0x16, 0x2, 0x6, 0x1,
    0x88, 0x8, 0x5c, 0x25, 0x44, 0x13, 0xc0, 0x6,
    0x36, 0x35, 0xdf, 0x6c, 0xc0, 0x10, 0x4e, 0xa8,
    0x86, 0x59, 0x81, 0x0, 0x4a, 0xee, 0x30, 0x40,
    0x10, 0xf, 0x94, 0x54, 0x3, 0xe4, 0xb0, 0x80,
    0x4, 0x75, 0xd6, 0x58, 0xd1, 0x0, 0x34, 0x95,
    0x42, 0xda, 0xa0, 0x0,

    /* U+003A ":" */
    0xc, 0xd0, 0x13, 0x22, 0xd, 0x49, 0x2, 0xb0,
    0x7, 0xff, 0x9, 0x58, 0x6, 0xa4, 0x84, 0xc8,
    0x80,

    /* U+003B ";" */
    0xc, 0xd0, 0x13, 0x22, 0xd, 0x49, 0x2, 0xb0,
    0x7, 0xff, 0x8, 0x44, 0x0, 0xfe, 0x10, 0x10,
    0x30, 0x81, 0x20, 0xc7, 0x0, 0x2e, 0x80,

    /* U+003C "<" */
    0x0, 0xf9, 0x48, 0x3, 0xc, 0x75, 0x30, 0x1,
    0x2f, 0x9d, 0xd8, 0x8d, 0xb6, 0xf3, 0xf2, 0x61,
    0x45, 0x18, 0xc0, 0x1a, 0x4e, 0x39, 0xc4, 0x2,
    0x5c, 0xc3, 0xc7, 0x5a, 0x0, 0x47, 0x3d, 0x2d,
    0x68, 0x1, 0x85, 0xb6, 0xd8,

    /* U+003D "=" */
    0xcf, 0xff, 0x92, 0xa2, 0x3e, 0x66, 0x3b, 0xfc,
    0x40, 0x1f, 0xc2, 0x45, 0xf0, 0x6e, 0xfe, 0x48,
    0xaa, 0xf9, 0x40,

    /* U+003E ">" */
    0x62, 0x0, 0xfa, 0xb6, 0xd0, 0x3, 0xb2, 0x5e,
    0xf9, 0xc4, 0x2, 0x6c, 0xc3, 0xc7, 0x50, 0x80,
    0x47, 0x3a, 0x4a, 0xa0, 0x9, 0x2f, 0x49, 0x94,
    0x63, 0xad, 0xe7, 0xe4, 0x75, 0xd3, 0x30, 0xc0,
    0x14, 0xf5, 0x18, 0x7, 0x0,

    /* U+003F "?" */
    0x2, 0x9d, 0xfe, 0xc5, 0x0, 0x26, 0xb3, 0x4a,
    0x75, 0x0, 0x3, 0xdb, 0x9b, 0xd0, 0x70, 0x4c,
    0x20, 0x8, 0x8c, 0x3, 0xf0, 0x99, 0x0, 0x78,
    0x74, 0x38, 0x3, 0xd8, 0x76, 0x60, 0x1d, 0x25,
    0x48, 0x1, 0xe2, 0x35, 0x0, 0xfa, 0xf0, 0x3,
    0xf1, 0x98, 0x3, 0xe1, 0xcc, 0x8, 0x7, 0x84,
    0x88, 0x20, 0x10,

    /* U+0040 "@" */
    0x0, 0xe2, 0x8c, 0xef, 0xec, 0x71, 0x0, 0xfd,
    0x3a, 0x97, 0x79, 0x2b, 0x9c, 0x3, 0xd8, 0xf7,
    0x8e, 0xa8, 0xb1, 0xb3, 0x12, 0x1, 0xa8, 0xbd,
    0xe, 0xff, 0xd6, 0x57, 0x6c, 0x66, 0x0, 0xd,
    0x68, 0x53, 0x15, 0xa1, 0xf5, 0x40, 0xe6, 0x0,
    0x12, 0x68, 0x12, 0x3f, 0x2f, 0x8e, 0x20, 0x6,
    0x5, 0x4, 0xa0, 0x32, 0x81, 0x0, 0xa0, 0x3,
    0x26, 0x0, 0x90, 0x28, 0x28, 0x7, 0x18, 0x4,
    0x44, 0x10, 0x70, 0xf, 0xfe, 0x18, 0x83, 0x82,
    0x82, 0x80, 0x71, 0x80, 0x42, 0x40, 0x24, 0x6,
    0x50, 0x20, 0x14, 0x0, 0x67, 0xc0, 0x4a, 0x0,
    0x70, 0xfc, 0x3d, 0xba, 0x94, 0x58, 0x28, 0x49,
    0xa0, 0x1e, 0x2b, 0xc0, 0x65, 0xa3, 0xb6, 0x80,
    0xd, 0x68, 0x40, 0xef, 0xfd, 0x66, 0x37, 0xfa,
    0x60, 0x15, 0x17, 0x98, 0x7, 0xff, 0xf, 0x13,
    0x30, 0xea, 0x8d, 0x5c, 0x1, 0xfd, 0x58, 0x95,
    0x77, 0xd, 0x80, 0x70,

    /* U+0041 "A" */
    0x0, 0xf4, 0x7d, 0x0, 0x7f, 0xf0, 0x18, 0x14,
    0x80, 0x3f, 0xcc, 0x32, 0x16, 0x1, 0xfe, 0xb2,
    0x64, 0x60, 0xf, 0xe4, 0x2b, 0xf, 0x7, 0x0,
    0xfd, 0xe2, 0xc0, 0x85, 0x40, 0x1f, 0x12, 0x30,
    0x5, 0x64, 0xa0, 0x1e, 0xb0, 0x90, 0x9, 0x86,
    0x40, 0x38, 0x58, 0x3b, 0xff, 0x9, 0x98, 0x3,
    0x30, 0x3b, 0xfc, 0x12, 0x1, 0xa4, 0xa2, 0x3e,
    0x45, 0x10, 0x2, 0x8d, 0x80, 0x7d, 0xe1, 0x20,
    0x9, 0x7, 0x0, 0xf9, 0x5, 0x80,

    /* U+0042 "B" */
    0x1f, 0xff, 0x75, 0xa0, 0x6, 0x27, 0x7c, 0x88,
    0xb7, 0x0, 0x9a, 0x23, 0x56, 0x84, 0x0, 0x7f,
    0x11, 0x80, 0x7f, 0x88, 0xcc, 0x1, 0x34, 0x46,
    0xad, 0x1f, 0x0, 0x89, 0xdf, 0x28, 0x1b, 0x80,
    0x49, 0xff, 0xba, 0xc2, 0xcc, 0x3, 0xe1, 0x49,
    0xa, 0x0, 0xfe, 0x60, 0x20, 0xf, 0xea, 0x3,
    0x0, 0x34, 0x46, 0x9c, 0x71, 0x90, 0x1, 0x3b,
    0xe6, 0x16, 0xf1,

    /* U+0043 "C" */
    0x0, 0xcb, 0x7d, 0xfd, 0x6a, 0x1, 0x86, 0xe9,
    0x9, 0x49, 0x2a, 0xc0, 0x2d, 0x44, 0x6e, 0x56,
    0x73, 0x38, 0x1, 0x8d, 0x2c, 0x80, 0x21, 0x9c,
    0x0, 0x58, 0x50, 0x7, 0xf8, 0x8c, 0x40, 0x3f,
    0x84, 0x18, 0x3, 0xfc, 0x20, 0xc0, 0x1f, 0xf1,
    0x18, 0x80, 0x7f, 0xac, 0x28, 0x3, 0xfc, 0xc6,
    0x96, 0x40, 0x10, 0xd6, 0x8, 0x3, 0x51, 0x1b,
    0x97, 0x9c, 0xae, 0x20, 0x1, 0xba, 0x42, 0x42,
    0x4a, 0xb0,

    /* U+0044 "D" */
    0x1f, 0xff, 0x6d, 0x20, 0x7, 0xa, 0xae, 0x15,
    0xba, 0x0, 0xcb, 0x55, 0xb3, 0x51, 0x68, 0x3,
    0xf8, 0xac, 0xd5, 0x0, 0x3f, 0xde, 0x1e, 0x1,
    0xfe, 0x31, 0x50, 0xf, 0xf8, 0xc4, 0x3, 0xfe,
    0x31, 0x0, 0xff, 0x18, 0xa8, 0x7, 0xfb, 0xc3,
    0xc0, 0x3f, 0x15, 0x9a, 0xa0, 0x1, 0x6a, 0xb6,
    0x6a, 0x2d, 0x0, 0x42, 0xab, 0x85, 0x6e, 0x80,
    0x0,

    /* U+0045 "E" */
    0x1f, 0xff, 0xd8, 0x1, 0xa, 0xaf, 0xac, 0x2,
    0x5a, 0xaf, 0x38, 0x7, 0xff, 0x35, 0xa6, 0x7c,
    0x1, 0x89, 0x9b, 0xc0, 0x19, 0x3f, 0xfc, 0x1,
    0xff, 0xd9, 0x5a, 0xaf, 0x80, 0x21, 0x55, 0xf8,
    0x0,

    /* U+0046 "F" */
    0x1f, 0xff, 0xd8, 0x0, 0x15, 0x5f, 0x58, 0x1,
    0x6a, 0xbc, 0xe0, 0x1f, 0xfd, 0x44, 0xff, 0xf0,
    0x4, 0x2c, 0xde, 0x0, 0x96, 0x67, 0xc0, 0x1f,
    0xfd, 0xd0,

    /* U+0047 "G" */
    0x0, 0xc9, 0x5d, 0xfd, 0x6c, 0x1, 0x86, 0xec,
    0xa4, 0x8a, 0x93, 0x82, 0x0, 0xd4, 0x46, 0xe5,
    0xdb, 0xe0, 0x40, 0xc, 0x69, 0x64, 0x1, 0x9f,
    0x44, 0x2c, 0x28, 0x3, 0xfc, 0x46, 0x20, 0x1f,
    0xc2, 0xc, 0x1, 0xf1, 0xc9, 0x88, 0x30, 0x7,
    0xca, 0xcc, 0x2, 0x31, 0x0, 0xff, 0x58, 0x50,
    0x7, 0xf9, 0x8d, 0x2c, 0x80, 0x37, 0x80, 0x6d,
    0x44, 0x6e, 0xaf, 0x3d, 0x89, 0xc0, 0x3, 0x74,
    0x86, 0x84, 0x93, 0xa4,

    /* U+0048 "H" */
    0x1f, 0xb0, 0xf, 0xf, 0xd8, 0x7, 0xff, 0x99,
    0x6a, 0xbd, 0x60, 0x18, 0x55, 0x7e, 0x0, 0xc9,
    0xff, 0xee, 0x0, 0xff, 0xf9, 0x0,

    /* U+0049 "I" */
    0x1f, 0xb0, 0xf, 0xfe, 0xc0,

    /* U+004A "J" */
    0x0, 0x77, 0xff, 0x38, 0x1, 0x95, 0x64, 0x0,
    0xd1, 0x55, 0x70, 0x7, 0xff, 0xc8, 0xc0, 0x42,
    0x9c, 0x2, 0xa0, 0x50, 0x68, 0xda, 0xd3, 0x38,
    0x31, 0xc1, 0x4d, 0xb0, 0x0,

    /* U+004B "K" */
    0x1f, 0xb0, 0xe, 0x1d, 0xe2, 0x0, 0xf8, 0x70,
    0xb4, 0x80, 0x3e, 0xd2, 0xb3, 0x0, 0xfa, 0xce,
    0x90, 0x3, 0xea, 0x48, 0x50, 0xf, 0xa9, 0x5d,
    0xc0, 0x1f, 0x4a, 0x81, 0x80, 0x7c, 0x8c, 0x89,
    0x40, 0x7, 0xc9, 0x74, 0x4e, 0xa0, 0x1c, 0x56,
    0x3, 0xe1, 0x44, 0x1, 0x98, 0x2, 0x2b, 0xf,
    0x10, 0xf, 0xc9, 0x25, 0x40, 0x1f, 0xcc, 0xc4,
    0x80,

    /* U+004C "L" */
    0x1f, 0xb0, 0xf, 0xff, 0xf8, 0x7, 0xff, 0x59,
    0x6a, 0xbc, 0xa0, 0x1, 0x55, 0xf6, 0x80,

    /* U+004D "M" */
    0x1f, 0xa0, 0xf, 0xe7, 0xf4, 0x0, 0x29, 0x80,
    0x7c, 0x30, 0x1, 0xde, 0x1, 0xf4, 0x0, 0x78,
    0xd4, 0x3, 0x89, 0x84, 0x3, 0x29, 0x58, 0x7,
    0x48, 0xb0, 0x7, 0x48, 0xc0, 0x4, 0x88, 0x8f,
    0x0, 0xe4, 0x57, 0x20, 0x4, 0x93, 0x0, 0x7d,
    0x1, 0x0, 0xe5, 0x20, 0x1f, 0x89, 0xd5, 0x52,
    0xa8, 0x1, 0xfd, 0x3, 0x43, 0x0, 0x1, 0x0,
    0xfd, 0x60, 0xe4, 0x1, 0xff, 0x2c, 0xc0, 0x7,
    0xff, 0x5, 0x80, 0x3e,

    /* U+004E "N" */
    0x1f, 0xb0, 0xf, 0xf, 0xd8, 0x1, 0x20, 0x3,
    0xfe, 0x75, 0x0, 0xfe, 0x20, 0xa2, 0x0, 0xfc,
    0xd2, 0x1e, 0x1, 0xfc, 0xcc, 0x2a, 0x0, 0xfe,
    0x93, 0x56, 0x0, 0xfe, 0xd1, 0x93, 0x0, 0xfc,
    0x34, 0x1a, 0x60, 0x1f, 0x92, 0x7, 0xc0, 0x3f,
    0x9d, 0x8, 0x3, 0xfd, 0x44, 0x1, 0xfe, 0x1f,
    0x0, 0x0,

    /* U+004F "O" */
    0x0, 0xcb, 0x5d, 0xfd, 0x6c, 0x1, 0xe1, 0xba,
    0x52, 0x42, 0x49, 0xc1, 0x0, 0xda, 0x88, 0xec,
    0xbc, 0xe5, 0x3c, 0x0, 0x98, 0xd2, 0xc4, 0x2,
    0x1a, 0x62, 0x80, 0x5, 0x85, 0x0, 0x7d, 0x20,
    0xc0, 0x2, 0x31, 0x0, 0xfc, 0xa2, 0x42, 0xc,
    0x1, 0xfc, 0x60, 0x22, 0x6, 0x0, 0xfe, 0x30,
    0x10, 0x23, 0x10, 0xf, 0xca, 0x24, 0x16, 0x14,
    0x1, 0xf4, 0x83, 0x0, 0x18, 0xd2, 0xc8, 0x2,
    0x1a, 0x62, 0x80, 0xb, 0x51, 0x1b, 0x97, 0x9c,
    0xa7, 0x80, 0x18, 0x6e, 0xc8, 0x48, 0x49, 0x58,
    0x20, 0x0,

    /* U+0050 "P" */
    0x1f, 0xff, 0x63, 0x80, 0x70, 0xaa, 0xc8, 0x51,
    0xa2, 0x1, 0x2d, 0x55, 0x7c, 0xc5, 0x0, 0x1f,
    0xd2, 0x2c, 0x1, 0xfe, 0x20, 0xf, 0xf8, 0x80,
    0x3f, 0xd2, 0x2c, 0x1, 0x2d, 0x55, 0x7c, 0xc5,
    0x0, 0x10, 0xaa, 0xc8, 0x51, 0xa2, 0x1, 0x27,
    0xfe, 0xc7, 0x0, 0xff, 0xed, 0x80,

    /* U+0051 "Q" */
    0x0, 0xc9, 0x5d, 0xfd, 0x6c, 0x1, 0xe1, 0xbb,
    0x29, 0x21, 0x24, 0xe0, 0x80, 0x6a, 0x44, 0x76,
    0x5e, 0x72, 0x9e, 0x0, 0x4c, 0x88, 0xb1, 0x0,
    0x86, 0x98, 0xa0, 0x1, 0x41, 0x40, 0x1f, 0x48,
    0x30, 0x0, 0xcc, 0x20, 0x1f, 0x94, 0x48, 0x41,
    0x80, 0x3f, 0x8c, 0x4, 0x40, 0xc0, 0x1f, 0xc6,
    0x2, 0x4, 0x62, 0x1, 0xf9, 0x44, 0x82, 0x82,
    0xc0, 0x3e, 0x80, 0x60, 0x3, 0x9a, 0xd0, 0x80,
    0x69, 0x72, 0x80, 0xb, 0x4d, 0x7a, 0xea, 0xfd,
    0x8b, 0x0, 0x30, 0xe4, 0x9a, 0xa9, 0xa, 0x74,
    0x40, 0x3c, 0xd9, 0xd4, 0x6, 0x6, 0x94, 0xe0,
    0x1f, 0x2e, 0x14, 0xe5, 0xa2, 0x0, 0x3f, 0x1e,
    0x6d, 0xe7, 0x18,

    /* U+0052 "R" */
    0x1f, 0xff, 0x63, 0x80, 0x70, 0xaa, 0xc8, 0x51,
    0xa2, 0x1, 0x2d, 0x55, 0x7c, 0xc5, 0x0, 0x1f,
    0xd2, 0x2c, 0x1, 0xfe, 0x20, 0xf, 0xf8, 0x84,
    0x3, 0xfa, 0x5, 0xc0, 0x26, 0x99, 0xab, 0x9c,
    0xa0, 0x2, 0x26, 0x69, 0x45, 0x74, 0x40, 0x24,
    0xff, 0xb8, 0x1c, 0x3, 0xf8, 0x64, 0xa4, 0x3,
    0xf9, 0x91, 0x90, 0x3, 0xfa, 0x86, 0x80,

    /* U+0053 "S" */
    0x0, 0x14, 0xef, 0xfb, 0x60, 0x40, 0x7, 0xac,
    0x2c, 0xa0, 0xfa, 0x0, 0x80, 0xbc, 0x9a, 0xdd,
    0x78, 0x1, 0x49, 0x0, 0x31, 0x18, 0x0, 0xc8,
    0xc0, 0x3f, 0x48, 0x65, 0x28, 0x80, 0x72, 0x62,
    0x2d, 0x76, 0xb0, 0x6, 0x3b, 0xfb, 0x63, 0x9b,
    0x0, 0xf2, 0x4f, 0x22, 0x40, 0x1f, 0xb4, 0x8,
    0x2d, 0x40, 0x3a, 0x81, 0x45, 0xab, 0xae, 0x6b,
    0x8d, 0x8c, 0x76, 0x55, 0x4c, 0x8b, 0x52, 0x0,

    /* U+0054 "T" */
    0xef, 0xff, 0xe8, 0x75, 0x58, 0x81, 0x15, 0x6d,
    0x9a, 0xa9, 0x2, 0x6a, 0xa5, 0x0, 0xff, 0xff,
    0x80, 0x7f, 0xf5, 0xc0,

    /* U+0055 "U" */
    0x3f, 0x90, 0xf, 0x2f, 0xb8, 0x7, 0xff, 0xfc,
    0x3, 0xf0, 0x88, 0x8, 0x3, 0xc6, 0x6, 0x42,
    0x80, 0x1e, 0xd0, 0x70, 0x60, 0xb1, 0x0, 0xa1,
    0x10, 0x41, 0x6, 0x9d, 0x97, 0xce, 0x34, 0x1,
    0x64, 0x19, 0x90, 0xdf, 0xc4, 0x0,

    /* U+0056 "V" */
    0xc, 0xf2, 0x0, 0xf8, 0xbe, 0x42, 0x82, 0x80,
    0x3e, 0xb0, 0xa0, 0x61, 0x70, 0xf, 0xb, 0x19,
    0x80, 0xc, 0xc, 0x1, 0xcc, 0x12, 0x1, 0x48,
    0x58, 0x7, 0x48, 0xa8, 0x4, 0x2a, 0x48, 0x1,
    0x28, 0xc8, 0x7, 0x48, 0x70, 0x5, 0xc0, 0xc0,
    0x1c, 0x64, 0xa2, 0x4, 0x8a, 0x20, 0x1e, 0xb0,
    0x90, 0xb0, 0x90, 0xf, 0x98, 0x58, 0x58, 0xcc,
    0x1, 0xf9, 0x87, 0x42, 0x40, 0x3f, 0xa4, 0xc,
    0x54, 0x3, 0xf8, 0x54, 0x18, 0x3, 0x80,

    /* U+0057 "W" */
    0x4f, 0x90, 0xf, 0x67, 0x98, 0x7, 0x17, 0xc2,
    0xb, 0x80, 0x71, 0x18, 0x58, 0x7, 0x50, 0x58,
    0x38, 0x98, 0x6, 0x50, 0x2, 0x80, 0x72, 0x89,
    0x86, 0x85, 0x0, 0x6b, 0x26, 0x22, 0x0, 0x44,
    0x46, 0x0, 0x20, 0x38, 0x4, 0x46, 0xb4, 0x14,
    0x1, 0x28, 0x58, 0x4, 0xa2, 0x60, 0x5, 0xb,
    0x31, 0x50, 0xa, 0x84, 0xc0, 0x2f, 0xb, 0x0,
    0x59, 0x18, 0x39, 0x10, 0x8, 0x8e, 0x1, 0x94,
    0x14, 0x8, 0xd4, 0x1, 0x40, 0xa0, 0xa1, 0xa0,
    0x1c, 0xa4, 0x45, 0xb, 0x0, 0x18, 0xd0, 0x58,
    0xa0, 0x7, 0x78, 0x2d, 0x89, 0x80, 0x4e, 0x48,
    0x6e, 0x1, 0xe5, 0x9, 0x36, 0x0, 0xd4, 0x12,
    0x1a, 0x1, 0xf2, 0x8, 0x58, 0x6, 0x31, 0x20,
    0x40, 0xf, 0xb4, 0x4, 0xc0, 0x39, 0xc1, 0x40,
    0x30,

    /* U+0058 "X" */
    0x2f, 0xd0, 0xf, 0x5f, 0x99, 0x49, 0x50, 0x6,
    0x74, 0x83, 0x6, 0x45, 0x50, 0x0, 0xa0, 0xdc,
    0x2, 0xa1, 0xb1, 0xf, 0xe, 0x0, 0xc3, 0x63,
    0xb0, 0x54, 0x40, 0x1c, 0xac, 0x6e, 0xaa, 0x0,
    0xfa, 0x80, 0x1e, 0x1, 0xfb, 0x80, 0x16, 0x20,
    0x1e, 0x92, 0x8a, 0x1b, 0x0, 0xe4, 0x64, 0x75,
    0x59, 0x80, 0x21, 0xa1, 0xa0, 0x5, 0x8c, 0x90,
    0x2, 0x86, 0xc4, 0x0, 0x34, 0x1c, 0xc, 0x8a,
    0xa0, 0xc, 0x8e, 0x70,

    /* U+0059 "Y" */
    0xc, 0xf2, 0x0, 0xf2, 0xfb, 0x7, 0x84, 0x80,
    0x7a, 0xc9, 0x80, 0xd9, 0x14, 0x3, 0x40, 0xf0,
    0x5, 0x3, 0x60, 0x11, 0x3a, 0x98, 0x4, 0x30,
    0x30, 0x0, 0x90, 0xb0, 0xe, 0x63, 0x72, 0x54,
    0x81, 0x0, 0xf7, 0x84, 0xd9, 0x38, 0x7, 0xc6,
    0xa8, 0x32, 0x1, 0xfd, 0x0, 0x68, 0x1, 0xfc,
    0x60, 0xe0, 0x1f, 0xfe, 0x0,

    /* U+005A "Z" */
    0x1f, 0xff, 0xf0, 0x89, 0x57, 0xe3, 0x2, 0x10,
    0xaa, 0xf5, 0x90, 0x78, 0x7, 0xed, 0x1a, 0x20,
    0xf, 0xa4, 0xdd, 0x40, 0x3e, 0x56, 0x48, 0x0,
    0xf8, 0xa8, 0x68, 0x3, 0xf7, 0x86, 0x88, 0x7,
    0xd4, 0x52, 0x60, 0x1f, 0x3a, 0xa9, 0x80, 0x3e,
    0x48, 0x2a, 0x0, 0xf8, 0x68, 0x1a, 0xab, 0xe2,
    0x20, 0x82, 0x2a, 0xfc, 0xc0,

    /* U+005B "[" */
    0x1f, 0xfa, 0x80, 0x7, 0x1c, 0x0, 0x67, 0x40,
    0xf, 0xff, 0xbb, 0x3a, 0x0, 0xe, 0x38,

    /* U+005C "\\" */
    0x47, 0x0, 0xf0, 0xc1, 0x80, 0x72, 0x85, 0x80,
    0x79, 0x58, 0x3, 0xde, 0x26, 0x1, 0xca, 0x14,
    0x1, 0xe5, 0x70, 0xf, 0x78, 0xa0, 0x7, 0x28,
    0x68, 0x7, 0x95, 0xc0, 0x3d, 0xc2, 0x80, 0x1c,
    0x83, 0xa0, 0x1e, 0x77, 0x0, 0x7b, 0x45, 0x0,
    0x39, 0x7, 0x80, 0x3c, 0xea, 0x1, 0xed, 0x5,
    0x0, 0xe4, 0x1f,

    /* U+005D "]" */
    0xaf, 0xf8, 0x7a, 0xc, 0x0, 0x8e, 0xc0, 0x1f,
    0xff, 0x74, 0x76, 0x0, 0x74, 0x18, 0x0,

    /* U+005E "^" */
    0x0, 0xab, 0xc8, 0x3, 0x85, 0x46, 0x80, 0x39,
    0x8a, 0x18, 0x3, 0xaa, 0x8c, 0x2a, 0x1, 0x21,
    0x30, 0x34, 0x80, 0x5c, 0x82, 0x14, 0x64, 0x2,
    0xbc, 0x0, 0x32, 0xa0, 0x61, 0x50, 0xa, 0xd8,
    0x0,

    /* U+005F "_" */
    0xff, 0xfe, 0xdd, 0xfe,

    /* U+0060 "`" */
    0x48, 0x40, 0x2, 0x15, 0xa0, 0x2, 0xa2, 0xd0,

    /* U+0061 "a" */
    0x0, 0x3e, 0x7f, 0xb1, 0x40, 0x29, 0x80, 0x66,
    0x15, 0x40, 0x2, 0x33, 0x13, 0x2e, 0x27, 0x0,
    0x9, 0x80, 0x64, 0x2, 0x1, 0x9e, 0xff, 0x98,
    0x4, 0x29, 0xa6, 0xf3, 0xa, 0x1, 0x22, 0x1d,
    0xc, 0xc4, 0x1, 0x9c, 0x2, 0x16, 0x0, 0x98,
    0xe9, 0xa3, 0xc0, 0x34, 0xbb, 0xa5, 0x99, 0x20,
    0x0,

    /* U+0062 "b" */
    0x5f, 0x50, 0xf, 0xff, 0x3, 0x6f, 0xf5, 0x10,
    0x6, 0x89, 0x16, 0x55, 0x69, 0x80, 0x45, 0x59,
    0x37, 0x60, 0xd0, 0x9, 0x54, 0x1, 0x23, 0x8a,
    0x0, 0x30, 0x3, 0xb0, 0xc, 0x3, 0xff, 0x83,
    0x80, 0x1d, 0x80, 0x60, 0x5, 0x50, 0x4, 0x8e,
    0x28, 0x0, 0x3a, 0xc9, 0xbb, 0x6, 0x80, 0x51,
    0x22, 0xca, 0xad, 0x30,

    /* U+0063 "c" */
    0x0, 0x9f, 0x7f, 0xa8, 0xc0, 0x2d, 0x80, 0x64,
    0x5c, 0x40, 0x92, 0x8d, 0x9a, 0xd3, 0x70, 0x63,
    0x70, 0x8, 0xb0, 0xcc, 0x8, 0x1, 0xff, 0xc5,
    0x30, 0x40, 0xf, 0xcc, 0x6e, 0x1, 0x16, 0x18,
    0x49, 0xc6, 0xcd, 0x69, 0x80, 0x59, 0x0, 0xc8,
    0x8c, 0x30,

    /* U+0064 "d" */
    0x0, 0xfc, 0x3f, 0x40, 0x1f, 0xfd, 0x88, 0xdf,
    0xe8, 0x30, 0x8, 0x75, 0xc1, 0x91, 0xfc, 0x2,
    0xb2, 0x8d, 0x9a, 0xd3, 0x0, 0x94, 0xdc, 0x2,
    0x28, 0x0, 0x18, 0x20, 0x7, 0x20, 0x7, 0xff,
    0x4, 0xc1, 0x40, 0x39, 0x0, 0x25, 0x28, 0x0,
    0x8a, 0x0, 0x2b, 0x27, 0xd9, 0xbd, 0x20, 0x8,
    0x75, 0xc1, 0x95, 0xf4, 0x0,

    /* U+0065 "e" */
    0x0, 0xa3, 0x7f, 0xa4, 0x40, 0x21, 0xd7, 0x67,
    0x46, 0xf2, 0x0, 0x59, 0x5d, 0xa2, 0xb0, 0x64,
    0x0, 0xaa, 0x40, 0x8, 0xdd, 0x4, 0xc1, 0x7f,
    0xf9, 0xc0, 0x80, 0xb, 0x99, 0xf1, 0x98, 0x1c,
    0xcf, 0xe0, 0x3, 0x14, 0x80, 0x69, 0x10, 0x4,
    0x9b, 0x6d, 0x4f, 0x33, 0x80, 0x59, 0x0, 0xac,
    0x54, 0xc0,

    /* U+0066 "f" */
    0x0, 0xd, 0x77, 0xc8, 0x2, 0x95, 0xdc, 0x20,
    0x4, 0x44, 0xc4, 0x0, 0x40, 0x80, 0x2b, 0xe0,
    0x6f, 0xf2, 0xf3, 0x81, 0xc4, 0x1d, 0x64, 0x19,
    0xdc, 0x40, 0x1f, 0xfe, 0x50,

    /* U+0067 "g" */
    0x0, 0xa3, 0x7f, 0xa4, 0x7b, 0x0, 0x75, 0xc1,
    0x91, 0xbc, 0x2, 0xb2, 0x7d, 0x9a, 0xe3, 0x10,
    0x2, 0x9c, 0x0, 0x43, 0xc0, 0x3, 0x4, 0x0,
    0xe3, 0x0, 0xff, 0xe0, 0x98, 0x28, 0x7, 0x20,
    0x4, 0xa5, 0x0, 0x10, 0xc8, 0x5, 0x64, 0xfb,
    0x35, 0xc0, 0x18, 0x75, 0xc1, 0x91, 0xb0, 0x1c,
    0x2, 0x8d, 0xfe, 0x93, 0x2, 0x2, 0x70, 0xe,
    0x90, 0xd0, 0x58, 0xfb, 0x9a, 0xe4, 0x54, 0x7,
    0xb5, 0x53, 0x29, 0x4d, 0x0,

    /* U+0068 "h" */
    0x5f, 0x50, 0xf, 0xfe, 0xe3, 0xef, 0xf4, 0x88,
    0x5, 0x70, 0x2a, 0x6d, 0x80, 0x10, 0xde, 0x56,
    0xa9, 0x30, 0x1, 0x90, 0x2, 0x80, 0xf0, 0x7,
    0x80, 0x62, 0x3, 0x0, 0x18, 0x7, 0x84, 0x3,
    0xff, 0xb8,

    /* U+0069 "i" */
    0x6f, 0x6f, 0xf, 0x9b, 0x90, 0x40, 0x5f, 0x50,
    0xf, 0xfe, 0x78,

    /* U+006A "j" */
    0x0, 0x93, 0xdc, 0x2, 0x30, 0xd0, 0x9, 0xee,
    0x80, 0x32, 0x0, 0x64, 0xf7, 0x0, 0xff, 0xf9,
    0x90, 0x12, 0x5c, 0xc0, 0xa0, 0xab, 0x16, 0x88,

    /* U+006B "k" */
    0x5f, 0x50, 0xf, 0xff, 0x18, 0xef, 0x98, 0x7,
    0x8b, 0xb, 0xc, 0x3, 0x8b, 0xa, 0xcc, 0x3,
    0x8b, 0x6, 0xd0, 0x3, 0xb3, 0x2, 0x24, 0x0,
    0xf3, 0xa, 0x8d, 0x0, 0x78, 0x72, 0x8d, 0x58,
    0x3, 0xa0, 0xc3, 0x46, 0x4c, 0x3, 0x18, 0x0,
    0x74, 0x38, 0x3, 0xf1, 0xc1, 0x50, 0x0,

    /* U+006C "l" */
    0x5f, 0x50, 0xf, 0xfe, 0xd8,

    /* U+006D "m" */
    0x5f, 0x58, 0xdf, 0xe8, 0x0, 0x46, 0xff, 0x40,
    0x6, 0xb7, 0x73, 0x1b, 0xde, 0xbb, 0x98, 0xde,
    0xc0, 0x21, 0xda, 0x9d, 0x24, 0x2c, 0xa9, 0xd3,
    0x43, 0x0, 0x31, 0x0, 0x54, 0xa, 0x60, 0x15,
    0x2, 0x80, 0x3c, 0x3, 0x10, 0x68, 0x6, 0x20,
    0x10, 0x1, 0x80, 0x78, 0x40, 0x3f, 0xff, 0xe0,

    /* U+006E "n" */
    0x5f, 0x57, 0xdf, 0xe9, 0x10, 0xa, 0xe1, 0xdc,
    0x4d, 0x80, 0x10, 0xe5, 0x46, 0x31, 0x30, 0x1,
    0x8c, 0x2, 0xb0, 0xf0, 0x7, 0x80, 0x62, 0x3,
    0x0, 0x18, 0x7, 0x84, 0x3, 0xff, 0xb8,

    /* U+006F "o" */
    0x0, 0x9f, 0x7f, 0xa8, 0xc0, 0x36, 0xc0, 0x32,
    0x2e, 0x28, 0x2, 0x4a, 0x36, 0x6b, 0x46, 0x84,
    0x18, 0xdc, 0x2, 0x28, 0x6, 0x30, 0x40, 0xe,
    0x40, 0xe0, 0xf, 0xf8, 0xc1, 0x40, 0x39, 0x3,
    0x81, 0x8a, 0x0, 0x22, 0x80, 0x60, 0x93, 0x7d,
    0x9a, 0xd1, 0xa1, 0x0, 0x64, 0x3, 0x22, 0xe2,
    0x80,

    /* U+0070 "p" */
    0x5f, 0x47, 0xdf, 0xea, 0x20, 0xd, 0x30, 0xee,
    0x45, 0xd3, 0x0, 0x8a, 0xea, 0x2b, 0x3, 0x40,
    0x25, 0x40, 0x8, 0xdc, 0x50, 0x1, 0x80, 0x1d,
    0x80, 0x60, 0x1f, 0xfc, 0x1c, 0x0, 0xec, 0x3,
    0x0, 0x2a, 0x80, 0x24, 0x71, 0x40, 0x1, 0x56,
    0x4d, 0xd8, 0x34, 0x2, 0x89, 0x16, 0x55, 0x69,
    0x80, 0x66, 0xdf, 0xea, 0x20, 0xf, 0xfe, 0xb8,

    /* U+0071 "q" */
    0x0, 0xa3, 0x7f, 0xa0, 0x7e, 0x80, 0x75, 0xc1,
    0x91, 0xf4, 0x2, 0xb2, 0x8d, 0x9a, 0xd2, 0x0,
    0x94, 0xdc, 0x2, 0x28, 0x0, 0x18, 0x20, 0x7,
    0x20, 0x7, 0xff, 0x4, 0xc1, 0x0, 0x39, 0x0,
    0x25, 0x38, 0x0, 0x8a, 0x0, 0x2b, 0x27, 0xd9,
    0xbd, 0x30, 0x8, 0x75, 0xc1, 0x95, 0xfc, 0x3,
    0xa3, 0x7f, 0xa0, 0xc0, 0x3f, 0xfa, 0xe0,

    /* U+0072 "r" */
    0x5f, 0x57, 0xdb, 0x0, 0x44, 0x4, 0xc0, 0x5,
    0x79, 0x0, 0x5, 0x40, 0xd, 0x80, 0x1c, 0x60,
    0x1f, 0xfc, 0xf0,

    /* U+0073 "s" */
    0x1, 0x8d, 0xfe, 0xb7, 0x0, 0x6b, 0xb3, 0xa2,
    0xd0, 0x19, 0x9a, 0xe2, 0xbb, 0x0, 0x22, 0x10,
    0x8, 0x40, 0xd5, 0x3b, 0x21, 0x0, 0x2a, 0xb6,
    0x7, 0xbc, 0x0, 0x92, 0x73, 0xd8, 0xd8, 0x14,
    0x3, 0x60, 0xa, 0xd7, 0x54, 0xd5, 0x5, 0x96,
    0x49, 0x19, 0xdb, 0x4,

    /* U+0074 "t" */
    0x1, 0xfa, 0x0, 0xff, 0x5f, 0x2, 0xff, 0x97,
    0x9c, 0xe, 0x20, 0xeb, 0x20, 0xce, 0xe2, 0x0,
    0xff, 0xe8, 0x88, 0x8, 0x7, 0x22, 0x2a, 0x64,
    0x0, 0xa4, 0x43, 0x80,

    /* U+0075 "u" */
    0x7f, 0x40, 0xc, 0x7f, 0x0, 0x1f, 0xfe, 0x37,
    0x0, 0x8, 0x10, 0x6, 0x30, 0x2, 0x5, 0x88,
    0x0, 0xa4, 0x0, 0x4a, 0x5f, 0x57, 0xa6, 0x1,
    0x54, 0x1a, 0xa9, 0xfc, 0x0,

    /* U+0076 "v" */
    0xd, 0xe0, 0xf, 0x6e, 0x80, 0x16, 0x2c, 0x1,
    0x8c, 0xa8, 0x0, 0xc1, 0x40, 0x1a, 0x41, 0x80,
    0x26, 0x33, 0x0, 0x5, 0x58, 0x40, 0x2b, 0xa,
    0x0, 0x30, 0x50, 0x6, 0x24, 0x60, 0x4, 0x99,
    0x80, 0x3b, 0x81, 0x94, 0x64, 0x3, 0xca, 0x37,
    0xc2, 0xa0, 0x1f, 0x49, 0x23, 0x0, 0x7e, 0x60,
    0x4, 0x80, 0x60,

    /* U+0077 "w" */
    0xbe, 0x0, 0xec, 0xf1, 0x0, 0xd5, 0xc1, 0xc2,
    0x80, 0x11, 0x18, 0x38, 0x6, 0x56, 0x5, 0xd,
    0x0, 0xa8, 0x7, 0x40, 0x25, 0xa, 0x0, 0x2b,
    0x80, 0x4a, 0x8c, 0x82, 0x0, 0xe2, 0x20, 0x3,
    0x85, 0x0, 0xcb, 0xa8, 0x18, 0x5, 0x28, 0x2,
    0x41, 0xe0, 0xa1, 0x52, 0x3b, 0x7, 0x6, 0x0,
    0xce, 0xa2, 0xee, 0x0, 0x51, 0x95, 0x18, 0x80,
    0x6a, 0xb, 0x1a, 0x0, 0x38, 0x41, 0xd0, 0x7,
    0x19, 0x29, 0x18, 0x0, 0x51, 0x41, 0xc0, 0x3c,
    0xa1, 0x40, 0x1b, 0x81, 0x4, 0x2,

    /* U+0078 "x" */
    0x3f, 0xb0, 0xd, 0x9e, 0x47, 0x8, 0xe0, 0x8,
    0x39, 0x20, 0x74, 0x83, 0x33, 0xab, 0x0, 0x54,
    0x3d, 0xa5, 0x40, 0x18, 0x68, 0x87, 0x80, 0x3c,
    0x40, 0x6, 0x0, 0xe3, 0x94, 0x3a, 0x20, 0xd,
    0xc3, 0x5c, 0x1c, 0x1, 0x51, 0x50, 0x95, 0x1c,
    0x83, 0x2b, 0xa0, 0x1, 0x54, 0xca,

    /* U+0079 "y" */
    0xd, 0xe0, 0xf, 0x6e, 0x80, 0x16, 0x2c, 0x1,
    0x8c, 0xa8, 0x0, 0xc1, 0x40, 0x1a, 0x41, 0x80,
    0x26, 0x33, 0x0, 0x5, 0x54, 0x20, 0x15, 0x85,
    0x0, 0x18, 0x24, 0x3, 0x11, 0xb0, 0x2, 0x8c,
    0xc0, 0x1d, 0x20, 0xc8, 0x54, 0x1, 0xe5, 0x1b,
    0xe1, 0x60, 0xf, 0x98, 0x95, 0x80, 0x3f, 0x50,
    0x2, 0x80, 0x3f, 0x10, 0x21, 0x0, 0x70, 0x80,
    0x1c, 0x3c, 0x3, 0x87, 0xaa, 0x90, 0x68, 0x1,
    0xe6, 0x44, 0x2e, 0x80, 0x78,

    /* U+007A "z" */
    0x2f, 0xff, 0xa4, 0xe2, 0x38, 0x43, 0x45, 0xdf,
    0x8, 0x9d, 0x0, 0x31, 0xc9, 0xc0, 0x6, 0x1d,
    0x1d, 0x0, 0xea, 0x1a, 0x10, 0xc, 0xe9, 0x8,
    0x1, 0x92, 0x11, 0xc0, 0x30, 0xd0, 0x1b, 0xbe,
    0x55, 0x8, 0x3c, 0x46, 0xe0,

    /* U+007B "{" */
    0x0, 0x3f, 0x78, 0x24, 0x1c, 0x1, 0x84, 0xb8,
    0x78, 0x38, 0x7, 0xff, 0x14, 0x40, 0x42, 0x1c,
    0x48, 0x1c, 0x5c, 0x1, 0xe8, 0xc4, 0x0, 0x30,
    0x10, 0xf, 0xfe, 0x2f, 0x83, 0x80, 0xc, 0x25,
    0xc1, 0x1c, 0xe0,

    /* U+007C "|" */
    0x1f, 0x70, 0xf, 0xff, 0x38,

    /* U+007D "}" */
    0xaf, 0xa1, 0x0, 0x72, 0x2c, 0x0, 0x12, 0xc1,
    0x0, 0x31, 0x18, 0x7, 0xff, 0x41, 0xc6, 0x48,
    0x1, 0xc0, 0xcc, 0x0, 0x40, 0x72, 0x0, 0x4,
    0x60, 0xf, 0xfe, 0x49, 0x98, 0x0, 0x96, 0x28,
    0x0, 0xe4, 0x44, 0x0, 0x0,

    /* U+007E "~" */
    0x0, 0xf8, 0x40, 0x77, 0xf0, 0x40, 0x1a, 0xb0,
    0x34, 0x1e, 0x8a, 0x6e, 0x90, 0xb8, 0x97, 0x4c,
    0x52, 0x80, 0xa, 0xdd, 0x48, 0x0,

    /* U+00A0 " " */

    /* U+00A1 "¡" */
    0x7f, 0x4d, 0x3, 0xba, 0x71, 0x50, 0x2a, 0x17,
    0x53, 0x0, 0x8c, 0x4, 0x0, 0xe2, 0x0, 0xf0,
    0x10, 0x1, 0x88, 0x0,

    /* U+00A2 "¢" */
    0x0, 0xee, 0x30, 0xf, 0xfe, 0x24, 0x68, 0xe6,
    0xc, 0x2, 0xc7, 0x0, 0x21, 0xe2, 0x4, 0x9c,
    0x68, 0xc6, 0x9b, 0x83, 0x13, 0x80, 0x45, 0x86,
    0x60, 0x40, 0xf, 0xe1, 0x0, 0xf8, 0x81, 0x0,
    0x3e, 0x14, 0x35, 0x0, 0xd2, 0x21, 0x23, 0x54,
    0x19, 0xe6, 0x40, 0x2c, 0x45, 0x5, 0xa, 0x50,
    0x1, 0x5f, 0x8d, 0x72, 0x80, 0x7c, 0xc0, 0x1f,
    0xac, 0x80, 0x20,

    /* U+00A3 "£" */
    0x0, 0xc5, 0x3b, 0xfd, 0x8e, 0x1, 0x93, 0x58,
    0x10, 0x89, 0x4, 0x1, 0x50, 0x5e, 0xde, 0x75,
    0x90, 0x1, 0x45, 0xd0, 0x3, 0x20, 0x4, 0x41,
    0xa0, 0x1f, 0xde, 0x2, 0x1, 0xf3, 0xfb, 0x85,
    0xff, 0xe1, 0x0, 0x36, 0x30, 0x4e, 0x66, 0x10,
    0x0, 0x98, 0x81, 0x19, 0xe0, 0xf, 0xfe, 0x7a,
    0x52, 0x87, 0xd5, 0x78, 0xd, 0x48, 0x11, 0x57,
    0xc2,

    /* U+00A4 "¤" */
    0x0, 0xff, 0xe0, 0x8e, 0x98, 0x4, 0x20, 0x14,
    0xc8, 0x2, 0xd5, 0xbf, 0xef, 0x89, 0x61, 0x1,
    0xc3, 0xa6, 0x8a, 0x67, 0x67, 0x80, 0x0, 0x9a,
    0x6b, 0xac, 0xe8, 0x88, 0x2, 0x61, 0xa0, 0xc,
    0x50, 0xc0, 0x17, 0x8, 0x80, 0x39, 0x40, 0x80,
    0x1c, 0x20, 0x1e, 0x60, 0x30, 0x2, 0x4, 0x0,
    0x74, 0x20, 0x80, 0x8, 0xde, 0x90, 0x97, 0x4b,
    0x40, 0x2a, 0x36, 0x4b, 0xda, 0x63, 0x94, 0x3,
    0x59, 0x97, 0x65, 0xed, 0xe1, 0xc0, 0x1e, 0xb0,
    0x0, 0xd0, 0x80, 0x1b, 0xa0,

    /* U+00A5 "¥" */
    0xb, 0xf3, 0x0, 0xf9, 0xbd, 0xc2, 0x87, 0x80,
    0x3c, 0x52, 0x8e, 0x3, 0x45, 0x20, 0x1d, 0xc3,
    0x40, 0x12, 0x33, 0x14, 0x2, 0x83, 0xb1, 0x0,
    0xd2, 0x56, 0x20, 0x6e, 0xca, 0x1, 0xee, 0x1a,
    0x1d, 0x29, 0x0, 0xf8, 0xe1, 0x30, 0x78, 0x3,
    0xc9, 0xfe, 0x80, 0x20, 0xcf, 0xf0, 0x6, 0x4d,
    0xd9, 0x82, 0xb7, 0x60, 0xe, 0x22, 0x84, 0x4,
    0x8a, 0x0, 0xc9, 0xff, 0x38, 0x5f, 0xfc, 0x1,
    0x93, 0x76, 0x60, 0xad, 0xd8, 0x3, 0x88, 0xa1,
    0x1, 0x22, 0x80, 0x0,

    /* U+00A6 "¦" */
    0x1f, 0x70, 0xf, 0xfe, 0x18, 0xb9, 0x84, 0x20,
    0x7, 0xfa, 0x10, 0x5c, 0xc0, 0x3f, 0xf8, 0x60,

    /* U+00A7 "§" */
    0x0, 0x2e, 0x77, 0xec, 0x8, 0x3d, 0x3c, 0xbb,
    0xca, 0x14, 0x96, 0xf1, 0x5c, 0x80, 0x1f, 0x8,
    0x1, 0x53, 0x18, 0x80, 0x37, 0x1, 0x4e, 0xe1,
    0x81, 0x4b, 0xf7, 0x24, 0xb0, 0x5c, 0x2c, 0x5,
    0xb4, 0x11, 0x82, 0x4, 0x0, 0xc0, 0x26, 0xe9,
    0xd9, 0x34, 0x68, 0x11, 0xd2, 0xec, 0x12, 0x1,
    0xb, 0x5f, 0x14, 0x0, 0x78, 0x50, 0x81, 0x39,
    0xcc, 0x99, 0x8a, 0xc, 0xb1, 0x9b, 0x29, 0x60,
    0x57, 0xd9, 0x7d, 0x62, 0x0,

    /* U+00A8 "¨" */
    0xd, 0x60, 0x9b, 0x13, 0x10, 0x37,

    /* U+00A9 "©" */
    0x0, 0xc9, 0x59, 0xb8, 0xe2, 0x1, 0xeb, 0xe9,
    0xcd, 0xd0, 0xe2, 0x0, 0x6b, 0xea, 0x30, 0x0,
    0xb6, 0x41, 0x80, 0x18, 0xd4, 0x23, 0xbf, 0x54,
    0x7b, 0x80, 0xa, 0x90, 0xb6, 0x8b, 0x5b, 0x12,
    0x74, 0x0, 0x9, 0xa5, 0x32, 0x47, 0x8, 0x61,
    0x8b, 0x82, 0x82, 0x0, 0x78, 0xbc, 0x5c, 0x8,
    0x8, 0x3, 0xc5, 0xe0, 0x1, 0x42, 0xf3, 0x15,
    0xc1, 0xc, 0x40, 0xa9, 0xc, 0x1c, 0xea, 0x41,
    0x26, 0x30, 0x64, 0x51, 0xce, 0xce, 0x81, 0xff,
    0x0, 0x5b, 0xd4, 0x62, 0x60, 0xf9, 0x26, 0x1,
    0xd, 0xfc, 0xee, 0xc1, 0x88, 0x0,

    /* U+00AA "ª" */
    0x8, 0xdf, 0xd4, 0x0, 0x66, 0xfd, 0xd0, 0x0,
    0xf3, 0x14, 0x22, 0x38, 0xdc, 0xe0, 0xf, 0x50,
    0x0, 0xdf, 0x30, 0x2, 0x0,

    /* U+00AB "«" */
    0x0, 0x84, 0x80, 0x4, 0x1, 0xf, 0xd0, 0x4e,
    0x8, 0x3, 0x4a, 0x15, 0xa8, 0x41, 0xcf, 0x86,
    0xd9, 0x0, 0x10, 0xa5, 0x23, 0x0, 0x14, 0xa9,
    0xc8, 0xd8, 0x4, 0xcb, 0xc3, 0xaa, 0xc0, 0x15,
    0x9d, 0x1c, 0x49, 0x0,

    /* U+00AC "¬" */
    0x12, 0x2f, 0x83, 0x77, 0xf2, 0x45, 0x57, 0x38,
    0x1, 0x15, 0x7b, 0x0, 0x3f, 0xf8, 0xae, 0x4e,

    /* U+00AE "®" */
    0x0, 0xc9, 0x59, 0xb8, 0xe2, 0x1, 0xeb, 0xe9,
    0xcd, 0xd0, 0xe2, 0x0, 0x6b, 0xea, 0x30, 0x0,
    0xb6, 0x41, 0x80, 0x18, 0xd5, 0x5f, 0xee, 0xc5,
    0x1e, 0xe0, 0x2, 0xa4, 0x0, 0x3b, 0x95, 0x42,
    0x23, 0xa0, 0x0, 0x40, 0x22, 0x23, 0x1a, 0x6,
    0x18, 0xb8, 0x7, 0x8c, 0xc4, 0x5, 0xe2, 0xe0,
    0x10, 0xf7, 0xe3, 0xa0, 0x17, 0x80, 0x4, 0x0,
    0x3f, 0xa5, 0xa0, 0xc, 0x40, 0xa9, 0x0, 0x84,
    0xba, 0xc4, 0x98, 0xc1, 0x91, 0x53, 0x40, 0x7,
    0x85, 0xfe, 0x0, 0xb7, 0xac, 0x2, 0x15, 0xe9,
    0x30, 0x8, 0x6f, 0xe7, 0x76, 0xc, 0x40, 0x0,

    /* U+00AF "¯" */
    0x8f, 0xfe, 0x59, 0xdd, 0xe5,

    /* U+00B0 "°" */
    0x1, 0xaf, 0xd6, 0x0, 0x51, 0x7f, 0x42, 0xa,
    0xc0, 0x1c, 0x71, 0x80, 0x78, 0x88, 0xe0, 0x37,
    0xe1, 0xb7, 0xfd, 0x4a, 0x3, 0x9f, 0xe7, 0x0,

    /* U+00B1 "±" */
    0x0, 0xa3, 0xc0, 0x3f, 0xf8, 0x22, 0x44, 0x10,
    0x22, 0x83, 0x76, 0x60, 0xdd, 0x92, 0x2a, 0x8a,
    0x15, 0x52, 0xa2, 0xa8, 0x81, 0x56, 0x10, 0xf,
    0xfe, 0x4c, 0x78, 0x6, 0x67, 0x7f, 0x8a, 0xa2,
    0x3e, 0x60,

    /* U+00B2 "²" */
    0x8, 0xef, 0xe8, 0x2, 0x26, 0xf5, 0x3b, 0x15,
    0x18, 0xa0, 0x98, 0x4, 0x36, 0x8a, 0x0, 0x2c,
    0x3a, 0x0, 0x2e, 0x5c, 0x0, 0xa, 0x86, 0x7f,
    0xda,

    /* U+00B3 "³" */
    0x4f, 0xfe, 0x74, 0xff, 0x95, 0x1c, 0x2, 0xa6,
    0xb0, 0x8, 0x46, 0xd3, 0x0, 0xd, 0xea, 0xf9,
    0xc1, 0x89, 0x1b, 0x9, 0x77, 0x30, 0x6c,

    /* U+00B4 "´" */
    0x0, 0x2c, 0x18, 0x3d, 0x79, 0xbc, 0x53, 0x80,

    /* U+00B5 "µ" */
    0x5f, 0x50, 0xc, 0x3f, 0x40, 0x1f, 0xfe, 0x33,
    0x0, 0xc4, 0x1, 0x9c, 0x3, 0x50, 0x4, 0x30,
    0x1, 0x8b, 0xa6, 0x5e, 0x60, 0x19, 0xd5, 0x98,
    0x98, 0x1, 0xb6, 0xff, 0xd4, 0x5f, 0x40, 0x1f,
    0xfd, 0x20,

    /* U+00B6 "¶" */
    0x2, 0xae, 0xff, 0xec, 0x2d, 0x51, 0x4, 0x99,
    0x18, 0x50, 0x6, 0x36, 0x68, 0x8, 0x3, 0xfb,
    0x40, 0x3f, 0x9c, 0x80, 0x3f, 0xb6, 0x10, 0x3,
    0xf3, 0xd8, 0x80, 0x7f, 0xff, 0xc0, 0x31, 0xf8,
    0x0, 0xdc,

    /* U+00B7 "·" */
    0x28, 0x1e, 0x79, 0xb0, 0xc0,

    /* U+00B8 "¸" */
    0x3, 0xc0, 0x9, 0x8a, 0x40, 0xb, 0xac, 0x4f,
    0xf8, 0xa4, 0xff, 0xea, 0x0,

    /* U+00B9 "¹" */
    0x6f, 0xf6, 0x80, 0x1b, 0xe0, 0x3, 0xff, 0x9f,
    0x1f, 0x5, 0xf4,

    /* U+00BA "º" */
    0x2, 0xbf, 0xe8, 0x1, 0xc3, 0xed, 0x58, 0x40,
    0x81, 0x38, 0x60, 0x30, 0xe, 0x42, 0x60, 0x19,
    0x71, 0xcb, 0xfe, 0x69, 0x3, 0xde, 0xfa, 0x0,

    /* U+00BB "»" */
    0x2, 0x0, 0x10, 0x80, 0x6f, 0xa0, 0x5e, 0x20,
    0xb, 0x95, 0x9c, 0xfc, 0x2, 0x37, 0x92, 0xd3,
    0x90, 0xa, 0x2, 0xc5, 0xd8, 0x40, 0x12, 0x30,
    0x4d, 0x2, 0xa, 0xd4, 0x3e, 0x8e, 0x3, 0x6c,
    0x92, 0x74, 0x0,

    /* U+00BC "¼" */
    0x5f, 0xf6, 0x0, 0x7c, 0xba, 0x20, 0x19, 0x75,
    0xc4, 0x3, 0xc3, 0x70, 0x20, 0x1c, 0x5e, 0x1,
    0xf5, 0x22, 0x80, 0x7f, 0xf0, 0x95, 0x56, 0x1,
    0xff, 0xc2, 0x1b, 0xb0, 0x80, 0x7f, 0xf0, 0xad,
    0x54, 0x0, 0x16, 0x0, 0xff, 0x2a, 0xa8, 0x2,
    0xdf, 0x0, 0xa3, 0xe0, 0xbe, 0x86, 0xe4, 0x40,
    0x12, 0x12, 0x1, 0x4e, 0xee, 0xbb, 0x2b, 0x0,
    0x15, 0xf4, 0x48, 0x0, 0x24, 0x59, 0x55, 0x20,
    0x2, 0xad, 0x16, 0x80, 0xf, 0xaa, 0x48, 0x1,
    0x21, 0x9f, 0xb, 0xe2, 0x1, 0xa4, 0x98, 0x2,
    0xad, 0xd9, 0x53, 0x44, 0x2, 0x46, 0xe0, 0xc,
    0x24, 0x51, 0x89, 0x0, 0x65, 0xe2, 0x0, 0xfd,
    0x16, 0x0,

    /* U+00BD "½" */
    0x5f, 0xf6, 0x0, 0x7c, 0xba, 0x20, 0x12, 0xeb,
    0x88, 0x7, 0x86, 0xe0, 0x40, 0x31, 0x78, 0x7,
    0xd4, 0x8a, 0x1, 0xff, 0xc1, 0x55, 0x58, 0x7,
    0xff, 0x4, 0x6e, 0xc2, 0x1, 0xff, 0xc1, 0xb5,
    0x53, 0xef, 0x62, 0x80, 0x7e, 0x55, 0x53, 0x4c,
    0x6d, 0xd1, 0x47, 0xc1, 0x7d, 0xd, 0xc8, 0xb6,
    0xa9, 0xb8, 0x3c, 0xee, 0xeb, 0xb2, 0xb0, 0x0,
    0xc0, 0xc, 0x8, 0x24, 0x59, 0x55, 0x40, 0x1c,
    0xd3, 0x62, 0x1, 0x86, 0xa4, 0x40, 0x33, 0x4d,
    0xa0, 0x7, 0x41, 0x30, 0x6, 0x79, 0xc4, 0x0,
    0xe4, 0x6e, 0x0, 0xc9, 0x1, 0x9f, 0xea, 0x0,
    0x97, 0x88, 0x3, 0x26, 0xef, 0x58,

    /* U+00BE "¾" */
    0x4f, 0xfe, 0x70, 0xe, 0x5d, 0x10, 0xc, 0x9b,
    0xb3, 0xb, 0x0, 0x61, 0xb8, 0x10, 0xe, 0x22,
    0x3b, 0xb0, 0x40, 0x35, 0x22, 0x80, 0x7c, 0x34,
    0x4e, 0x1, 0x95, 0x56, 0x1, 0xf8, 0x65, 0x29,
    0xc0, 0x3, 0x76, 0x10, 0xf, 0xe6, 0x88, 0x58,
    0x2, 0xd5, 0x40, 0x1, 0x60, 0x8, 0xa0, 0x80,
    0x71, 0x81, 0x55, 0x40, 0x16, 0xf8, 0x6, 0x4d,
    0xfe, 0xb, 0x1b, 0x91, 0x0, 0x48, 0x48, 0x4,
    0x59, 0xfb, 0xf6, 0x36, 0xac, 0x0, 0x67, 0xd1,
    0x20, 0xe, 0x20, 0x2, 0x2c, 0x80, 0xe, 0x74,
    0x5a, 0x0, 0x3f, 0x54, 0x90, 0x2, 0x3, 0x3e,
    0x17, 0xc4, 0x3, 0xa4, 0x98, 0x2, 0xad, 0xd9,
    0x53, 0x44, 0x3, 0x23, 0x70, 0x6, 0x12, 0x28,
    0xc4, 0x80, 0x39, 0x78, 0x80, 0x3f, 0x45, 0x80,
    0x0,

    /* U+00BF "¿" */
    0x0, 0xa3, 0x8c, 0x3, 0xe4, 0x15, 0x0, 0xfb,
    0x69, 0x80, 0x3e, 0x15, 0x0, 0xfd, 0x18, 0x40,
    0x1e, 0x16, 0x22, 0x0, 0x70, 0xe0, 0xd0, 0x7,
    0xb0, 0xad, 0x0, 0x3a, 0xa, 0x50, 0x3, 0xc6,
    0xe, 0x1, 0xf0, 0x83, 0x80, 0x43, 0x72, 0x12,
    0x13, 0x93, 0x7c, 0x80, 0x3, 0xd5, 0x26, 0x54,
    0xb9, 0x0,

    /* U+00C0 "À" */
    0x0, 0xc7, 0xa, 0x1, 0xff, 0xc0, 0x30, 0xa7,
    0x0, 0xff, 0xe0, 0x45, 0x43, 0x80, 0x7f, 0xf0,
    0x17, 0xdc, 0x3, 0xff, 0x81, 0x1f, 0x40, 0x1f,
    0xfc, 0x6, 0x5, 0x20, 0xf, 0xf3, 0xc, 0x85,
    0x80, 0x7f, 0xac, 0x99, 0x18, 0x3, 0xf9, 0xa,
    0xc3, 0xc1, 0xc0, 0x3f, 0x78, 0xb0, 0x21, 0x50,
    0x7, 0xc4, 0x8c, 0x1, 0x59, 0x28, 0x7, 0xac,
    0x24, 0x2, 0x61, 0x90, 0xe, 0x16, 0xe, 0xff,
    0xc2, 0x66, 0x0, 0xcc, 0xe, 0xff, 0x4, 0x80,
    0x69, 0x28, 0x8f, 0x91, 0x44, 0x0, 0xa3, 0x60,
    0x1f, 0x78, 0x48, 0x2, 0x41, 0xc0, 0x3e, 0x41,
    0x60,

    /* U+00C1 "Á" */
    0x0, 0xfc, 0x90, 0x80, 0x1f, 0xf2, 0xd9, 0x20,
    0x7, 0xf9, 0x2a, 0x28, 0x3, 0xfe, 0x4f, 0x70,
    0xf, 0xfe, 0x4, 0x7d, 0x0, 0x7f, 0xf0, 0x18,
    0x14, 0x80, 0x3f, 0xcc, 0x32, 0x16, 0x1, 0xfe,
    0xb2, 0x64, 0x60, 0xf, 0xe4, 0x2b, 0xf, 0x7,
    0x0, 0xfd, 0xe2, 0xc0, 0x85, 0x40, 0x1f, 0x12,
    0x30, 0x5, 0x64, 0xa0, 0x1e, 0xb0, 0x90, 0x9,
    0x86, 0x40, 0x38, 0x58, 0x3b, 0xff, 0x9, 0x98,
    0x3, 0x30, 0x3b, 0xfc, 0x12, 0x1, 0xa4, 0xa2,
    0x3e, 0x45, 0x10, 0x2, 0x8d, 0x80, 0x7d, 0xe1,
    0x20, 0x9, 0x7, 0x0, 0xf9, 0x5, 0x80,

    /* U+00C2 "Â" */
    0x0, 0xf1, 0xc2, 0x80, 0x7f, 0xc7, 0x87, 0x4c,
    0x1, 0xfc, 0x79, 0x17, 0x52, 0xa0, 0x1f, 0x8f,
    0xdc, 0x17, 0xd4, 0x3, 0xfd, 0x1f, 0x40, 0x1f,
    0xfc, 0x6, 0x5, 0x20, 0xf, 0xf3, 0xc, 0x85,
    0x80, 0x7f, 0xac, 0x99, 0x18, 0x3, 0xf9, 0xa,
    0xc3, 0xc1, 0xc0, 0x3f, 0x78, 0xb0, 0x21, 0x50,
    0x7, 0xc4, 0x8c, 0x1, 0x59, 0x28, 0x7, 0xac,
    0x24, 0x2, 0x61, 0x90, 0xe, 0x16, 0xe, 0xff,
    0xc2, 0x66, 0x0, 0xcc, 0xe, 0xff, 0x4, 0x80,
    0x69, 0x28, 0x8f, 0x91, 0x44, 0x0, 0xa3, 0x60,
    0x1f, 0x78, 0x48, 0x2, 0x41, 0xc0, 0x3e, 0x41,
    0x60,

    /* U+00C3 "Ã" */
    0x0, 0xeb, 0xe4, 0x4, 0xc0, 0xf, 0xcc, 0xcb,
    0xa3, 0xd5, 0x0, 0xfd, 0xea, 0xaa, 0xc6, 0xb0,
    0xf, 0xd7, 0x20, 0x9d, 0xe4, 0x1, 0xf8, 0x86,
    0x3e, 0xc0, 0x3f, 0xf8, 0xc, 0xa, 0x40, 0x1f,
    0xe6, 0x19, 0xb, 0x0, 0xff, 0x59, 0x32, 0x30,
    0x7, 0xf2, 0x15, 0x87, 0x83, 0x80, 0x7e, 0xf1,
    0x60, 0x42, 0xa0, 0xf, 0x89, 0x18, 0x2, 0xb2,
    0x50, 0xf, 0x58, 0x48, 0x4, 0xc3, 0x20, 0x1c,
    0x2c, 0x1d, 0xff, 0x84, 0xcc, 0x1, 0x98, 0x1d,
    0xfe, 0x9, 0x0, 0xd2, 0x51, 0x1f, 0x22, 0x88,
    0x1, 0x46, 0xc0, 0x3e, 0xf0, 0x90, 0x4, 0x83,
    0x80, 0x7c, 0x82, 0xc0,

    /* U+00C4 "Ä" */
    0x0, 0xec, 0x90, 0x7e, 0x10, 0xf, 0xe7, 0x0,
    0x9, 0x80, 0x7f, 0xae, 0x41, 0xb4, 0x40, 0x3f,
    0xd1, 0xf4, 0x1, 0xff, 0xc0, 0x60, 0x52, 0x0,
    0xff, 0x30, 0xc8, 0x58, 0x7, 0xfa, 0xc9, 0x91,
    0x80, 0x3f, 0x90, 0xac, 0x3c, 0x1c, 0x3, 0xf7,
    0x8b, 0x2, 0x15, 0x0, 0x7c, 0x48, 0xc0, 0x15,
    0x92, 0x80, 0x7a, 0xc2, 0x40, 0x26, 0x19, 0x0,
    0xe1, 0x60, 0xef, 0xfc, 0x26, 0x60, 0xc, 0xc0,
    0xef, 0xf0, 0x48, 0x6, 0x92, 0x88, 0xf9, 0x14,
    0x40, 0xa, 0x36, 0x1, 0xf7, 0x84, 0x80, 0x24,
    0x1c, 0x3, 0xe4, 0x16, 0x0,

    /* U+00C5 "Å" */
    0x0, 0xf4, 0x64, 0x80, 0x7f, 0xc8, 0x39, 0xce,
    0x1, 0xff, 0xc1, 0x10, 0xf, 0xf9, 0x7, 0x30,
    0xe0, 0x1f, 0xf4, 0x65, 0x0, 0x7f, 0xf0, 0x23,
    0xe8, 0x3, 0xff, 0x80, 0xc0, 0xa4, 0x1, 0xfe,
    0x61, 0x90, 0xb0, 0xf, 0xf5, 0x93, 0x23, 0x0,
    0x7f, 0x21, 0x58, 0x78, 0x38, 0x7, 0xef, 0x16,
    0x4, 0x2a, 0x0, 0xf8, 0x91, 0x80, 0x2b, 0x25,
    0x0, 0xf5, 0x84, 0x80, 0x4c, 0x32, 0x1, 0xc2,
    0xc1, 0xdf, 0xf8, 0x4c, 0xc0, 0x19, 0x81, 0xdf,
    0xe0, 0x90, 0xd, 0x25, 0x11, 0xf2, 0x28, 0x80,
    0x14, 0x6c, 0x3, 0xef, 0x9, 0x0, 0x48, 0x38,
    0x7, 0xc8, 0x2c, 0x0,

    /* U+00C6 "Æ" */
    0x0, 0xfd, 0x9f, 0xff, 0xd2, 0x1, 0xf3, 0x19,
    0x1, 0xaa, 0xfb, 0x0, 0x3e, 0x83, 0x80, 0xba,
    0xaf, 0x28, 0x7, 0xa0, 0x7c, 0x3, 0xff, 0x86,
    0x4e, 0xc6, 0x1, 0xff, 0xc3, 0x91, 0x80, 0xa,
    0xe6, 0x79, 0xc0, 0x39, 0x11, 0x2, 0x1, 0x1b,
    0x37, 0x58, 0x7, 0x49, 0x30, 0x6, 0x8f, 0xfe,
    0xc0, 0xc, 0xc4, 0x4f, 0xfa, 0x80, 0x3f, 0xe1,
    0x83, 0x77, 0xca, 0x1, 0xff, 0x40, 0xf4, 0x46,
    0xf0, 0xf, 0xf1, 0x32, 0x90, 0x7, 0xae, 0xab,
    0xd0, 0x12, 0x10, 0x1, 0xf1, 0xaa, 0xfc,

    /* U+00C7 "Ç" */
    0x0, 0xcb, 0x7d, 0xfd, 0x6a, 0x1, 0x86, 0xe9,
    0x9, 0x49, 0x2a, 0xc0, 0x2d, 0x44, 0x6e, 0x56,
    0x73, 0x38, 0x1, 0x8d, 0x2c, 0x80, 0x21, 0x9c,
    0x0, 0x58, 0x50, 0x7, 0xf8, 0x8c, 0x40, 0x3f,
    0x84, 0x18, 0x3, 0xfc, 0x20, 0xc0, 0x1f, 0xf1,
    0x18, 0x80, 0x7f, 0xac, 0x28, 0x3, 0xfc, 0xc6,
    0x96, 0x40, 0x10, 0xd6, 0x8, 0x3, 0x51, 0x1b,
    0x97, 0x9c, 0xae, 0x20, 0x1, 0xba, 0x43, 0x42,
    0x4a, 0xb0, 0xe, 0x5b, 0xb1, 0xf5, 0xa8, 0x7,
    0xe7, 0x76, 0x80, 0x7f, 0x9, 0x41, 0x10, 0x3,
    0xf3, 0xf6, 0xb9, 0x0, 0x40,

    /* U+00C8 "È" */
    0x0, 0x2c, 0x18, 0x7, 0xe5, 0x3c, 0x40, 0xf,
    0xd6, 0xf6, 0x60, 0x1f, 0xa3, 0xcc, 0x3, 0xf,
    0xff, 0xec, 0x0, 0x85, 0x57, 0xd6, 0x1, 0x2d,
    0x57, 0x9c, 0x3, 0xff, 0x9a, 0xd3, 0x3e, 0x0,
    0xc4, 0xcd, 0xe0, 0xc, 0x9f, 0xfe, 0x0, 0xff,
    0xec, 0xad, 0x57, 0xc0, 0x10, 0xaa, 0xfc, 0x0,

    /* U+00C9 "É" */
    0x0, 0xf3, 0x41, 0x0, 0x7d, 0x13, 0xc4, 0x1,
    0xe8, 0x6b, 0x60, 0xf, 0xa3, 0x90, 0x3, 0xf,
    0xff, 0xec, 0x0, 0x85, 0x57, 0xd6, 0x1, 0x2d,
    0x57, 0x9c, 0x3, 0xff, 0x9a, 0xd3, 0x3e, 0x0,
    0xc4, 0xcd, 0xe0, 0xc, 0x9f, 0xfe, 0x0, 0xff,
    0xec, 0xad, 0x57, 0xc0, 0x10, 0xaa, 0xfc, 0x0,

    /* U+00CA "Ê" */
    0x0, 0xcb, 0x6, 0x1, 0xf3, 0xd2, 0x69, 0x0,
    0x73, 0x45, 0xe3, 0xe1, 0x0, 0x66, 0xf4, 0x9,
    0xe2, 0x0, 0xf, 0xff, 0xec, 0x0, 0x85, 0x57,
    0xd6, 0x1, 0x2d, 0x57, 0x9c, 0x3, 0xff, 0x9a,
    0xd3, 0x3e, 0x0, 0xc4, 0xcd, 0xe0, 0xc, 0x9f,
    0xfe, 0x0, 0xff, 0xec, 0xad, 0x57, 0xc0, 0x10,
    0xaa, 0xfc, 0x0,

    /* U+00CB "Ë" */
    0x0, 0xf, 0x30, 0x5d, 0x80, 0x3c, 0x66, 0x1,
    0x10, 0x7, 0xe, 0xa8, 0x55, 0x0, 0x21, 0xff,
    0xfd, 0x80, 0x10, 0xaa, 0xfa, 0xc0, 0x25, 0xaa,
    0xf3, 0x80, 0x7f, 0xf3, 0x5a, 0x67, 0xc0, 0x18,
    0x99, 0xbc, 0x1, 0x93, 0xff, 0xc0, 0x1f, 0xfd,
    0x95, 0xaa, 0xf8, 0x2, 0x15, 0x5f, 0x80,

    /* U+00CC "Ì" */
    0x17, 0x70, 0x4, 0x25, 0x14, 0x1, 0x2e, 0x25,
    0x0, 0x47, 0xd4, 0x1, 0xf, 0xd8, 0x7, 0xff,
    0xf4,

    /* U+00CD "Í" */
    0x0, 0x14, 0x30, 0x0, 0xb1, 0x1c, 0xb, 0x13,
    0x4, 0xb, 0xa8, 0x2, 0x1f, 0xb0, 0xf, 0xff,
    0xf8,

    /* U+00CE "Î" */
    0x0, 0x14, 0x30, 0x6, 0x1c, 0x49, 0x90, 0x0,
    0x71, 0x33, 0xf, 0x0, 0x3b, 0x40, 0x7d, 0x0,
    0x10, 0xfd, 0x80, 0x7f, 0xff, 0xc0, 0x3f, 0xf9,
    0x80,

    /* U+00CF "Ï" */
    0x9d, 0x4, 0xe3, 0x11, 0x0, 0x68, 0xc0, 0x4e,
    0x30, 0x1f, 0xb0, 0xf, 0xff, 0xf0,

    /* U+00D0 "Ð" */
    0x0, 0x7f, 0xfb, 0x69, 0x40, 0x3e, 0x15, 0x5c,
    0x2b, 0x56, 0x20, 0x1c, 0x75, 0x5b, 0x39, 0x53,
    0x40, 0x3f, 0xe1, 0xa5, 0x36, 0x0, 0xff, 0xe0,
    0x58, 0x58, 0x9, 0x1, 0x16, 0x0, 0xc2, 0x64,
    0x19, 0xa0, 0xd, 0xd9, 0x80, 0x33, 0x0, 0xcd,
    0x0, 0x2a, 0xa7, 0x0, 0xcc, 0x2, 0x8a, 0x4,
    0xab, 0x8, 0x4, 0x26, 0x40, 0x1f, 0xfc, 0x8,
    0xa, 0x0, 0xff, 0xd, 0x31, 0xb8, 0x6, 0x3a,
    0xad, 0x9c, 0xa9, 0xa0, 0x1c, 0x2a, 0xb8, 0x92,
    0xac, 0x40, 0x0,

    /* U+00D1 "Ñ" */
    0x0, 0x8b, 0xb0, 0x42, 0x5c, 0x3, 0xa5, 0xef,
    0x45, 0xc, 0x3, 0x96, 0x9d, 0x38, 0x50, 0x3,
    0xb0, 0xc2, 0x3b, 0x0, 0x21, 0xfb, 0x20, 0x8,
    0x40, 0x7e, 0xc0, 0x9, 0x0, 0x1f, 0xf3, 0xa8,
    0x7, 0xf1, 0x5, 0x10, 0x7, 0xe6, 0x90, 0xf0,
    0xf, 0xe6, 0x61, 0x50, 0x7, 0xf4, 0x9a, 0xb0,
    0x7, 0xf6, 0x8c, 0x98, 0x7, 0xe1, 0xa0, 0xd3,
    0x0, 0xfc, 0x90, 0x3e, 0x1, 0xfc, 0xe8, 0x40,
    0x1f, 0xea, 0x20, 0xf, 0xf0, 0xf8, 0x0,

    /* U+00D2 "Ò" */
    0x0, 0xc7, 0xda, 0x20, 0x1f, 0xf1, 0xf8, 0xe0,
    0x80, 0x7f, 0xc3, 0x94, 0x80, 0x1f, 0xfc, 0x17,
    0x50, 0xf, 0xf2, 0xd7, 0x7f, 0x5b, 0x0, 0x78,
    0x6e, 0x94, 0x90, 0x92, 0x70, 0x40, 0x36, 0xa2,
    0x3b, 0x2f, 0x39, 0x4f, 0x0, 0x26, 0x34, 0xb1,
    0x0, 0x86, 0x98, 0xa0, 0x1, 0x61, 0x40, 0x1f,
    0x48, 0x30, 0x0, 0x8c, 0x40, 0x3f, 0x28, 0x90,
    0x83, 0x0, 0x7f, 0x18, 0x8, 0x81, 0x80, 0x3f,
    0x8c, 0x4, 0x8, 0xc4, 0x3, 0xf2, 0x89, 0x5,
    0x85, 0x0, 0x7d, 0x20, 0xc0, 0x6, 0x34, 0xb2,
    0x0, 0x86, 0x98, 0xa0, 0x2, 0xd4, 0x46, 0xe5,
    0xe7, 0x29, 0xe0, 0x6, 0x1b, 0xb2, 0x12, 0x12,
    0x56, 0x8, 0x0,

    /* U+00D3 "Ó" */
    0x0, 0xfd, 0x9e, 0xa0, 0x1f, 0xf6, 0x16, 0xa8,
    0x7, 0xf9, 0x2f, 0xc8, 0x3, 0xfe, 0x47, 0x10,
    0xf, 0xf2, 0xd7, 0x7f, 0x5b, 0x0, 0x78, 0x6e,
    0x94, 0x90, 0x92, 0x70, 0x40, 0x36, 0xa2, 0x3b,
    0x2f, 0x39, 0x4f, 0x0, 0x26, 0x34, 0xb1, 0x0,
    0x86, 0x98, 0xa0, 0x1, 0x61, 0x40, 0x1f, 0x48,
    0x30, 0x0, 0x8c, 0x40, 0x3f, 0x28, 0x90, 0x83,
    0x0, 0x7f, 0x18, 0x8, 0x81, 0x80, 0x3f, 0x8c,
    0x4, 0x8, 0xc4, 0x3, 0xf2, 0x89, 0x5, 0x85,
    0x0, 0x7d, 0x20, 0xc0, 0x6, 0x34, 0xb2, 0x0,
    0x86, 0x98, 0xa0, 0x2, 0xd4, 0x46, 0xe5, 0xe7,
    0x29, 0xe0, 0x6, 0x1b, 0xb2, 0x12, 0x12, 0x56,
    0x8, 0x0,

    /* U+00D4 "Ô" */
    0x0, 0xf5, 0xfe, 0x88, 0x7, 0xfa, 0x97, 0x7,
    0x40, 0x3f, 0x8f, 0x7c, 0xf2, 0xd0, 0x3, 0xf1,
    0xb8, 0x80, 0x1d, 0x0, 0x3f, 0x2d, 0x77, 0xf5,
    0xb0, 0x7, 0x86, 0xe9, 0x49, 0x9, 0x27, 0x4,
    0x3, 0x6a, 0x23, 0xb2, 0xf3, 0x94, 0xf0, 0x2,
    0x63, 0x4b, 0x10, 0x8, 0x69, 0x8a, 0x0, 0x16,
    0x14, 0x1, 0xf4, 0x83, 0x0, 0x8, 0xc4, 0x3,
    0xf2, 0x89, 0x8, 0x30, 0x7, 0xf1, 0x80, 0x88,
    0x18, 0x3, 0xf8, 0xc0, 0x40, 0x8c, 0x40, 0x3f,
    0x28, 0x90, 0x58, 0x50, 0x7, 0xd2, 0xc, 0x0,
    0x63, 0x4b, 0x20, 0x8, 0x69, 0x8a, 0x0, 0x2d,
    0x44, 0x6e, 0x5e, 0x72, 0x9e, 0x0, 0x61, 0xbb,
    0x21, 0x21, 0x25, 0x60, 0x80, 0x0,

    /* U+00D5 "Õ" */
    0x0, 0xeb, 0xe4, 0x5, 0xc0, 0xf, 0xcc, 0xcb,
    0xa3, 0xc5, 0x0, 0xfd, 0x8a, 0xaa, 0xc6, 0xb0,
    0xf, 0xd1, 0x20, 0x9d, 0xe4, 0x1, 0xf9, 0xef,
    0xbf, 0xd6, 0xc0, 0x1e, 0x1b, 0xa5, 0x24, 0x24,
    0x9c, 0x10, 0xd, 0xa8, 0x8e, 0xcb, 0xce, 0x53,
    0xc0, 0x9, 0x8d, 0x2c, 0x40, 0x21, 0xa6, 0x28,
    0x0, 0x58, 0x50, 0x7, 0xd2, 0xc, 0x0, 0x23,
    0x10, 0xf, 0xca, 0x24, 0x20, 0xc0, 0x1f, 0xc6,
    0x2, 0x20, 0x60, 0xf, 0xe3, 0x1, 0x2, 0x31,
    0x0, 0xfc, 0xa2, 0x41, 0x61, 0x40, 0x1f, 0x48,
    0x30, 0x1, 0x8d, 0x2c, 0x80, 0x21, 0xa6, 0x28,
    0x0, 0xb5, 0x11, 0xb9, 0x79, 0xca, 0x78, 0x1,
    0x86, 0xec, 0x84, 0x84, 0x95, 0x82, 0x0,

    /* U+00D6 "Ö" */
    0x0, 0xeb, 0x90, 0x6d, 0x0, 0xff, 0x31, 0x80,
    0x98, 0x80, 0x7f, 0x6d, 0x3, 0xf0, 0x80, 0x7f,
    0xf2, 0xd6, 0xbb, 0xfa, 0xd8, 0x3, 0xc3, 0x74,
    0xa4, 0x84, 0x93, 0x82, 0x1, 0xb5, 0x11, 0xd9,
    0x79, 0xca, 0x78, 0x1, 0x31, 0xa5, 0x88, 0x4,
    0x34, 0xc5, 0x0, 0xb, 0xa, 0x0, 0xfa, 0x41,
    0x80, 0x4, 0x62, 0x1, 0xf9, 0x44, 0x84, 0x18,
    0x3, 0xf8, 0xc0, 0x44, 0xc, 0x1, 0xfc, 0x60,
    0x20, 0x46, 0x20, 0x1f, 0x94, 0x48, 0x2c, 0x28,
    0x3, 0xe9, 0x6, 0x0, 0x31, 0xa5, 0x90, 0x4,
    0x34, 0xc5, 0x0, 0x16, 0xa2, 0x37, 0x2f, 0x39,
    0x4f, 0x0, 0x30, 0xdd, 0x90, 0x90, 0x92, 0xb0,
    0x40, 0x0,

    /* U+00D7 "×" */
    0x0, 0xfe, 0x96, 0x0, 0xe, 0x10, 0x2, 0x54,
    0x70, 0x80, 0x12, 0xb5, 0x85, 0xa4, 0x0, 0xa1,
    0x28, 0x30, 0xa, 0xc4, 0xe1, 0x0, 0x14, 0x97,
    0x87, 0x66, 0x5, 0x48, 0x18, 0x84,

    /* U+00D8 "Ø" */
    0x0, 0xff, 0xc, 0x18, 0x7, 0xff, 0x2, 0x58,
    0xc0, 0x3c, 0xb5, 0xdf, 0xda, 0xf2, 0x1, 0xc3,
    0x74, 0xa4, 0x84, 0x40, 0xa1, 0x0, 0xda, 0x88,
    0xec, 0xbe, 0x0, 0x16, 0x0, 0x4c, 0x69, 0x62,
    0x0, 0x92, 0xf6, 0x28, 0x0, 0x58, 0x50, 0x4,
    0x69, 0x21, 0x20, 0xc0, 0x2, 0x31, 0x0, 0xbc,
    0xd0, 0x0, 0xa2, 0x42, 0xc, 0x1, 0x29, 0xf8,
    0x4, 0x60, 0x22, 0x6, 0x0, 0xa1, 0x4c, 0x2,
    0x30, 0x10, 0x23, 0x10, 0x62, 0x80, 0xc, 0xa2,
    0x41, 0x61, 0x41, 0xc, 0x40, 0x14, 0x83, 0x0,
    0x18, 0xd3, 0xc6, 0x0, 0x3, 0x4c, 0x50, 0x1,
    0x69, 0x80, 0x36, 0xf3, 0x94, 0xf0, 0x3, 0xa,
    0x1, 0x92, 0x12, 0x56, 0x8, 0x6, 0x17, 0x8c,
    0xef, 0xeb, 0x50, 0xc,

    /* U+00D9 "Ù" */
    0x0, 0xa3, 0xe0, 0x3, 0xfa, 0x25, 0xe0, 0x3,
    0xf9, 0xb3, 0xc4, 0x3, 0xf8, 0xdc, 0x40, 0x31,
    0xfc, 0x80, 0x79, 0x7d, 0xc0, 0x3f, 0xff, 0xe0,
    0x1f, 0x84, 0x40, 0x40, 0x1e, 0x30, 0x32, 0x14,
    0x0, 0xf6, 0x83, 0x83, 0x5, 0x88, 0x5, 0x8,
    0x82, 0x8, 0x34, 0xec, 0xbe, 0x71, 0xa0, 0xb,
    0x20, 0xcc, 0x86, 0xfe, 0x20,

    /* U+00DA "Ú" */
    0x0, 0xf2, 0x7d, 0x88, 0x7, 0xc9, 0x6d, 0x62,
    0x1, 0xf1, 0xd4, 0x80, 0x7f, 0x3a, 0x80, 0x71,
    0xfc, 0x80, 0x79, 0x7d, 0xc0, 0x3f, 0xff, 0xe0,
    0x1f, 0x84, 0x40, 0x40, 0x1e, 0x30, 0x32, 0x14,
    0x0, 0xf6, 0x83, 0x83, 0x5, 0x88, 0x5, 0x8,
    0x82, 0x8, 0x34, 0xec, 0xbe, 0x71, 0xa0, 0xb,
    0x20, 0xcc, 0x86, 0xfe, 0x20,

    /* U+00DB "Û" */
    0x0, 0xc7, 0xfe, 0x60, 0xf, 0x8f, 0x1a, 0xa5,
    0x80, 0x3c, 0xb5, 0x2b, 0x82, 0x1, 0xe6, 0x50,
    0x1, 0xb8, 0x4, 0x7f, 0x20, 0x1e, 0x5f, 0x70,
    0xf, 0xff, 0xf8, 0x7, 0xe1, 0x10, 0x10, 0x7,
    0x8c, 0xc, 0x85, 0x0, 0x3d, 0xa0, 0xe0, 0xc1,
    0x62, 0x1, 0x42, 0x20, 0x82, 0xd, 0x3b, 0x2f,
    0x9c, 0x68, 0x2, 0xc8, 0x33, 0x21, 0xbf, 0x88,
    0x0,

    /* U+00DC "Ü" */
    0x0, 0x93, 0x48, 0x31, 0xc0, 0x3e, 0x21, 0x2,
    0xf0, 0xf, 0x27, 0x98, 0x74, 0x0, 0x7f, 0xf0,
    0xcf, 0xe4, 0x3, 0xcb, 0xee, 0x1, 0xff, 0xff,
    0x0, 0xfc, 0x22, 0x2, 0x0, 0xf1, 0x81, 0x90,
    0xa0, 0x7, 0xb4, 0x1c, 0x18, 0x2c, 0x40, 0x28,
    0x44, 0x10, 0x41, 0xa7, 0x65, 0xf3, 0x8d, 0x0,
    0x59, 0x6, 0x64, 0x37, 0xf1, 0x0,

    /* U+00DD "Ý" */
    0x0, 0xf8, 0xa1, 0x80, 0x3f, 0x8b, 0x11, 0xc0,
    0x3f, 0x16, 0x26, 0x8, 0x7, 0xe2, 0xea, 0x0,
    0xf6, 0x79, 0x0, 0x79, 0x7d, 0x83, 0xc2, 0x40,
    0x3d, 0x64, 0xc0, 0x6c, 0x8a, 0x1, 0xa0, 0x78,
    0x2, 0x81, 0xb0, 0x8, 0x9d, 0x4c, 0x2, 0x18,
    0x18, 0x0, 0x48, 0x58, 0x7, 0x31, 0xb9, 0x2a,
    0x40, 0x80, 0x7b, 0xc2, 0x6c, 0x9c, 0x3, 0xe3,
    0x54, 0x19, 0x0, 0xfe, 0x80, 0x34, 0x0, 0xfe,
    0x30, 0x70, 0xf, 0xff, 0x0,

    /* U+00DE "Þ" */
    0x1f, 0xb0, 0xf, 0xf9, 0x6a, 0x93, 0x26, 0x10,
    0xe, 0x15, 0x53, 0x32, 0x79, 0xc0, 0x32, 0x7f,
    0xdd, 0x45, 0xa, 0x1, 0xf0, 0xaf, 0x84, 0x0,
    0x7f, 0x11, 0x40, 0x1f, 0xfc, 0x92, 0x28, 0x3,
    0xe1, 0x5f, 0xb, 0x0, 0x93, 0xfe, 0xea, 0x28,
    0x60, 0x8, 0x59, 0xb4, 0xf3, 0x80, 0x65, 0x99,
    0xcc, 0x20, 0x1f, 0xfc, 0x30,

    /* U+00DF "ß" */
    0x0, 0x1d, 0xf7, 0xeb, 0x0, 0x64, 0xc4, 0x43,
    0x4, 0xc8, 0x2, 0xa1, 0xda, 0x9d, 0x46, 0x20,
    0x31, 0x62, 0x0, 0xb4, 0x18, 0x18, 0x38, 0x3,
    0x70, 0x30, 0x4, 0x60, 0x1, 0x77, 0x29, 0x0,
    0x71, 0xf4, 0x7, 0x0, 0x78, 0x9d, 0x86, 0xd8,
    0x3, 0x86, 0x27, 0x8a, 0x44, 0x3, 0xf5, 0x82,
    0x0, 0x7f, 0xf1, 0xec, 0x10, 0x3, 0x4c, 0xab,
    0x89, 0xc4, 0x3, 0x2b, 0x29, 0x54, 0x0,

    /* U+00E0 "à" */
    0x0, 0x3f, 0xc8, 0x7, 0xcf, 0x4d, 0x20, 0x1f,
    0x2e, 0x1, 0x0, 0x7c, 0x72, 0x40, 0x1c, 0xf9,
    0xfe, 0xc5, 0x0, 0xa6, 0x1, 0x98, 0x55, 0x0,
    0x8, 0xcc, 0x4c, 0xb8, 0x9c, 0x0, 0x26, 0x1,
    0x90, 0x8, 0x6, 0x7b, 0xfe, 0x60, 0x10, 0xa6,
    0x9b, 0xcc, 0x28, 0x4, 0x88, 0x74, 0x33, 0x10,
    0x6, 0x70, 0x8, 0x58, 0x2, 0x63, 0xa6, 0x8f,
    0x0, 0xd2, 0xee, 0x96, 0x64, 0x80, 0x0,

    /* U+00E1 "á" */
    0x0, 0xe3, 0xfd, 0x10, 0xe, 0x2d, 0x4d, 0x10,
    0xe, 0x59, 0xb0, 0xf, 0x9d, 0xc0, 0x1e, 0x7c,
    0xff, 0x62, 0x80, 0x53, 0x0, 0xcc, 0x2a, 0x80,
    0x4, 0x66, 0x26, 0x5c, 0x4e, 0x0, 0x13, 0x0,
    0xc8, 0x4, 0x3, 0x3d, 0xff, 0x30, 0x8, 0x53,
    0x4d, 0xe6, 0x14, 0x2, 0x44, 0x3a, 0x19, 0x88,
    0x3, 0x38, 0x4, 0x2c, 0x1, 0x31, 0xd3, 0x47,
    0x80, 0x69, 0x77, 0x4b, 0x32, 0x40, 0x0,

    /* U+00E2 "â" */
    0x0, 0x8b, 0xbe, 0x0, 0x38, 0x71, 0x69, 0xdc,
    0x1, 0x9e, 0x6d, 0x73, 0x84, 0x2, 0x67, 0x0,
    0x1c, 0x88, 0x4, 0xf9, 0xfe, 0xc5, 0x0, 0xa6,
    0x1, 0x98, 0x55, 0x0, 0x8, 0xcc, 0x4c, 0xb8,
    0x9c, 0x0, 0x26, 0x1, 0x90, 0x8, 0x6, 0x7b,
    0xfe, 0x60, 0x10, 0xa6, 0x9b, 0xcc, 0x28, 0x4,
    0x88, 0x74, 0x33, 0x10, 0x6, 0x70, 0x8, 0x58,
    0x2, 0x63, 0xa6, 0x8f, 0x0, 0xd2, 0xee, 0x96,
    0x64, 0x80, 0x0,

    /* U+00E3 "ã" */
    0x0, 0x1f, 0x6a, 0x87, 0x10, 0x5, 0x2d, 0x31,
    0xea, 0x40, 0x15, 0xc2, 0x6f, 0x58, 0x6, 0x10,
    0x8, 0x40, 0x39, 0xf3, 0xfd, 0x8a, 0x1, 0x4c,
    0x3, 0x30, 0xaa, 0x0, 0x11, 0x98, 0x99, 0x71,
    0x38, 0x0, 0x4c, 0x3, 0x20, 0x10, 0xc, 0xf7,
    0xfc, 0xc0, 0x21, 0x4d, 0x37, 0x98, 0x50, 0x9,
    0x10, 0xe8, 0x66, 0x20, 0xc, 0xe0, 0x10, 0xb0,
    0x4, 0xc7, 0x4d, 0x1e, 0x1, 0xa5, 0xdd, 0x2c,
    0xc9, 0x0, 0x0,

    /* U+00E4 "ä" */
    0x0, 0x1f, 0x20, 0x65, 0x0, 0x61, 0x30, 0x3,
    0x98, 0x6, 0x2d, 0x40, 0xb9, 0x0, 0xff, 0xe1,
    0x3e, 0x7f, 0xb1, 0x40, 0x29, 0x80, 0x66, 0x15,
    0x40, 0x2, 0x33, 0x13, 0x2e, 0x27, 0x0, 0x9,
    0x80, 0x64, 0x2, 0x1, 0x9e, 0xff, 0x98, 0x4,
    0x29, 0xa6, 0xf3, 0xa, 0x1, 0x22, 0x1d, 0xc,
    0xc4, 0x1, 0x9c, 0x2, 0x16, 0x0, 0x98, 0xe9,
    0xa3, 0xc0, 0x34, 0xbb, 0xa5, 0x99, 0x20, 0x0,

    /* U+00E5 "å" */
    0x0, 0x86, 0xf1, 0x80, 0x3d, 0x71, 0x94, 0x20,
    0x1f, 0xfc, 0x3b, 0x8c, 0xa1, 0x0, 0xe1, 0xbc,
    0x60, 0xe, 0x7c, 0xff, 0x62, 0x80, 0x53, 0x0,
    0xcc, 0x2a, 0x80, 0x4, 0x66, 0x26, 0x5c, 0x4e,
    0x0, 0x13, 0x0, 0xc8, 0x4, 0x3, 0x3d, 0xff,
    0x30, 0x8, 0x53, 0x4d, 0xe6, 0x14, 0x2, 0x44,
    0x3a, 0x19, 0x88, 0x3, 0x38, 0x4, 0x2c, 0x1,
    0x31, 0xd3, 0x47, 0x80, 0x69, 0x77, 0x4b, 0x32,
    0x40, 0x0,

    /* U+00E6 "æ" */
    0x0, 0x3e, 0x7f, 0xb5, 0x80, 0xab, 0xbf, 0x5c,
    0x3, 0x4c, 0x3, 0x30, 0xe6, 0x5a, 0xa8, 0xc3,
    0x18, 0x1, 0x46, 0xe4, 0xcb, 0x89, 0x8b, 0xaa,
    0x72, 0xe, 0x0, 0x2, 0x40, 0x19, 0x2, 0xc4,
    0x2, 0x73, 0x60, 0x0, 0xcf, 0x7f, 0xcc, 0x13,
    0xff, 0xc6, 0x20, 0xa, 0x69, 0xbc, 0xc2, 0x84,
    0x66, 0x7c, 0x0, 0x45, 0x74, 0x33, 0x0, 0x38,
    0xcf, 0xe0, 0x9, 0xc0, 0x22, 0x50, 0x65, 0x0,
    0x8a, 0x40, 0x26, 0x2d, 0x9a, 0xd1, 0xb1, 0xac,
    0x9a, 0xd6, 0x20, 0x4, 0xc0, 0x32, 0x37, 0xa7,
    0xb1, 0x32, 0x2e, 0x10, 0x0,

    /* U+00E7 "ç" */
    0x0, 0x9f, 0x7f, 0xa8, 0xc0, 0x2d, 0x80, 0x64,
    0x5c, 0x40, 0x92, 0x8d, 0x9a, 0xd3, 0x70, 0x63,
    0x70, 0x8, 0xb0, 0xcc, 0x8, 0x1, 0xff, 0xc5,
    0x30, 0x40, 0xf, 0xcc, 0x6e, 0x1, 0x16, 0x18,
    0x49, 0xc6, 0xcd, 0x69, 0x80, 0x59, 0x0, 0xc8,
    0x8c, 0x30, 0x9, 0xfc, 0xba, 0xcc, 0x3, 0x85,
    0xf8, 0x40, 0x38, 0x4a, 0x4, 0x80, 0x39, 0x7f,
    0x58, 0xc0, 0x0,

    /* U+00E8 "è" */
    0x0, 0x27, 0x68, 0x80, 0x7c, 0x98, 0x1a, 0x1,
    0xf8, 0xb1, 0x14, 0x3, 0xf0, 0xc2, 0x80, 0x7d,
    0x1b, 0xfd, 0x22, 0x1, 0xe, 0xbb, 0x3a, 0x37,
    0x90, 0x2, 0xca, 0xed, 0x15, 0x83, 0x20, 0x5,
    0x52, 0x0, 0x46, 0xe8, 0x26, 0xb, 0xff, 0xce,
    0x4, 0x0, 0x5c, 0xcf, 0x8c, 0xc0, 0xe6, 0x7f,
    0x0, 0x18, 0xa4, 0x3, 0x48, 0x80, 0x24, 0xdb,
    0x6a, 0x79, 0x9c, 0x2, 0xc8, 0x5, 0x62, 0xa6,
    0x0,

    /* U+00E9 "é" */
    0x0, 0xf6, 0x7a, 0x0, 0x7d, 0x85, 0xa8, 0x1,
    0xe5, 0x4f, 0x20, 0xf, 0x96, 0x4, 0x3, 0xe8,
    0xdf, 0xe9, 0x10, 0x8, 0x75, 0xd9, 0xd1, 0xbc,
    0x80, 0x16, 0x57, 0x68, 0xac, 0x19, 0x0, 0x2a,
    0x90, 0x2, 0x37, 0x41, 0x30, 0x5f, 0xfe, 0x70,
    0x20, 0x2, 0xe6, 0x7c, 0x66, 0x7, 0x33, 0xf8,
    0x0, 0xc5, 0x20, 0x1a, 0x44, 0x1, 0x26, 0xdb,
    0x53, 0xcc, 0xe0, 0x16, 0x40, 0x2b, 0x15, 0x30,
    0x0,

    /* U+00EA "ê" */
    0x0, 0xd7, 0xf8, 0x1, 0xf5, 0x2d, 0x8d, 0x80,
    0x72, 0x1f, 0xa6, 0x1a, 0x0, 0x64, 0x91, 0x1,
    0x84, 0x0, 0xe8, 0xdf, 0xe9, 0x10, 0x8, 0x75,
    0xd9, 0xd1, 0xbc, 0x80, 0x16, 0x57, 0x68, 0xac,
    0x19, 0x0, 0x2a, 0x90, 0x2, 0x37, 0x41, 0x30,
    0x5f, 0xfe, 0x70, 0x20, 0x2, 0xe6, 0x7c, 0x66,
    0x7, 0x33, 0xf8, 0x0, 0xc5, 0x20, 0x1a, 0x44,
    0x1, 0x26, 0xdb, 0x53, 0xcc, 0xe0, 0x16, 0x40,
    0x2b, 0x15, 0x30, 0x0,

    /* U+00EB "ë" */
    0x0, 0xb6, 0x42, 0x34, 0x3, 0xc2, 0x20, 0xf1,
    0x0, 0xf6, 0x40, 0x3e, 0x0, 0x7f, 0xf1, 0x63,
    0x7f, 0xa4, 0x40, 0x21, 0xd7, 0x67, 0x46, 0xf2,
    0x0, 0x59, 0x5d, 0xa2, 0xb0, 0x64, 0x0, 0xaa,
    0x40, 0x8, 0xdd, 0x4, 0xc1, 0x7f, 0xf9, 0xc0,
    0x80, 0xb, 0x99, 0xf1, 0x98, 0x1c, 0xcf, 0xe0,
    0x3, 0x14, 0x80, 0x69, 0x10, 0x4, 0x9b, 0x6d,
    0x4f, 0x33, 0x80, 0x59, 0x0, 0xac, 0x54, 0xc0,

    /* U+00EC "ì" */
    0x4e, 0xd1, 0x4, 0xc0, 0xd1, 0x2, 0xcb, 0x40,
    0x0, 0xba, 0x80, 0x17, 0xd4, 0x3, 0xff, 0xc2,

    /* U+00ED "í" */
    0x1, 0xde, 0x40, 0xd0, 0xc4, 0x45, 0xe1, 0x2,
    0x38, 0x80, 0x17, 0xd4, 0x3, 0xff, 0xc6,

    /* U+00EE "î" */
    0x0, 0x5f, 0xd8, 0x4, 0xe9, 0x48, 0xe0, 0xf,
    0xc5, 0xcf, 0x0, 0x41, 0x81, 0xc0, 0x4, 0xbe,
    0xa0, 0x1f, 0xff, 0x50,

    /* U+00EF "ï" */
    0x7d, 0xd, 0x71, 0x10, 0x8, 0x9b, 0x3, 0x18,
    0x3, 0xcb, 0xea, 0x1, 0xff, 0xe2,

    /* U+00F0 "ð" */
    0x0, 0x15, 0x18, 0x7, 0xe1, 0xc8, 0x3a, 0xd0,
    0x8, 0xad, 0x5f, 0xb, 0x0, 0x24, 0xc4, 0x60,
    0x11, 0x0, 0x5b, 0x5d, 0x32, 0x65, 0x0, 0xa5,
    0x84, 0x19, 0x2c, 0x2, 0x7e, 0xe7, 0xde, 0x8a,
    0x84, 0xc1, 0x4d, 0x14, 0x7, 0x8b, 0x16, 0x32,
    0xcc, 0x81, 0xc8, 0x14, 0x3, 0x30, 0x7, 0xfc,
    0xc6, 0x2c, 0x20, 0x14, 0x6, 0x84, 0xf, 0xcc,
    0x63, 0x23, 0x3, 0x59, 0x33, 0x84, 0xd8, 0x0,

    /* U+00F1 "ñ" */
    0x0, 0x1f, 0x6a, 0x87, 0x8, 0x5, 0x13, 0x28,
    0xf4, 0x10, 0xa, 0x9d, 0x37, 0xa8, 0x3, 0x8,
    0x4, 0x20, 0x12, 0xfa, 0xbe, 0xff, 0x48, 0x80,
    0x57, 0xe, 0xe2, 0x6c, 0x0, 0x87, 0x2a, 0x31,
    0x89, 0x80, 0xc, 0x60, 0x15, 0x87, 0x80, 0x3c,
    0x3, 0x10, 0x18, 0x0, 0xc0, 0x3c, 0x20, 0x1f,
    0xfd, 0xc0,

    /* U+00F2 "ò" */
    0x0, 0x16, 0xf1, 0x0, 0x7c, 0x58, 0x58, 0x40,
    0x1f, 0xe, 0x4a, 0x80, 0x7f, 0x3b, 0x80, 0x3e,
    0x7d, 0xfe, 0xa3, 0x0, 0xdb, 0x0, 0xc8, 0xb8,
    0xa0, 0x9, 0x28, 0xd9, 0xad, 0x1a, 0x10, 0x63,
    0x70, 0x8, 0xa0, 0x18, 0xc1, 0x0, 0x39, 0x3,
    0x80, 0x3f, 0xe3, 0x5, 0x0, 0xe4, 0xe, 0x6,
    0x28, 0x0, 0x8a, 0x1, 0x82, 0x4d, 0xf6, 0x6b,
    0x46, 0x84, 0x1, 0x90, 0xc, 0x8b, 0x8a, 0x0,

    /* U+00F3 "ó" */
    0x0, 0xf5, 0x7b, 0x0, 0x7d, 0x2b, 0x6c, 0x1,
    0xe3, 0xd, 0x40, 0xf, 0x8e, 0x48, 0x3, 0xe7,
    0xdf, 0xea, 0x30, 0xd, 0xb0, 0xc, 0x8b, 0x8a,
    0x0, 0x92, 0x8d, 0x9a, 0xd1, 0xa1, 0x6, 0x37,
    0x0, 0x8a, 0x1, 0x8c, 0x10, 0x3, 0x90, 0x38,
    0x3, 0xfe, 0x30, 0x50, 0xe, 0x40, 0xe0, 0x62,
    0x80, 0x8, 0xa0, 0x18, 0x24, 0xdf, 0x66, 0xb4,
    0x68, 0x40, 0x19, 0x0, 0xc8, 0xb8, 0xa0,

    /* U+00F4 "ô" */
    0x0, 0xd3, 0xfc, 0x20, 0x1e, 0x86, 0xa2, 0xc1,
    0x0, 0xc4, 0x38, 0xb8, 0xae, 0x1, 0x8a, 0x4c,
    0x1, 0xc, 0x1, 0xcf, 0xbf, 0xd4, 0x60, 0x1b,
    0x60, 0x19, 0x17, 0x14, 0x1, 0x25, 0x1b, 0x35,
    0xa3, 0x42, 0xc, 0x6e, 0x1, 0x14, 0x3, 0x18,
    0x20, 0x7, 0x20, 0x70, 0x7, 0xfc, 0x60, 0xa0,
    0x1c, 0x81, 0xc0, 0xc5, 0x0, 0x11, 0x40, 0x30,
    0x49, 0xbe, 0xcd, 0x68, 0xd0, 0x80, 0x32, 0x1,
    0x91, 0x71, 0x40,

    /* U+00F5 "õ" */
    0x0, 0xab, 0xe8, 0x5e, 0x80, 0x31, 0xa6, 0x17,
    0x44, 0x80, 0x63, 0xf3, 0x8f, 0xf1, 0x80, 0x70,
    0x80, 0x7f, 0x9f, 0x7f, 0xa8, 0xc0, 0x36, 0xc0,
    0x32, 0x2e, 0x28, 0x2, 0x4a, 0x36, 0x6b, 0x46,
    0x84, 0x18, 0xdc, 0x2, 0x28, 0x6, 0x30, 0x40,
    0xe, 0x40, 0xe0, 0xf, 0xf8, 0xc1, 0x40, 0x39,
    0x3, 0x81, 0x8a, 0x0, 0x22, 0x80, 0x60, 0x93,
    0x7d, 0x9a, 0xd1, 0xa1, 0x0, 0x64, 0x3, 0x22,
    0xe2, 0x80,

    /* U+00F6 "ö" */
    0x0, 0xaa, 0xc1, 0x78, 0x80, 0x38, 0xc4, 0x4,
    0xc0, 0x3d, 0x34, 0x9, 0xa4, 0x1, 0xff, 0xc4,
    0x7d, 0xfe, 0xa3, 0x0, 0xdb, 0x0, 0xc8, 0xb8,
    0xa0, 0x9, 0x28, 0xd9, 0xad, 0x1a, 0x10, 0x63,
    0x70, 0x8, 0xa0, 0x18, 0xc1, 0x0, 0x39, 0x3,
    0x80, 0x3f, 0xe3, 0x5, 0x0, 0xe4, 0xe, 0x6,
    0x28, 0x0, 0x8a, 0x1, 0x82, 0x4d, 0xf6, 0x6b,
    0x46, 0x84, 0x1, 0x90, 0xc, 0x8b, 0x8a, 0x0,

    /* U+00F7 "÷" */
    0x0, 0xc4, 0x1, 0xf5, 0x69, 0x0, 0x78, 0x84,
    0xc0, 0x3d, 0x1c, 0x20, 0x10, 0x91, 0x7c, 0x1b,
    0xbf, 0x92, 0x2a, 0xbe, 0x54, 0x55, 0x9d, 0x56,
    0x10, 0xa, 0xb4, 0x80, 0x3c, 0x42, 0x60, 0x10,

    /* U+00F8 "ø" */
    0x0, 0xf8, 0xbc, 0x80, 0x33, 0xef, 0xf6, 0x91,
    0x0, 0x2d, 0x80, 0x63, 0x2, 0x50, 0x4, 0x94,
    0x6c, 0xa1, 0x8d, 0x8, 0x31, 0xb8, 0x13, 0x74,
    0x3, 0x18, 0x20, 0x2, 0x14, 0x90, 0x38, 0x3,
    0x12, 0xc0, 0x6, 0x30, 0x50, 0x85, 0x20, 0x40,
    0xe0, 0x62, 0xa5, 0x80, 0x28, 0x6, 0x9, 0x35,
    0xb, 0xad, 0x1a, 0x10, 0x7, 0x0, 0x19, 0x17,
    0x14, 0x2, 0x85, 0xff, 0x75, 0x18, 0x6, 0xd8,
    0x0, 0xf8,

    /* U+00F9 "ù" */
    0x0, 0x4f, 0xb8, 0x7, 0xd3, 0x10, 0x60, 0xf,
    0x9e, 0xf8, 0x40, 0x3e, 0x48, 0x10, 0x9, 0xfd,
    0x0, 0x31, 0xfc, 0x0, 0x7f, 0xf8, 0xdc, 0x0,
    0x20, 0x40, 0x18, 0xc0, 0x8, 0x16, 0x20, 0x2,
    0x90, 0x1, 0x29, 0x7d, 0x5e, 0x98, 0x5, 0x50,
    0x6a, 0xa7, 0xf0, 0x0,

    /* U+00FA "ú" */
    0x0, 0xe5, 0xfb, 0x0, 0xf2, 0xd3, 0xd8, 0x7,
    0x8a, 0xa0, 0x3, 0xe7, 0x50, 0xc, 0xfe, 0x80,
    0x18, 0xfe, 0x0, 0x3f, 0xfc, 0x6e, 0x0, 0x10,
    0x20, 0xc, 0x60, 0x4, 0xb, 0x10, 0x1, 0x48,
    0x0, 0x94, 0xbe, 0xaf, 0x4c, 0x2, 0xa8, 0x35,
    0x53, 0xf8, 0x0,

    /* U+00FB "û" */
    0x0, 0x93, 0xfc, 0xa0, 0x1c, 0x76, 0xf1, 0x4a,
    0x1, 0x92, 0xa1, 0xec, 0x80, 0x33, 0xa8, 0x1,
    0x1c, 0x0, 0xfe, 0x80, 0x18, 0xfe, 0x0, 0x3f,
    0xfc, 0x6e, 0x0, 0x10, 0x20, 0xc, 0x60, 0x4,
    0xb, 0x10, 0x1, 0x48, 0x0, 0x94, 0xbe, 0xaf,
    0x4c, 0x2, 0xa8, 0x35, 0x53, 0xf8, 0x0,

    /* U+00FC "ü" */
    0x0, 0x2f, 0x10, 0xf3, 0x80, 0x71, 0x80, 0xc,
    0x40, 0x32, 0xe9, 0xe, 0xb0, 0x7, 0xff, 0x1,
    0xfd, 0x0, 0x31, 0xfc, 0x0, 0x7f, 0xf8, 0xdc,
    0x0, 0x20, 0x40, 0x18, 0xc0, 0x8, 0x16, 0x20,
    0x2, 0x90, 0x1, 0x29, 0x7d, 0x5e, 0x98, 0x5,
    0x50, 0x6a, 0xa7, 0xf0, 0x0,

    /* U+00FD "ý" */
    0x0, 0xf4, 0xfb, 0x80, 0x7e, 0x96, 0xa7, 0x0,
    0xf8, 0x87, 0x14, 0x3, 0xf1, 0x41, 0x80, 0x7b,
    0x78, 0x3, 0xdb, 0xa0, 0x5, 0x8b, 0x0, 0x63,
    0x2a, 0x0, 0x30, 0x50, 0x6, 0x90, 0x60, 0x9,
    0x8c, 0xc0, 0x1, 0x55, 0x8, 0x5, 0x61, 0x40,
    0x6, 0x9, 0x0, 0xc4, 0x6c, 0x0, 0xa3, 0x30,
    0x7, 0x48, 0x32, 0x15, 0x0, 0x79, 0x46, 0xf8,
    0x58, 0x3, 0xe6, 0x25, 0x60, 0xf, 0xd4, 0x0,
    0xa0, 0xf, 0xc4, 0x8, 0x40, 0x1c, 0x20, 0x7,
    0xf, 0x0, 0xe1, 0xea, 0xa4, 0x1a, 0x0, 0x79,
    0x91, 0xb, 0xa0, 0x1e,

    /* U+00FE "þ" */
    0x5f, 0x50, 0xf, 0xff, 0x3, 0x6f, 0xf5, 0x10,
    0x6, 0x89, 0x16, 0x55, 0x69, 0x80, 0x45, 0x59,
    0x37, 0x60, 0xd0, 0x9, 0x54, 0x1, 0x23, 0x8a,
    0x0, 0x30, 0x3, 0xb0, 0xc, 0x3, 0xff, 0x83,
    0x80, 0x1d, 0x80, 0x60, 0x5, 0x50, 0x4, 0x8e,
    0x28, 0x0, 0x2a, 0xc9, 0xbb, 0x6, 0x80, 0x51,
    0x22, 0xca, 0xad, 0x30, 0xc, 0xdb, 0xfd, 0x44,
    0x1, 0xff, 0xd7,

    /* U+00FF "ÿ" */
    0x0, 0xa7, 0x41, 0x3c, 0xc0, 0x3c, 0x2c, 0xe,
    0x42, 0x1, 0xe8, 0xb0, 0x3d, 0x20, 0xf, 0xfe,
    0x26, 0xf0, 0x7, 0xb7, 0x40, 0xb, 0x16, 0x0,
    0xc6, 0x54, 0x0, 0x60, 0xa0, 0xd, 0x20, 0xc0,
    0x13, 0x19, 0x80, 0x2, 0xaa, 0x10, 0xa, 0xc2,
    0x80, 0xc, 0x12, 0x1, 0x88, 0xd8, 0x1, 0x46,
    0x60, 0xe, 0x90, 0x64, 0x2a, 0x0, 0xf2, 0x8d,
    0xf0, 0xb0, 0x7, 0xcc, 0x4a, 0xc0, 0x1f, 0xa8,
    0x1, 0x40, 0x1f, 0x88, 0x10, 0x80, 0x38, 0x40,
    0xe, 0x1e, 0x1, 0xc3, 0xd5, 0x48, 0x34, 0x0,
    0xf3, 0x22, 0x17, 0x40, 0x3c,

    /* U+2013 "–" */
    0x0, 0xfe, 0xff, 0xfe, 0xcc, 0xfe,

    /* U+2014 "—" */
    0x0, 0xff, 0xe3, 0x7f, 0xff, 0xf1, 0xb3, 0x3f,
    0xf8, 0xc0,

    /* U+2018 "‘" */
    0x2, 0xf0, 0x2, 0x98, 0x2, 0xd4, 0x4, 0xd8,
    0x44, 0x1, 0xbb, 0x82,

    /* U+2019 "’" */
    0xc, 0xd0, 0x13, 0x23, 0x17, 0x3, 0x2, 0x50,
    0x2, 0x78, 0x3, 0x54, 0x0,

    /* U+201C "“" */
    0x2, 0xf0, 0x6, 0x30, 0x29, 0x80, 0x9a, 0x5,
    0xa8, 0x38, 0x10, 0x9b, 0xe, 0x83, 0x88, 0x4,
    0x40, 0x17, 0x70, 0x67, 0x5c,

    /* U+201D "”" */
    0xc, 0xd0, 0x6f, 0x51, 0x32, 0x3c, 0xc, 0x17,
    0x3, 0x80, 0xf0, 0x25, 0x1, 0x7, 0x4, 0xf0,
    0x44, 0x8, 0x6a, 0x82, 0xd0, 0x0,

    /* U+2022 "•" */
    0x5, 0x30, 0x9a, 0xc3, 0x50, 0x2, 0xc0, 0x9b,
    0x80,

    /* U+2026 "…" */
    0x5, 0x60, 0x2, 0x38, 0x0, 0xa0, 0x45, 0x52,
    0x41, 0x70, 0xa1, 0xcf, 0x22, 0x64, 0x40, 0x51,
    0x70, 0xb0, 0xc0,

    /* U+20BF "₿" */
    0x0, 0x98, 0x82, 0x4, 0x3, 0xeb, 0x70, 0x73,
    0x0, 0xff, 0xe2, 0x57, 0xf8, 0xab, 0xc3, 0xe0,
    0x40, 0x33, 0x3b, 0xcc, 0xf, 0xe0, 0x1a, 0xe2,
    0x29, 0xd6, 0x16, 0x0, 0xfe, 0xd0, 0xe0, 0xf,
    0xed, 0xc, 0x0, 0xae, 0x22, 0x9c, 0x66, 0x20,
    0x4, 0xce, 0xf3, 0x18, 0x7, 0xb7, 0xff, 0x6b,
    0x32, 0x80, 0x3f, 0x14, 0x9a, 0x88, 0x7, 0xf3,
    0x1, 0x80, 0x7e, 0x14, 0x2, 0x0, 0x5c, 0x46,
    0xae, 0x18, 0x0, 0x99, 0xdf, 0x22, 0x2d, 0xc2,
    0xbf, 0xc5, 0x5e, 0x19, 0x68, 0x1, 0xff, 0xc2,

    /* U+4E2F "丯" */
    0x0, 0xf0, 0xc1, 0x80, 0x7f, 0x23, 0x80, 0x7f,
    0xb4, 0xc, 0x3, 0xf8, 0xc8, 0x3, 0x8a, 0x23,
    0x21, 0x44, 0x4e, 0x8, 0xef, 0x80, 0xe, 0xf6,
    0x3, 0x7f, 0xd4, 0x15, 0xff, 0x58, 0x7, 0x68,
    0x20, 0x7, 0x44, 0x67, 0x9, 0x88, 0x80, 0x9d,
    0xf0, 0x1, 0xde, 0x60, 0x2f, 0xfb, 0x41, 0xff,
    0xee, 0x0, 0xe6, 0xc, 0x0, 0xe6, 0x88, 0xac,
    0x3a, 0x22, 0x20, 0x87, 0x78, 0x0, 0xae, 0xf0,
    0x3, 0xbf, 0xe1, 0x3f, 0xfc, 0x40, 0x1c, 0x28,
    0x1, 0xfc, 0x61, 0xa0, 0x1f, 0xca, 0xe, 0x1,
    0xfc, 0xde, 0x40, 0x1e,

    /* U+4E30 "丰" */
    0x0, 0xca, 0xe0, 0x1f, 0xdf, 0x20, 0x1f, 0xfc,
    0xf7, 0x88, 0x94, 0x62, 0x30, 0xcb, 0xbc, 0x0,
    0x77, 0xc7, 0xdf, 0xf2, 0x7, 0xfe, 0x20, 0xc,
    0x22, 0x0, 0xe7, 0x88, 0x94, 0x62, 0x30, 0xcb,
    0xbc, 0x0, 0x77, 0xc7, 0xdf, 0xf2, 0x7, 0xfe,
    0x20, 0xc, 0x22, 0x0, 0xe7, 0x88, 0x94, 0x62,
    0x30, 0xcb, 0xbc, 0x0, 0x77, 0xc7, 0xdf, 0xf2,
    0x7, 0xfe, 0x20, 0xc, 0x22, 0x0, 0xff, 0xe9,
    0xd7, 0x0, 0x70,

    /* U+F001 "" */
    0x0, 0xff, 0xe1, 0x13, 0xdd, 0x0, 0x7f, 0xf0,
    0x12, 0x37, 0x50, 0x8a, 0x40, 0x1f, 0xb, 0x57,
    0xdb, 0x90, 0x7, 0xf9, 0xf3, 0xa5, 0x40, 0x3f,
    0xf8, 0x29, 0x6, 0x1, 0xff, 0xc4, 0x10, 0xf,
    0xc9, 0x18, 0x1, 0xff, 0xc0, 0x16, 0xaf, 0xb7,
    0x20, 0xf, 0xf4, 0x67, 0x4a, 0x80, 0x7f, 0xf0,
    0x45, 0xcc, 0x3, 0xff, 0xe2, 0xd3, 0x20, 0xf,
    0xfe, 0x11, 0x74, 0xb3, 0x80, 0x71, 0xae, 0x80,
    0x7a, 0x84, 0x3, 0xc5, 0xb9, 0x4e, 0x1, 0xec,
    0x0, 0xe2, 0x24, 0x90, 0x7, 0xf2, 0x5a, 0x11,
    0xbe, 0x0, 0x80, 0x72, 0x80, 0x72, 0x5e, 0xe4,
    0x8, 0x52, 0x80, 0x49, 0x40, 0x1f, 0xfc, 0x1a,
    0xfe, 0xfb, 0x10, 0xf, 0xfe, 0x0,

    /* U+F002 "" */
    0x0, 0xc5, 0x15, 0x74, 0xc2, 0x1, 0xfe, 0xad,
    0x75, 0x45, 0x9f, 0x60, 0xf, 0x87, 0x54, 0x3,
    0xc3, 0x30, 0x1, 0xea, 0x20, 0x18, 0xde, 0xc5,
    0x0, 0x3a, 0x80, 0x65, 0x40, 0x1c, 0x72, 0x13,
    0xa8, 0x0, 0x58, 0x6, 0xe0, 0x5, 0x90, 0x7,
    0x3a, 0x0, 0xa0, 0x4, 0xa0, 0x5, 0x0, 0xfb,
    0x80, 0x18, 0x1, 0x8, 0x10, 0x7, 0xe6, 0x0,
    0x8, 0x4, 0x20, 0x60, 0x1f, 0x9c, 0x0, 0x20,
    0x12, 0x80, 0xa0, 0x7, 0xdc, 0x0, 0xd0, 0xb,
    0x40, 0x12, 0x20, 0x1c, 0xaa, 0x0, 0x28, 0x4,
    0xc4, 0x5, 0x8a, 0x0, 0x18, 0xa0, 0x4, 0x0,
    0x77, 0x88, 0x15, 0x7f, 0xb9, 0xc0, 0x29, 0x60,
    0xc, 0x5e, 0x60, 0x1f, 0x28, 0xc, 0xb0, 0x6,
    0x1c, 0xb5, 0x32, 0x37, 0xda, 0x20, 0x4, 0xb0,
    0x7, 0x25, 0x66, 0xe4, 0x10, 0x61, 0x0, 0x25,
    0x80, 0x3f, 0xf8, 0x3, 0x84, 0x0, 0x80, 0xf,
    0xfe, 0x8, 0xe1, 0x5, 0x0, 0x7f, 0xf0, 0x87,
    0x79, 0x0,

    /* U+F004 "" */
    0x0, 0x85, 0xe6, 0x10, 0x3, 0x24, 0x4b, 0x88,
    0x7, 0x27, 0xc3, 0x3d, 0xd8, 0x45, 0x76, 0x76,
    0x8f, 0x40, 0x8, 0xac, 0x40, 0x32, 0x6e, 0x90,
    0x3, 0xd, 0x90, 0x2, 0x0, 0x3e, 0x33, 0x0,
    0x7d, 0x0, 0x4, 0x0, 0xff, 0xe2, 0x20, 0x0,
    0x40, 0x3f, 0xf8, 0x82, 0x0, 0x20, 0xf, 0xfe,
    0x21, 0x0, 0x28, 0x3, 0xff, 0x89, 0x40, 0x7,
    0x30, 0xf, 0xfe, 0x11, 0xb8, 0x5, 0x86, 0x1,
    0xff, 0xc0, 0x3c, 0x0, 0xed, 0x20, 0xf, 0xf1,
    0x68, 0x7, 0x87, 0x8, 0x3, 0xf1, 0x60, 0x80,
    0x7c, 0x38, 0x40, 0x1e, 0x2c, 0x10, 0xf, 0xe1,
    0xf1, 0x0, 0xc3, 0x82, 0x1, 0xff, 0x16, 0x8,
    0x0, 0x70, 0x40, 0x3f, 0xf8, 0x25, 0x82, 0x2c,
    0x20, 0xf, 0xfe, 0x19, 0x77, 0x8, 0x3, 0xf0,

    /* U+F005 "" */
    0x0, 0xfe, 0x79, 0x0, 0xff, 0xe2, 0x9c, 0x33,
    0x80, 0x7f, 0xf1, 0x20, 0x1, 0x20, 0x1f, 0xfc,
    0x32, 0x40, 0x0, 0xb8, 0x7, 0xff, 0xa, 0x0,
    0x34, 0x80, 0x7f, 0xc4, 0x8e, 0xa0, 0x18, 0x65,
    0x48, 0x3, 0xa7, 0x7f, 0x6e, 0x0, 0x3c, 0xd5,
    0xbf, 0xb6, 0x46, 0xc4, 0x1, 0xff, 0xc2, 0x24,
    0x53, 0x60, 0xf, 0xfe, 0x21, 0xb0, 0x4b, 0x0,
    0x7f, 0xf0, 0x8f, 0x44, 0x1, 0x2c, 0x1, 0xff,
    0xc0, 0x3c, 0x10, 0xd, 0x2e, 0x1, 0xfe, 0x3c,
    0x0, 0xfb, 0x40, 0x3f, 0xca, 0x1, 0xfb, 0x40,
    0x3f, 0xca, 0x1, 0xf8, 0x80, 0x3f, 0xc4, 0x1,
    0xf9, 0xc0, 0x38, 0x40, 0x30, 0x88, 0x3, 0xe2,
    0x0, 0x9b, 0xb9, 0x22, 0x1, 0x28, 0x7, 0xc2,
    0xd, 0xd2, 0x20, 0xdd, 0x2, 0xe, 0x1, 0xf7,
    0xf4, 0x88, 0x7, 0x3f, 0x69, 0x80, 0x40,

    /* U+F008 "" */
    0x51, 0x6, 0x88, 0xff, 0x18, 0xa, 0xd3, 0x32,
    0x1d, 0xff, 0xd0, 0xd3, 0x41, 0x54, 0x10, 0xcc,
    0xfa, 0x41, 0x69, 0x40, 0x1f, 0x86, 0x26, 0x7f,
    0x28, 0x4e, 0x78, 0x7, 0xff, 0xf, 0xc0, 0x36,
    0xf9, 0x80, 0x7f, 0x9f, 0xf4, 0x1, 0x7a, 0x43,
    0x33, 0xf4, 0x3, 0x6d, 0x80, 0x18, 0x84, 0x19,
    0xbe, 0x40, 0xe2, 0x60, 0x4, 0xd1, 0x87, 0x77,
    0xd4, 0x15, 0x49, 0x0, 0x11, 0x4, 0x7f, 0x98,
    0x4, 0x88, 0x0, 0xb8, 0x20, 0xf, 0xf5, 0xc5,
    0x80, 0x11, 0x2, 0x1, 0xfe, 0xd4, 0x40, 0x2,
    0x28, 0x86, 0xef, 0xef, 0x5, 0xa8, 0x3, 0xce,
    0x30, 0x44, 0xf8, 0xc1, 0xfb, 0xc,

    /* U+F00B "" */
    0x58, 0x89, 0xc0, 0xa2, 0x3f, 0xcb, 0x4e, 0xf4,
    0x1d, 0xbb, 0xff, 0xa8, 0x3, 0xc6, 0x1, 0xff,
    0xd1, 0x40, 0x8, 0x89, 0x80, 0x1f, 0xe4, 0xbf,
    0xfb, 0x45, 0xbf, 0xff, 0xd7, 0x9f, 0xf7, 0xb,
    0xff, 0xff, 0xb0, 0xc0, 0x21, 0x2d, 0x0, 0xff,
    0x18, 0x7, 0xff, 0x30, 0xc0, 0x3f, 0xea, 0x77,
    0xa4, 0xee, 0x1d, 0xff, 0xa8, 0x7f, 0xe3, 0x3,
    0xf, 0xff, 0xe1, 0xb8, 0x8a, 0x8e, 0x23, 0xfe,
    0xb0, 0xf, 0x18, 0x7, 0xff, 0x44, 0x80, 0x31,
    0x68, 0x7, 0xf8, 0xb7, 0xff, 0xb, 0xff, 0xff,
    0xb4,

    /* U+F00C "" */
    0x0, 0xff, 0xe1, 0xa9, 0x0, 0x7f, 0xf0, 0xde,
    0xb4, 0xc0, 0x3f, 0xf8, 0x2f, 0x0, 0xd, 0x0,
    0xff, 0xe0, 0x3c, 0x0, 0x4c, 0x1, 0xff, 0x3c,
    0x0, 0x4d, 0x1, 0x3a, 0x20, 0x1e, 0x78, 0x0,
    0x9a, 0x42, 0x58, 0xb0, 0x40, 0x33, 0xc0, 0x4,
    0xd2, 0x0, 0x40, 0x1, 0x60, 0x80, 0x1e, 0x0,
    0x26, 0x90, 0xb, 0xc4, 0x0, 0x58, 0x2f, 0x0,
    0x13, 0x48, 0x6, 0x2c, 0x10, 0x1, 0x7c, 0x0,
    0x4d, 0x20, 0x1e, 0x2c, 0x10, 0x0, 0x80, 0x4d,
    0x20, 0x1f, 0x8b, 0x4, 0x3, 0x34, 0x80, 0x7f,
    0x8b, 0x4, 0x0, 0xd2, 0x1, 0xff, 0xc0, 0x2c,
    0x27, 0x90, 0xf, 0xe0,

    /* U+F00D "" */
    0x2d, 0xb0, 0xf, 0x37, 0x30, 0x79, 0x26, 0x0,
    0x66, 0x91, 0x93, 0x10, 0x1, 0xe0, 0x1, 0xa4,
    0x3, 0x69, 0x0, 0xf, 0x1e, 0x40, 0x2a, 0x31,
    0xc2, 0x0, 0x1c, 0x0, 0x54, 0xa0, 0x1, 0xc2,
    0x0, 0xea, 0x50, 0xc, 0x34, 0x1, 0x89, 0x40,
    0x39, 0xa0, 0x3, 0x16, 0x0, 0x66, 0x90, 0x8,
    0x80, 0x7, 0x80, 0x6, 0x90, 0xa, 0xb0, 0x80,
    0x7, 0x81, 0x20, 0x15, 0x28, 0xe1, 0x0, 0xd,
    0x5c, 0x1, 0x4a, 0x0, 0x1c, 0x20, 0x25, 0x8a,
    0xc5, 0x0, 0xc3, 0x93, 0x80,

    /* U+F00E "" */
    0x0, 0xc2, 0xd3, 0x50, 0xa0, 0x1f, 0xf4, 0xf4,
    0xb2, 0xbd, 0x72, 0x80, 0x7e, 0xc6, 0x0, 0x84,
    0x0, 0x34, 0xe0, 0x1e, 0xb3, 0x3, 0xcf, 0xef,
    0x90, 0x4, 0x28, 0x6, 0x44, 0x2, 0x61, 0xc6,
    0x1b, 0x68, 0x2, 0xc0, 0x37, 0x0, 0x28, 0x0,
    0x46, 0xe0, 0x52, 0x2, 0x80, 0x12, 0x2, 0x8b,
    0x34, 0x1a, 0xc6, 0xe0, 0xc, 0x0, 0x84, 0x8,
    0x66, 0x46, 0xd, 0x30, 0x22, 0x1, 0x0, 0x84,
    0x8, 0x5d, 0xc4, 0xa, 0xfc, 0x2, 0x2, 0x1,
    0x28, 0x20, 0x44, 0x1c, 0x3a, 0x15, 0x40, 0xd,
    0x0, 0xb4, 0x6, 0x40, 0x6, 0x2e, 0x3, 0x0,
    0x5, 0x0, 0x98, 0x81, 0xa4, 0x67, 0x8c, 0xd8,
    0x41, 0x0, 0x1d, 0xe2, 0xd, 0xd7, 0x5b, 0x84,
    0x0, 0x96, 0x0, 0xc5, 0xe6, 0x0, 0x45, 0x20,
    0x2, 0x80, 0xcb, 0x0, 0x61, 0xcb, 0x53, 0x23,
    0x7d, 0xa2, 0x0, 0x4b, 0x0, 0x72, 0x56, 0x6e,
    0x41, 0x6, 0x10, 0x2, 0x58, 0x3, 0xff, 0x80,
    0x38, 0x40, 0x8, 0x0, 0xff, 0xe0, 0x8e, 0x10,
    0x50, 0x7, 0xff, 0x8, 0x77, 0x90,

    /* U+F010 "" */
    0x0, 0xc2, 0xd3, 0x50, 0xa0, 0x1f, 0xf4, 0xf4,
    0xb2, 0xbd, 0x72, 0x80, 0x7e, 0xc6, 0x0, 0x84,
    0x0, 0x34, 0xe0, 0x1e, 0xb3, 0x3, 0xcf, 0xef,
    0x90, 0x4, 0x28, 0x6, 0x44, 0x2, 0x61, 0x80,
    0x4d, 0xa0, 0xb, 0x0, 0xdc, 0x0, 0xa0, 0xf,
    0x14, 0x80, 0xa0, 0x4, 0x80, 0xa2, 0x46, 0x7c,
    0x2e, 0x0, 0xc0, 0x8, 0x40, 0x83, 0x73, 0x3a,
    0xc4, 0x40, 0x20, 0x10, 0x81, 0x2, 0x19, 0xf6,
    0x80, 0x80, 0x80, 0x4a, 0x8, 0x17, 0x99, 0xce,
    0xa0, 0xd, 0x0, 0xb4, 0x6, 0x40, 0x3c, 0x30,
    0x0, 0x50, 0x9, 0x88, 0x1a, 0x44, 0x2, 0x3c,
    0x20, 0x80, 0xe, 0xf1, 0x6, 0xeb, 0xad, 0xc2,
    0x0, 0x4b, 0x0, 0x62, 0xf3, 0x0, 0x22, 0x90,
    0x1, 0x40, 0x65, 0x80, 0x30, 0xe5, 0xa9, 0x91,
    0xbe, 0xd1, 0x0, 0x25, 0x80, 0x39, 0x2b, 0x37,
    0x20, 0x83, 0x8, 0x1, 0x2c, 0x1, 0xff, 0xc0,
    0x1c, 0x20, 0x4, 0x0, 0x7f, 0xf0, 0x47, 0x8,
    0x28, 0x3, 0xff, 0x84, 0x3b, 0xc8,

    /* U+F011 "" */
    0x0, 0xfd, 0x9a, 0xa0, 0x1f, 0xfc, 0x33, 0x31,
    0x78, 0x7, 0xfc, 0xfc, 0x60, 0x1f, 0x5e, 0x8,
    0x7, 0x44, 0x6, 0x0, 0x3c, 0x88, 0x3c, 0x10,
    0x9, 0x1c, 0x1, 0xa0, 0x1e, 0x51, 0x2, 0xb0,
    0xa, 0x40, 0x10, 0xc0, 0x1e, 0x1c, 0x10, 0x54,
    0x3, 0x20, 0x37, 0x0, 0xfc, 0x50, 0x0, 0xe0,
    0xb0, 0x5, 0x0, 0x7f, 0x98, 0x41, 0x40, 0x80,
    0x8, 0x1, 0xff, 0x28, 0x0, 0x44, 0x0, 0x30,
    0x8, 0x80, 0x4, 0x1, 0xf8, 0x80, 0x4, 0x1,
    0xe, 0xdc, 0x0, 0x66, 0x0, 0xf, 0x80, 0x28,
    0x3, 0x12, 0x0, 0x62, 0x20, 0x10, 0x38, 0x1,
    0x88, 0x3, 0xfa, 0x40, 0xa, 0x2, 0xc0, 0xf,
    0x20, 0xf, 0xa5, 0x0, 0x64, 0x1, 0x26, 0x5,
    0x8e, 0x20, 0x12, 0x63, 0x0, 0x2c, 0x40, 0x2d,
    0x20, 0x18, 0xee, 0x6f, 0xd9, 0x80, 0x25, 0x40,
    0x30, 0xeb, 0x0, 0x42, 0x40, 0x11, 0x5b, 0x0,
    0x7d, 0x3a, 0xe6, 0x20, 0x4b, 0x5a, 0x80, 0x18,

    /* U+F013 "" */
    0x0, 0xf9, 0x19, 0x88, 0x1, 0xff, 0xc1, 0x3b,
    0x99, 0x59, 0x80, 0x7f, 0xf0, 0x1c, 0x3, 0x38,
    0x7, 0xe7, 0x81, 0x7b, 0x0, 0xd6, 0xe3, 0xe,
    0x1, 0x24, 0x3f, 0x40, 0x7, 0xa3, 0x9e, 0x10,
    0x1, 0x20, 0x1f, 0xfc, 0x29, 0x3, 0x20, 0xe,
    0x17, 0x70, 0x80, 0x71, 0x19, 0x9c, 0x3, 0x17,
    0x44, 0x38, 0x80, 0x33, 0x98, 0x42, 0x80, 0x50,
    0x1, 0xa0, 0x2, 0x58, 0x0, 0x84, 0x2, 0x60,
    0xc, 0xc0, 0x10, 0x80, 0x42, 0xe0, 0x15, 0x80,
    0x6b, 0x0, 0x9c, 0x40, 0xfc, 0xc0, 0x27, 0x60,
    0x3, 0x38, 0x4, 0x7e, 0x64, 0x20, 0x1d, 0x3f,
    0xe9, 0x0, 0xe1, 0x21, 0x60, 0xf, 0xfe, 0x13,
    0x8, 0x49, 0x3, 0x88, 0x7, 0x85, 0xc0, 0xa4,
    0x2, 0xce, 0x8f, 0x60, 0xc, 0xdf, 0x1d, 0x80,
    0x18, 0x44, 0x3, 0xa0, 0x1b, 0x44, 0x4, 0x40,
    0x1f, 0x98, 0xc4, 0x44, 0xc0, 0x1f, 0xfc, 0x2,
    0xce, 0xe6, 0x90, 0x7, 0x80,

    /* U+F015 "" */
    0x0, 0xfe, 0x89, 0x20, 0x3, 0x5d, 0x84, 0x3,
    0xfc, 0x5a, 0xed, 0x88, 0x18, 0x88, 0x30, 0xf,
    0xe4, 0xc2, 0x0, 0xd, 0xb0, 0x7, 0xff, 0x1,
    0xac, 0x45, 0x9c, 0x61, 0x2a, 0x1, 0xfe, 0x99,
    0x1, 0x63, 0x33, 0x14, 0x3, 0xfc, 0x36, 0xc0,
    0xbb, 0x54, 0x8b, 0xa8, 0x0, 0x98, 0x3, 0x16,
    0x20, 0x3d, 0x51, 0xc0, 0x9, 0xab, 0x40, 0xb,
    0x50, 0x2, 0x69, 0x5, 0x4e, 0xa8, 0x6, 0x2c,
    0x1d, 0x10, 0xa7, 0x9, 0x1, 0xc6, 0xf2, 0x0,
    0xf0, 0xda, 0x79, 0x84, 0xf, 0x27, 0xb6, 0x8,
    0x7, 0xf4, 0xcb, 0x1a, 0x44, 0xec, 0x7c, 0x3,
    0xff, 0x80, 0xc1, 0x2c, 0x1, 0xfc, 0x4e, 0xe4,
    0x0, 0xff, 0xe2, 0xd4, 0x44, 0x1, 0xff, 0xea,
    0x20, 0xc, 0x40, 0x1, 0x0, 0xc4, 0x1, 0xf4,
    0x7f, 0xe5, 0x0, 0x17, 0xfe, 0xc0, 0xc,

    /* U+F019 "" */
    0x0, 0xfa, 0x6a, 0x92, 0x1, 0xff, 0xc1, 0x36,
    0x55, 0x31, 0x80, 0x7f, 0xf0, 0x1c, 0x3, 0x38,
    0x7, 0xff, 0xfc, 0x3, 0xd9, 0xdc, 0xa0, 0xd,
    0x5d, 0xcc, 0x0, 0xf2, 0x8, 0xc0, 0x18, 0x46,
    0x50, 0xf, 0x43, 0x80, 0x7e, 0x79, 0x0, 0xfa,
    0x1c, 0x3, 0xcf, 0x0, 0x1f, 0xd0, 0xe0, 0x19,
    0xe0, 0x3, 0x89, 0x13, 0xa2, 0x0, 0x8, 0x82,
    0x27, 0x16, 0xdd, 0xf6, 0x34, 0xc9, 0xb6, 0xef,
    0xb4, 0x3, 0xc7, 0xe0, 0xf, 0x20, 0xf, 0xfe,
    0x8, 0xcc, 0x84, 0x3, 0xff, 0x8f, 0x32, 0x3b,
    0x0, 0x10, 0x7, 0xfd, 0x32, 0x3b, 0x2, 0xdf,
    0xff, 0xfe, 0x26, 0x80,

    /* U+F01C "" */
    0x0, 0xe4, 0x4f, 0xf0, 0x80, 0x7e, 0x1e, 0xbb,
    0xff, 0x72, 0x0, 0x7d, 0x42, 0x1, 0xff, 0x50,
    0x80, 0x73, 0x20, 0x57, 0xff, 0xee, 0x1, 0xb0,
    0xc, 0x32, 0xc, 0xa0, 0x1f, 0x86, 0x81, 0x54,
    0x1, 0x50, 0x14, 0x80, 0x7f, 0x95, 0x41, 0x62,
    0xc, 0x81, 0xc0, 0x1f, 0xfc, 0xb, 0x11, 0x58,
    0x40, 0x3, 0xf3, 0x22, 0x0, 0xeb, 0xcc, 0x68,
    0x1, 0x48, 0x40, 0x6, 0x7a, 0x0, 0x33, 0x21,
    0x9c, 0x20, 0x6, 0x0, 0xf9, 0x62, 0x38, 0x3,
    0xff, 0x88, 0xef, 0x84, 0x3, 0xff, 0xca, 0xf0,
    0x1, 0xff, 0xc6, 0x53,

    /* U+F021 "" */
    0x0, 0xf0, 0xab, 0x31, 0x0, 0x32, 0xe5, 0x80,
    0x63, 0xbe, 0xa9, 0x95, 0xfc, 0x90, 0x11, 0xa0,
    0x4, 0xf8, 0x80, 0x1e, 0x6d, 0x61, 0x0, 0xd1,
    0x0, 0x2, 0xdf, 0x6d, 0x20, 0x2, 0x6c, 0x2,
    0x47, 0x1, 0xba, 0x41, 0x25, 0xbb, 0x8, 0x10,
    0x5, 0x20, 0xd, 0x40, 0xc, 0x8a, 0x10, 0x1,
    0x90, 0x82, 0xc, 0x3, 0xa6, 0xae, 0x40, 0x36,
    0x0, 0x18, 0x3, 0xff, 0x85, 0x1b, 0xc2, 0x1,
    0xec, 0xdd, 0xf7, 0x1, 0x8, 0x7, 0xc2, 0x45,
    0xe1, 0x67, 0x7f, 0x28, 0x7, 0xcc, 0xe7, 0x31,
    0x1e, 0xb0, 0xf, 0x1c, 0xc2, 0x80, 0x61, 0x10,
    0x18, 0x7, 0xbc, 0x0, 0xe0, 0x1a, 0x7b, 0xf4,
    0x3, 0xa4, 0xc1, 0x44, 0x3, 0x45, 0x90, 0x6,
    0x2b, 0x60, 0x1b, 0x0, 0x9c, 0x81, 0x37, 0x2a,
    0x73, 0x50, 0x7, 0x4, 0x2, 0xec, 0x60, 0x1,
    0xab, 0x18, 0x1, 0x3c, 0x80, 0x30, 0x8a, 0x7a,
    0xc, 0x44, 0x4d, 0x96, 0x20, 0x15, 0x4a, 0x80,
    0x5, 0xf3, 0xb9, 0xb2, 0x60, 0x1c,

    /* U+F026 "" */
    0x0, 0xf8, 0x90, 0x3, 0xc5, 0x96, 0x1, 0xc5,
    0x82, 0x1, 0xc7, 0x82, 0x0, 0xdf, 0xfb, 0x4,
    0x2, 0x20, 0xf, 0xff, 0x4, 0x22, 0x44, 0x1,
    0x9e, 0xee, 0xd4, 0x0, 0xfd, 0x68, 0x1, 0xfa,
    0xd0, 0x40, 0x3e, 0xbe,

    /* U+F027 "" */
    0x0, 0xf8, 0x90, 0x3, 0xfe, 0x2c, 0xb0, 0xf,
    0xf1, 0x60, 0x80, 0x7f, 0x8f, 0x4, 0x3, 0xed,
    0xff, 0xb0, 0x40, 0x39, 0xc4, 0x8, 0x3, 0xf8,
    0xe3, 0x0, 0x3f, 0xe3, 0x72, 0x50, 0xf, 0xfb,
    0x0, 0x80, 0x3f, 0xe9, 0x4, 0x0, 0xff, 0x19,
    0x41, 0xba, 0x24, 0x40, 0x1c, 0x7e, 0xe1, 0x17,
    0x76, 0xa0, 0x7, 0xff, 0x6, 0xd0, 0x3, 0xff,
    0x83, 0x68, 0x20, 0x1f, 0xfc, 0xb, 0xe0, 0xe,

    /* U+F028 "" */
    0x0, 0xff, 0xe1, 0x88, 0x7, 0xff, 0x1d, 0xf9,
    0x80, 0x3f, 0xe2, 0x40, 0xe, 0x52, 0x98, 0x0,
    0xfe, 0x2c, 0xb0, 0xc, 0x85, 0x86, 0xe8, 0x1,
    0xf1, 0x60, 0x80, 0x65, 0xbb, 0xe, 0x8d, 0x8,
    0x7, 0x1e, 0x8, 0x7, 0x2a, 0x92, 0x86, 0x5,
    0x83, 0x7f, 0xec, 0x10, 0xe, 0x71, 0xa4, 0x53,
    0x60, 0xa0, 0x20, 0xf, 0xe3, 0x8c, 0x8, 0xa,
    0x5, 0x20, 0xf, 0xf8, 0xe0, 0x94, 0xc5, 0x40,
    0x80, 0x80, 0x3f, 0xe3, 0x2, 0x3, 0x10, 0xf0,
    0x10, 0xf, 0xf0, 0xc8, 0x20, 0x13, 0x7, 0x0,
    0x80, 0x7f, 0x88, 0x90, 0x6e, 0x1a, 0xa, 0x5,
    0x8, 0x91, 0x0, 0x71, 0xfb, 0x9c, 0xb, 0x91,
    0xa8, 0x3d, 0xdd, 0xa8, 0x1, 0xe3, 0xc0, 0xa1,
    0x80, 0x90, 0xf, 0x5a, 0x0, 0x78, 0xf1, 0x19,
    0x54, 0x60, 0x1f, 0x5a, 0x8, 0x4, 0x78, 0x6d,
    0x23, 0x60, 0x1f, 0xd7, 0xc0, 0x1c, 0xd2, 0x58,
    0x20, 0x1f, 0xfc, 0x45, 0x6d, 0x20, 0x8,

    /* U+F029 "" */
    0x66, 0xf2, 0x80, 0x19, 0xbc, 0x73, 0x3e, 0xb0,
    0x4, 0xcf, 0xac, 0x0, 0x24, 0x20, 0x1e, 0x12,
    0x0, 0xea, 0xdb, 0x0, 0xf5, 0x6a, 0x0, 0x61,
    0x23, 0x0, 0xf0, 0x93, 0x80, 0x6a, 0xd9, 0x0,
    0xf5, 0x69, 0x80, 0x7f, 0xf1, 0xb7, 0x7d, 0xe0,
    0xd, 0xdf, 0x49, 0x17, 0x84, 0x0, 0x45, 0xe1,
    0x66, 0xf8, 0x0, 0xcd, 0x10, 0x21, 0xcc, 0xfa,
    0x0, 0x13, 0x35, 0x27, 0xd8, 0x0, 0x88, 0x20,
    0x1f, 0x3d, 0xa0, 0x5, 0x3b, 0x60, 0x1f, 0xfc,
    0x11, 0x23, 0x0, 0xf5, 0xa0, 0x8b, 0xc0, 0x15,
    0xb2, 0x1, 0xf5, 0xf7, 0x1c, 0x3, 0xff, 0x81,
    0xa9, 0x31, 0xbb, 0xef, 0x0, 0x6e, 0x93, 0x12,
    0x24,

    /* U+F030 "" */
    0x0, 0xe2, 0xab, 0xbd, 0x44, 0x1, 0xfe, 0xf5,
    0x44, 0xcb, 0xc0, 0x1c, 0x2c, 0xee, 0x82, 0x0,
    0xf1, 0xc3, 0xb9, 0x87, 0x66, 0x20, 0xe0, 0x1f,
    0x9e, 0x21, 0x3a, 0x60, 0x1f, 0xfc, 0x43, 0x0,
    0xf1, 0x57, 0x72, 0x88, 0x3, 0xfe, 0x3d, 0x3d,
    0xd1, 0xe9, 0x80, 0x7f, 0xb9, 0xe4, 0xcd, 0x2f,
    0xc0, 0x1f, 0xc4, 0x48, 0x0, 0xd0, 0x44, 0x0,
    0xfc, 0x20, 0x1f, 0x84, 0x3, 0xf1, 0x81, 0x80,
    0x63, 0x3, 0x0, 0xfe, 0x6e, 0x20, 0x1, 0x73,
    0x0, 0x7f, 0xa5, 0xf7, 0x31, 0xaf, 0x20, 0x1f,
    0xf5, 0x65, 0xdb, 0x28, 0x3, 0xff, 0x82, 0x6e,
    0xe3, 0x0, 0xfa, 0x0, 0x3f, 0xf8, 0x90, 0xff,
    0xff, 0xfc, 0x47,

    /* U+F03E "" */
    0x3a, 0xbb, 0xff, 0xe1, 0x51, 0xea, 0xa2, 0x7f,
    0xf0, 0x97, 0x44, 0xa, 0xa4, 0x40, 0x3f, 0xe1,
    0x0, 0x7a, 0xb5, 0x0, 0x7f, 0xf0, 0x88, 0x0,
    0xc0, 0x1e, 0x40, 0xf, 0x94, 0x0, 0xa0, 0x1d,
    0x56, 0xc0, 0x1e, 0xab, 0xb4, 0x0, 0x6a, 0x50,
    0x96, 0x0, 0xf2, 0x3a, 0x0, 0x54, 0xa0, 0x14,
    0xb0, 0x7, 0x1e, 0x5a, 0x85, 0x28, 0x7, 0x68,
    0x6, 0x3c, 0x0, 0x56, 0x28, 0x7, 0xfd, 0x0,
    0x18, 0xc0, 0x3f, 0xf8, 0x6, 0x89, 0xff, 0xc0,
    0x30, 0xd, 0x17, 0x7f, 0xfc, 0x8, 0x0, 0x48,
    0x7, 0xff, 0x12, 0x40,

    /* U+F043 "" */
    0x0, 0xe6, 0x90, 0xf, 0xf0, 0xcb, 0x20, 0x7,
    0xf3, 0x80, 0x38, 0x3, 0xfa, 0xc0, 0xa, 0x40,
    0x1f, 0x29, 0x0, 0x56, 0x1, 0xf5, 0x80, 0x66,
    0x30, 0xe, 0x91, 0x0, 0xee, 0x0, 0xca, 0xc0,
    0x1e, 0x29, 0x0, 0xac, 0x3, 0xf3, 0x18, 0x38,
    0x80, 0x7f, 0x48, 0x58, 0x7, 0xf9, 0x40, 0xc1,
    0x0, 0x3f, 0x88, 0x1, 0xea, 0x1, 0xfc, 0x61,
    0x9c, 0x1, 0xf8, 0xac, 0x1d, 0xa8, 0xc0, 0x39,
    0x1, 0xc4, 0x30, 0x31, 0xc0, 0x34, 0x0, 0x30,
    0x45, 0x5e, 0xe0, 0x15, 0x18, 0x0, 0xbd, 0x40,
    0x32, 0x62, 0x80, 0x61, 0xaf, 0xcc, 0x75, 0x98,
    0x4,

    /* U+F048 "" */
    0x6b, 0x90, 0xf, 0x1d, 0x17, 0xa3, 0x80, 0x72,
    0x62, 0xd8, 0x7, 0xcb, 0x60, 0x3, 0x0, 0xf3,
    0x50, 0x7, 0xf3, 0xc8, 0x7, 0xf4, 0x40, 0x3,
    0xfa, 0x5c, 0x3, 0xf8, 0x58, 0x3, 0xff, 0x96,
    0x20, 0x1f, 0xe1, 0xf2, 0x0, 0xff, 0xe, 0x18,
    0x7, 0xf8, 0x71, 0x0, 0x3f, 0xeb, 0x50, 0xf,
    0xfa, 0x98, 0x3, 0xfe, 0x97, 0xc, 0x9f, 0xe0,
    0xf, 0x47, 0xb0,

    /* U+F04B "" */
    0x3a, 0x70, 0xf, 0xfe, 0xe, 0xac, 0x72, 0x80,
    0x7f, 0xc2, 0x0, 0x1a, 0xb2, 0x0, 0xff, 0xe1,
    0x26, 0xc0, 0x7, 0xff, 0xd, 0xf9, 0x80, 0x3f,
    0xf8, 0x43, 0x38, 0x60, 0x1f, 0xfc, 0x23, 0xc9,
    0x10, 0xf, 0xfe, 0x13, 0x7b, 0x0, 0x7f, 0xf0,
    0x86, 0x5c, 0x3, 0xff, 0x87, 0xa0, 0x1f, 0xfc,
    0x21, 0x80, 0xf, 0xfe, 0xb, 0xf1, 0x0, 0x7f,
    0xc9, 0xb0, 0x1, 0xff, 0x15, 0xd8, 0x80, 0x3f,
    0xe8, 0xd4, 0x0, 0xff, 0x97, 0x9c, 0x3, 0xfe,
    0x2c, 0xa1, 0x0, 0xfc, 0xa0, 0x33, 0xa6, 0x1,
    0xfe, 0xad, 0xe6, 0x0, 0xff, 0xe0, 0x0,

    /* U+F04C "" */
    0x3a, 0xbb, 0xa4, 0x40, 0x7, 0x57, 0x74, 0x8e,
    0xaa, 0x24, 0xd6, 0x0, 0xd5, 0x44, 0x9a, 0xc4,
    0x3, 0x98, 0x0, 0x20, 0x1c, 0xc0, 0x1f, 0xff,
    0xf0, 0xf, 0xff, 0xf8, 0x7, 0xff, 0x51, 0xc0,
    0x3f, 0x3c, 0x0, 0x61, 0xf0, 0x4, 0x0, 0x61,
    0xf7, 0xff, 0xdc, 0x80, 0x7, 0xff, 0xdc, 0x80,

    /* U+F04D "" */
    0x3a, 0xbb, 0xff, 0xe0, 0x48, 0xea, 0xa2, 0x7f,
    0xf0, 0x1a, 0xc4, 0x3, 0xff, 0x84, 0xc0, 0x1f,
    0xff, 0xf0, 0xf, 0xff, 0xf8, 0x7, 0xff, 0x75,
    0xe0, 0x3, 0xff, 0x82, 0x3e, 0xff, 0xff, 0xfc,
    0x1e, 0x40,

    /* U+F051 "" */
    0x4a, 0x20, 0xf, 0x55, 0xa7, 0xae, 0x18, 0x7,
    0x2a, 0x63, 0x80, 0xe2, 0x0, 0x7f, 0xd6, 0xa0,
    0x1f, 0xf5, 0x30, 0x7, 0xfd, 0x2e, 0x1, 0xff,
    0x44, 0x80, 0x7f, 0xcc, 0x1, 0xff, 0xcb, 0x20,
    0xf, 0xf1, 0xe0, 0x7, 0xf2, 0x60, 0x80, 0x7e,
    0x5b, 0x0, 0xfe, 0x7a, 0x0, 0xf3, 0x80, 0x22,
    0x0, 0x1f, 0x60, 0x4b, 0x80, 0x7d, 0xef, 0xec,
    0x1, 0xef, 0xf3, 0x80,

    /* U+F052 "" */
    0x0, 0xf8, 0xb2, 0x84, 0x3, 0xff, 0x82, 0x58,
    0x6b, 0xa0, 0x1f, 0xfc, 0x1, 0xc1, 0x0, 0x1d,
    0x80, 0x7f, 0x87, 0x4, 0x3, 0x25, 0x0, 0x7f,
    0x69, 0x0, 0x79, 0x64, 0x3, 0xeb, 0x30, 0xf,
    0xcc, 0xe0, 0x1d, 0x48, 0x1, 0xfe, 0x86, 0x0,
    0xa1, 0x40, 0x3f, 0xf8, 0x12, 0x80, 0x7, 0x0,
    0xff, 0xe1, 0x78, 0x1, 0x40, 0x3f, 0xf8, 0x5a,
    0x0, 0xac, 0xbb, 0xff, 0xe0, 0x6b, 0x0, 0xd,
    0xc, 0xff, 0xf8, 0xa, 0x20, 0xc, 0x88, 0xff,
    0xe1, 0x50, 0x7, 0xff, 0x15, 0xc0, 0x3f, 0xf8,
    0xae, 0x0, 0x30, 0xf, 0xfe, 0x16, 0x0, 0x33,
    0xff, 0xff, 0x84, 0xe0,

    /* U+F053 "" */
    0x0, 0xfc, 0x82, 0x1, 0xfa, 0x6f, 0x0, 0x3e,
    0x96, 0x2, 0x20, 0x7, 0x4b, 0x0, 0x28, 0x80,
    0x34, 0xb0, 0x2, 0x94, 0x3, 0x4b, 0x0, 0x29,
    0x40, 0x34, 0xb0, 0x2, 0x94, 0x3, 0x4b, 0x0,
    0x29, 0x40, 0x39, 0xc0, 0x4, 0x80, 0x1e, 0xd1,
    0x2, 0xd1, 0x0, 0xe3, 0xd1, 0x3, 0xd1, 0x0,
    0xe3, 0xd1, 0x3, 0xd1, 0x0, 0xe3, 0xd1, 0x3,
    0xd1, 0x0, 0xe3, 0xd1, 0x3, 0xd0, 0xf, 0x1e,
    0x88, 0x19, 0x0, 0x78, 0xf4, 0xe4, 0x80,

    /* U+F054 "" */
    0x0, 0x28, 0x7, 0xf4, 0xd6, 0x8, 0x7, 0xce,
    0x7, 0xa2, 0x1, 0xec, 0x10, 0x3d, 0x10, 0xe,
    0x2c, 0x10, 0x3d, 0x10, 0xe, 0x2c, 0x10, 0x3d,
    0x10, 0xe, 0x2c, 0x10, 0x3d, 0x10, 0xe, 0x2c,
    0x10, 0x3d, 0x0, 0xf1, 0x20, 0x0, 0xc8, 0x3,
    0xa5, 0x40, 0x14, 0x40, 0x1a, 0x58, 0x1, 0x4a,
    0x1, 0xa5, 0x80, 0x14, 0xa0, 0x1a, 0x58, 0x1,
    0x2a, 0x1, 0xa5, 0x80, 0x12, 0xc0, 0x1c, 0xe0,
    0x9, 0x60, 0xf, 0x69, 0x53, 0x0, 0x78,

    /* U+F067 "" */
    0x0, 0xf1, 0xcc, 0x84, 0x3, 0xff, 0x81, 0xec,
    0xc9, 0x0, 0xff, 0xe0, 0x8, 0x0, 0x40, 0x3f,
    0xfd, 0x46, 0xce, 0xf8, 0xc0, 0xa, 0xef, 0x98,
    0x76, 0x62, 0x30, 0x80, 0xe, 0x23, 0x4d, 0x88,
    0x7, 0xff, 0x8, 0x54, 0x40, 0x3f, 0xf8, 0x3,
    0xb5, 0xdf, 0xf8, 0x80, 0xd, 0xff, 0xb9, 0x80,
    0x3f, 0xff, 0x48, 0x0, 0xc0, 0xf, 0xfe, 0x4,
    0xf7, 0x14, 0x3, 0xc0,

    /* U+F068 "" */
    0x36, 0x6f, 0xfe, 0x10, 0xec, 0xcf, 0xff, 0xa,
    0xc4, 0x3, 0xff, 0x84, 0x2a, 0x1, 0xff, 0xc2,
    0xd0,

    /* U+F06E "" */
    0x0, 0xf8, 0xda, 0x20, 0xe8, 0x1, 0xff, 0xc1,
    0x8e, 0xc9, 0x77, 0x45, 0xfc, 0x90, 0x7, 0xe4,
    0xe7, 0x12, 0x9c, 0xda, 0x40, 0x6d, 0x70, 0xf,
    0x3d, 0x88, 0x2e, 0xb1, 0x92, 0xdc, 0x0, 0x22,
    0x80, 0x33, 0x40, 0x0, 0xa8, 0x1, 0x1f, 0x84,
    0xec, 0x0, 0x5a, 0x0, 0x14, 0x80, 0x50, 0x1,
    0xc7, 0x83, 0x60, 0x12, 0xb0, 0x70, 0x6, 0x71,
    0x67, 0x70, 0x0, 0x50, 0x84, 0x2, 0x81, 0x20,
    0xc, 0x66, 0x98, 0x0, 0xc4, 0x6, 0x1, 0x9,
    0xc0, 0x6, 0x22, 0x8, 0x7, 0x20, 0x10, 0x4,
    0x84, 0xc8, 0x1, 0x50, 0x50, 0x6, 0x73, 0x50,
    0x8, 0x68, 0x1, 0x44, 0x0, 0x64, 0x46, 0xbb,
    0xae, 0x6, 0xc0, 0x2d, 0x10, 0x0, 0xe2, 0x0,
    0x2d, 0x8a, 0x20, 0x88, 0xf1, 0x2, 0xc3, 0x0,
    0xc3, 0x72, 0x21, 0x3f, 0x76, 0xeb, 0x10, 0x6d,
    0x30, 0xf, 0x9b, 0xa9, 0x49, 0x10, 0x9, 0x1d,
    0x20, 0x1c,

    /* U+F070 "" */
    0x4a, 0x10, 0xf, 0xfe, 0x45, 0x2f, 0x98, 0x7,
    0xff, 0x1e, 0xc0, 0x71, 0x80, 0x21, 0x57, 0x87,
    0x40, 0xf, 0xe5, 0xd2, 0x9, 0xa6, 0xde, 0xa8,
    0x78, 0xbf, 0xa2, 0x0, 0xf8, 0xb5, 0x41, 0x64,
    0x85, 0xf3, 0x69, 0x1, 0x76, 0x0, 0x3f, 0x54,
    0x80, 0x51, 0x3, 0x32, 0xdc, 0x80, 0x1e, 0xc0,
    0x3f, 0x36, 0x8, 0x4c, 0x3f, 0x69, 0xb3, 0x0,
    0x9, 0x60, 0x18, 0x79, 0xc0, 0xfd, 0x1, 0xe4,
    0xb, 0xa, 0x0, 0x24, 0x70, 0xa, 0x6, 0x28,
    0x6, 0xdc, 0x4, 0x2, 0x51, 0x20, 0xa, 0x4,
    0x0, 0xa0, 0x5, 0xd1, 0x8, 0xa0, 0xd, 0xc0,
    0x20, 0x18, 0x80, 0x12, 0x1, 0x13, 0x80, 0x17,
    0x48, 0x0, 0x40, 0x40, 0x12, 0x18, 0x1, 0x54,
    0x1, 0x50, 0x4, 0x5a, 0xa0, 0x9c, 0x20, 0x1,
    0xa0, 0xd, 0x46, 0x0, 0x36, 0x0, 0xd5, 0x20,
    0x20, 0x16, 0x88, 0x7, 0x62, 0x80, 0x26, 0x4,
    0x2, 0x6c, 0x10, 0x2, 0x98, 0x7, 0xd5, 0x41,
    0x7, 0xec, 0xb8, 0x3, 0xf4, 0x5, 0xb1, 0x0,
    0xf9, 0x7a, 0x94, 0x8d, 0x19, 0xc0, 0x6d, 0xc1,
    0x3c, 0xc0, 0x3f, 0x2d, 0x6f, 0xfb, 0x9c, 0x2,
    0x8a, 0x1, 0xc3, 0x0, 0xff, 0xe3, 0x2e, 0x90,
    0x90, 0x7, 0xff, 0x1c, 0xb7, 0xc4,

    /* U+F071 "" */
    0x0, 0xfe, 0x1c, 0xd4, 0x0, 0xff, 0xe3, 0x59,
    0x95, 0x0, 0x7f, 0xf1, 0x51, 0x40, 0x3, 0x0,
    0x1f, 0xfc, 0x49, 0x0, 0xce, 0x20, 0x1f, 0xfc,
    0x26, 0x20, 0xe, 0xb0, 0xf, 0xfe, 0x14, 0x0,
    0x79, 0x4c, 0x3, 0xff, 0x81, 0x2, 0x9, 0x98,
    0x70, 0x7, 0x80, 0x7f, 0xc4, 0xe0, 0x2, 0x33,
    0x70, 0x0, 0xd8, 0x3, 0xfd, 0x0, 0x11, 0x80,
    0x7a, 0x0, 0x3f, 0x91, 0x40, 0x21, 0x0, 0x8,
    0x4, 0x30, 0x1, 0xfa, 0x40, 0x33, 0x80, 0x3c,
    0x3, 0x38, 0x80, 0x79, 0x88, 0x3, 0x8, 0x0,
    0x40, 0x3a, 0xc0, 0x3d, 0x0, 0x1c, 0x59, 0x6c,
    0x1, 0xca, 0x60, 0x1a, 0x4, 0x3, 0x8f, 0x2d,
    0xc0, 0x3d, 0xe0, 0x11, 0x38, 0x7, 0x94, 0x1,
    0x80, 0x1e, 0x36, 0x0, 0x40, 0x7, 0xce, 0x85,
    0x0, 0x1f, 0x40, 0x1, 0x40, 0x3e, 0x1b, 0xd3,
    0x0, 0xf8, 0x4c, 0x18, 0x3, 0xff, 0x8c, 0x46,
    0x13, 0xb9, 0x9f, 0xfc, 0x5d, 0x0,

    /* U+F074 "" */
    0x0, 0xff, 0xe0, 0x8a, 0x0, 0x7f, 0xf1, 0x1a,
    0xe4, 0x0, 0x24, 0x50, 0x80, 0x78, 0x4b, 0x81,
    0xa4, 0x3b, 0x76, 0xf2, 0x0, 0xcd, 0xda, 0xc0,
    0x6, 0x80, 0xc, 0x38, 0x40, 0x5, 0x90, 0xf,
    0x2b, 0x2a, 0x88, 0x7, 0xc1, 0x68, 0x0, 0x84,
    0x0, 0x1f, 0x9a, 0xa6, 0x98, 0x4a, 0x50, 0x1,
    0xad, 0x40, 0x70, 0x80, 0x36, 0x58, 0x58, 0x1,
    0xa4, 0x30, 0xb0, 0x80, 0x3c, 0xf6, 0x0, 0x59,
    0x0, 0x26, 0x10, 0x7, 0x8f, 0x0, 0xb, 0x72,
    0x20, 0xdc, 0xc0, 0x1c, 0x5a, 0x0, 0x4a, 0xd6,
    0xd0, 0xe0, 0x96, 0xe, 0xff, 0x68, 0x82, 0x58,
    0x88, 0xf, 0xdc, 0x1, 0x2c, 0x20, 0x18, 0xec,
    0x7, 0xc4, 0x3, 0xd0, 0x45, 0x93, 0x0, 0x22,
    0xc2, 0x20, 0x80, 0x57, 0xbb, 0xac, 0x3, 0x8b,
    0x74, 0xc0, 0xa, 0x50, 0xf, 0xfe, 0xf, 0x5,
    0x28, 0x7, 0xff, 0x9, 0xbd, 0x40, 0x0,

    /* U+F077 "" */
    0x0, 0xf9, 0x8, 0x3, 0xff, 0x82, 0xb7, 0x84,
    0x1, 0xff, 0x2d, 0x0, 0xe1, 0x0, 0x7f, 0x2d,
    0x0, 0x43, 0x86, 0x1, 0xf3, 0x50, 0x1, 0x4c,
    0x7, 0x4c, 0x3, 0x9a, 0x40, 0xd, 0x58, 0x60,
    0x3a, 0x60, 0x13, 0x48, 0x1, 0xa4, 0x1, 0x86,
    0x3, 0xa6, 0xb, 0x20, 0x6, 0x90, 0xd, 0x86,
    0x3, 0xa5, 0xe0, 0x6, 0x90, 0xf, 0x61, 0x80,
    0xa5, 0xa3, 0xc8, 0x7, 0xec, 0x46, 0x60,

    /* U+F078 "" */
    0x3, 0x20, 0xf, 0xf1, 0x90, 0x36, 0x60, 0x80,
    0x3f, 0x2e, 0x69, 0x60, 0xe, 0x18, 0x7, 0x96,
    0x80, 0x9, 0x66, 0x3, 0xa6, 0x1, 0x96, 0x80,
    0xc, 0xc1, 0xd3, 0x1, 0xd3, 0x0, 0x2d, 0x0,
    0x1a, 0x40, 0x3, 0xa6, 0x3, 0xa6, 0xb4, 0x0,
    0x69, 0x0, 0xc3, 0xa6, 0x3, 0x94, 0x0, 0x69,
    0x0, 0xf0, 0xe9, 0x80, 0x66, 0x90, 0xf, 0xc3,
    0xa6, 0x0, 0x69, 0x0, 0xff, 0xe, 0xa3, 0x48,
    0x7, 0x80,

    /* U+F079 "" */
    0x0, 0xc4, 0xc0, 0x1f, 0xfc, 0x92, 0xc9, 0xa0,
    0x9, 0x13, 0xf8, 0x80, 0x3c, 0x58, 0x20, 0xb4,
    0x9, 0x77, 0xfd, 0xe0, 0x1c, 0x78, 0x20, 0x12,
    0xd2, 0x28, 0x7, 0xe3, 0x0, 0xed, 0x12, 0x10,
    0x30, 0x58, 0xaf, 0xff, 0x50, 0x7, 0xca, 0x3e,
    0x61, 0x50, 0x1a, 0x1, 0xff, 0xc3, 0xbe, 0x20,
    0x9, 0xfd, 0x40, 0x3f, 0xfd, 0x28, 0x20, 0x18,
    0xc8, 0x3, 0xff, 0x86, 0xd7, 0x86, 0x0, 0x4c,
    0xd1, 0x0, 0xf7, 0xa2, 0x78, 0x54, 0xa, 0x40,
    0x6c, 0xc, 0x40, 0x3c, 0xd7, 0x7e, 0xe1, 0xb0,
    0xe, 0x3d, 0x0, 0xe4, 0x0, 0xfc, 0x22, 0x4b,
    0x0, 0x8f, 0x4, 0x3, 0xa7, 0xff, 0xf7, 0x18,
    0x25, 0x81, 0xe0, 0x7, 0xff, 0x21, 0x3b, 0x0,
    0x30,

    /* U+F07B "" */
    0x17, 0x88, 0xe4, 0x0, 0xff, 0x6c, 0x3b, 0xf5,
    0xa8, 0x7, 0xf1, 0x80, 0x7d, 0x4c, 0x89, 0xe3,
    0x0, 0xff, 0x4d, 0xdf, 0xb2, 0x80, 0x3f, 0xf8,
    0xaa, 0x1, 0xff, 0xff, 0x0, 0xff, 0xfc, 0xc0,
    0x7, 0xff, 0x12, 0x40,

    /* U+F093 "" */
    0x0, 0xfc, 0x8e, 0x1, 0xff, 0xc3, 0x4b, 0x89,
    0x0, 0xff, 0xe0, 0xa5, 0x80, 0x1a, 0x40, 0x3f,
    0xe4, 0xb0, 0xc, 0xd2, 0x1, 0xfc, 0x96, 0x1,
    0xe6, 0x90, 0xf, 0x92, 0xc0, 0x3f, 0x34, 0x80,
    0x7a, 0x0, 0x3f, 0xcc, 0x20, 0x1d, 0x9d, 0xcd,
    0x0, 0xd1, 0xdd, 0x8, 0x7, 0x84, 0x46, 0x1,
    0x84, 0x70, 0x7, 0xff, 0xb4, 0x91, 0x31, 0x0,
    0x78, 0x91, 0x31, 0x6d, 0xde, 0xe1, 0x74, 0x42,
    0xa7, 0x5d, 0xed, 0x0, 0xe3, 0xad, 0xee, 0x7c,
    0x18, 0x7, 0xfc, 0xb5, 0x59, 0x40, 0x3f, 0xf8,
    0xd3, 0x23, 0xb0, 0x1, 0x0, 0x7f, 0xd3, 0x23,
    0xb0, 0x2d, 0xff, 0xff, 0xe2, 0x68,

    /* U+F095 "" */
    0x0, 0xff, 0xe0, 0x95, 0xc2, 0x8, 0x7, 0xff,
    0xa, 0xd1, 0xef, 0xac, 0x3, 0xff, 0x80, 0x2c,
    0x1, 0x90, 0x3, 0xff, 0x80, 0xc0, 0x1c, 0x20,
    0x1f, 0xfc, 0xa, 0x0, 0xe2, 0x0, 0xff, 0xe0,
    0x8, 0x7, 0x28, 0x7, 0xff, 0x3, 0x14, 0x3,
    0x60, 0x7, 0xff, 0x6, 0x8c, 0x2, 0x40, 0xf,
    0xfe, 0x9, 0x98, 0x0, 0xa2, 0x1, 0xff, 0xc1,
    0xe0, 0xa, 0x0, 0x3f, 0xf8, 0x34, 0x40, 0x6,
    0x20, 0xe, 0x4a, 0x50, 0xd, 0x4a, 0x0, 0x29,
    0x0, 0xcf, 0xb6, 0xb4, 0x80, 0x58, 0xa0, 0x1,
    0xf0, 0xd, 0xb0, 0x40, 0x15, 0x4e, 0x98, 0x5,
    0xa4, 0x1, 0xfe, 0x16, 0x0, 0x87, 0x4c, 0x3,
    0x90, 0x3, 0xf9, 0x7c, 0x80, 0x3d, 0xe0, 0x1f,
    0x1d, 0xd0, 0x80, 0x7c, 0x80, 0x18, 0x9f, 0x30,
    0x80, 0x1f, 0xc5, 0xb9, 0xbf, 0xb0, 0x60, 0x1f,
    0xe0,

    /* U+F0C4 "" */
    0x0, 0x1a, 0x90, 0x7, 0xfc, 0x39, 0x8a, 0xda,
    0x0, 0xe1, 0x9c, 0xa1, 0xb3, 0x1, 0x5, 0x60,
    0x8, 0xbd, 0x8d, 0x61, 0x2, 0x79, 0x43, 0x40,
    0x7, 0x82, 0x0, 0x49, 0x0, 0x79, 0x30, 0x10,
    0x1e, 0x88, 0x1, 0x6c, 0x24, 0x1b, 0x4c, 0x1d,
    0xb0, 0x40, 0xb, 0x40, 0x7, 0x70, 0x6, 0x19,
    0x0, 0x96, 0x80, 0x34, 0x7f, 0x18, 0x7, 0x2d,
    0x0, 0x7c, 0x3e, 0x1, 0xd6, 0x1, 0xf1, 0xb6,
    0x80, 0x76, 0x8, 0x6, 0x1c, 0xc4, 0x88, 0x7,
    0x16, 0x8, 0x5, 0x66, 0x2, 0x0, 0x3d, 0x20,
    0x1, 0x60, 0x80, 0x10, 0x27, 0x94, 0x18, 0xb0,
    0xc0, 0x5, 0xe4, 0x1, 0x79, 0x30, 0x4, 0x38,
    0x60, 0x1, 0xc2, 0x90, 0x6d, 0x30, 0xe0, 0xb,
    0x10, 0x0, 0x36, 0xee, 0x0, 0xd, 0x20, 0x6,
    0xba, 0x7a, 0x90, 0x8f, 0xee, 0x28, 0x7, 0x96,
    0x14, 0x0,

    /* U+F0C5 "" */
    0x0, 0xcd, 0xff, 0xe1, 0x68, 0x0, 0xf6, 0x0,
    0x7c, 0x2f, 0x0, 0x1f, 0xfc, 0x37, 0x83, 0x66,
    0x10, 0x7, 0xe4, 0x99, 0x76, 0x4c, 0x90, 0x3,
    0xe7, 0x14, 0x48, 0x3, 0xfe, 0x9d, 0xdb, 0x0,
    0x3f, 0xff, 0xe0, 0x1f, 0xfe, 0xc1, 0xc0, 0xf,
    0xf2, 0x0, 0x52, 0xbf, 0xff, 0xea, 0x0, 0x87,
    0x3f, 0xfc, 0x20, 0x18, 0x40, 0x3f, 0xc2, 0x1,
    0xbe, 0xef, 0xfb, 0x40, 0x38,

    /* U+F0C7 "" */
    0x5, 0x66, 0xfe, 0x40, 0xd, 0x95, 0x33, 0xfd,
    0x72, 0x1, 0x18, 0x9, 0x17, 0xc2, 0xd, 0x20,
    0x1a, 0xb7, 0x7e, 0xe0, 0x3, 0x48, 0x7, 0xff,
    0x0, 0x40, 0xc, 0xc0, 0xf, 0xfe, 0x1f, 0x80,
    0x7f, 0xc2, 0x1, 0xeb, 0xff, 0xfc, 0x1, 0xff,
    0xcf, 0x3a, 0x80, 0xf, 0xfe, 0x0, 0xe2, 0xbd,
    0x0, 0x7f, 0xc8, 0x1, 0x20, 0x7, 0xfc, 0xe0,
    0x12, 0x80, 0x7f, 0xc5, 0x26, 0x92, 0x1, 0xff,
    0xc0, 0x6c, 0xb2, 0x0, 0xe1, 0x70, 0xf, 0xfe,
    0x8, 0xdc, 0x76, 0xef, 0xfd, 0xdc, 0x30,

    /* U+F0C9 "" */
    0x79, 0x9f, 0xfe, 0x12, 0xc3, 0x37, 0xff, 0xa,
    0x48, 0x3, 0xff, 0x84, 0xdb, 0xff, 0xff, 0xc2,
    0xa0, 0xf, 0xfe, 0xa7, 0x7f, 0xff, 0xf0, 0xa8,
    0x40, 0x3f, 0xf8, 0x43, 0x2e, 0xff, 0xfc, 0x2f,
    0x68, 0x8f, 0xfe, 0x12, 0x0, 0x7f, 0xf1, 0x19,
    0xdf, 0xff, 0x84, 0x93, 0x11, 0xff, 0xc2, 0xf1,
    0x0, 0xff, 0xe1, 0xf, 0x7f, 0xff, 0xf0, 0xa8,

    /* U+F0E0 "" */
    0x3, 0x44, 0xff, 0xe1, 0x18, 0x56, 0x5d, 0xff,
    0xf0, 0xb2, 0x94, 0x3, 0xff, 0x88, 0xa6, 0x1,
    0xff, 0xc4, 0x3c, 0x50, 0xf, 0xfe, 0x12, 0xe5,
    0x5c, 0x80, 0x7f, 0xf0, 0x26, 0x5a, 0xbe, 0x5a,
    0x40, 0x1f, 0x8b, 0x43, 0x8, 0x6, 0xed, 0x8c,
    0x1, 0xe6, 0xc9, 0x90, 0x7, 0x36, 0x55, 0x0,
    0x21, 0xad, 0xf4, 0x0, 0xf8, 0xb0, 0xb9, 0x99,
    0xe5, 0x62, 0x1, 0xfe, 0x8c, 0xee, 0x64, 0x0,
    0x7f, 0xf0, 0x4a, 0x20, 0x40, 0x1f, 0xfc, 0xd8,
    0x0, 0xff, 0xe2, 0x48,

    /* U+F0E7 "" */
    0x0, 0x57, 0xff, 0x50, 0x7, 0x94, 0x3, 0x84,
    0x3, 0x84, 0x3, 0xda, 0x1, 0xc4, 0x1, 0xe7,
    0x0, 0xe6, 0x0, 0xe4, 0x10, 0xe, 0xd0, 0xe,
    0x15, 0x59, 0x0, 0x4, 0x1, 0xcb, 0x55, 0x59,
    0x83, 0x0, 0x7f, 0x19, 0x80, 0x80, 0x3f, 0xbc,
    0x3, 0xfe, 0x53, 0x0, 0x7e, 0xed, 0x80, 0x1a,
    0xc0, 0x21, 0x22, 0x9c, 0x2, 0x81, 0x0, 0xfb,
    0x0, 0x2, 0xe0, 0x1f, 0x90, 0x1, 0x60, 0x1f,
    0xc6, 0x6, 0xa0, 0x1f, 0x8c, 0x1, 0xe0, 0x1f,
    0xc8, 0xc, 0x60, 0x1f, 0xe1, 0x80, 0xf, 0xf3,
    0xf0, 0x80, 0x78,

    /* U+F0EA "" */
    0x0, 0xd1, 0xb2, 0x1, 0xfd, 0x17, 0x6c, 0x77,
    0x36, 0xdd, 0xa4, 0x3, 0x9d, 0x10, 0x65, 0x46,
    0x48, 0x86, 0x10, 0xf, 0xc5, 0x6, 0x1, 0xff,
    0xc2, 0x70, 0xf, 0xfe, 0x1e, 0x7f, 0xf0, 0x80,
    0x7e, 0x66, 0x7f, 0xf0, 0xbc, 0x80, 0x78, 0x74,
    0x3, 0xe6, 0xb0, 0xf, 0xfe, 0x1a, 0x50, 0x7,
    0xfc, 0x6f, 0xba, 0xb0, 0xf, 0xfb, 0x75, 0xfe,
    0xd0, 0xf, 0xfe, 0x1, 0x16, 0x0, 0xff, 0xea,
    0x42, 0xad, 0xa0, 0x1f, 0xf3, 0xd5, 0x4a, 0x1,
    0xff, 0xd4, 0xe0, 0xf, 0xe2, 0x0, 0xe6, 0xff,
    0xfe, 0xc0,

    /* U+F0F3 "" */
    0x0, 0xfa, 0x18, 0x3, 0xff, 0x82, 0x6f, 0x20,
    0x1f, 0xfc, 0x6, 0xf0, 0x5, 0x20, 0x7, 0xe1,
    0xc9, 0x30, 0x2, 0xdc, 0x80, 0x7d, 0xa6, 0x1,
    0xe6, 0x80, 0xe, 0x53, 0x0, 0xfc, 0xe2, 0x1,
    0xb0, 0x3, 0xfc, 0x80, 0x18, 0x80, 0x3f, 0xc4,
    0x1, 0x9c, 0x3, 0xfd, 0xe0, 0x18, 0x80, 0x3f,
    0xc4, 0x1, 0x10, 0x80, 0x7f, 0x90, 0x2, 0xa0,
    0xf, 0xf8, 0x50, 0xd, 0xc0, 0x3f, 0xf8, 0x12,
    0x3a, 0x1, 0xff, 0xc1, 0x2b, 0x40, 0xf, 0xfe,
    0x16, 0xd7, 0xff, 0xff, 0x9, 0xc0, 0x39, 0x3f,
    0xf0, 0x7, 0xfc, 0x88, 0x0, 0x40, 0x7, 0xff,
    0x2, 0xf7, 0x9c, 0x3, 0xc0,

    /* U+F11C "" */
    0x4, 0x4f, 0xfe, 0x30, 0x85, 0xdf, 0xff, 0x1f,
    0xc1, 0x0, 0x3f, 0xf8, 0xc2, 0x60, 0xb, 0xfb,
    0x2f, 0xd0, 0xff, 0x6, 0x7e, 0x7, 0xf8, 0x0,
    0xe0, 0x18, 0x40, 0x3e, 0x70, 0x70, 0xf, 0xd7,
    0xf4, 0x5f, 0xa1, 0xfe, 0xb, 0xfb, 0xf, 0xf0,
    0x7, 0xdb, 0xa4, 0x8d, 0x65, 0xdb, 0xb, 0xd3,
    0x0, 0xfc, 0x44, 0x11, 0x17, 0x19, 0x30, 0x31,
    0x38, 0x7, 0xed, 0xd2, 0xc6, 0xc3, 0x6e, 0x6,
    0x6a, 0x0, 0x79, 0xed, 0x4e, 0xea, 0x6e, 0xd3,
    0x57, 0x25, 0x74, 0x1, 0xd8, 0x98, 0x68, 0x9f,
    0xc2, 0x8a, 0x1, 0xc6, 0x98, 0x68, 0x9f, 0xc2,
    0x88, 0x0, 0xe8, 0xb7, 0x1b, 0xbf, 0xd0, 0x17,
    0x60, 0x3, 0xc0, 0x7, 0xff, 0x19, 0x4c,

    /* U+F124 "" */
    0x0, 0xff, 0xeb, 0x8c, 0x59, 0x80, 0x7f, 0xf0,
    0x8a, 0xb9, 0xd3, 0x80, 0x3f, 0xf8, 0x7, 0x7a,
    0xa0, 0x1f, 0xfc, 0x25, 0xcc, 0x20, 0x7, 0x50,
    0x7, 0xe6, 0xda, 0x30, 0xf, 0xb, 0x80, 0x70,
    0xbf, 0x49, 0x0, 0x7e, 0x60, 0xc, 0x53, 0xd0,
    0x20, 0x1f, 0xe9, 0x0, 0x9f, 0x58, 0x3, 0xff,
    0x80, 0xc2, 0x1, 0x40, 0x7, 0xff, 0xa, 0xc0,
    0x32, 0x0, 0x7f, 0xf0, 0x50, 0x80, 0x35, 0xd4,
    0xcf, 0x40, 0x7, 0xa0, 0x3, 0xca, 0xcd, 0xca,
    0x1, 0xc6, 0x60, 0xf, 0xfe, 0x34, 0x80, 0x7f,
    0xf1, 0x89, 0x40, 0x3f, 0xf8, 0xd6, 0x1, 0xff,
    0xc6, 0x16, 0x0, 0xff, 0xe1, 0x18, 0x5, 0x20,
    0x1f, 0xfc, 0x31, 0x30, 0x27, 0x0, 0xff, 0xe2,
    0x66, 0x34, 0x3, 0xf0,

    /* U+F15A "" */
    0x0, 0xcf, 0x80, 0xf8, 0x1, 0xfe, 0xd3, 0x1d,
    0x31, 0x0, 0xff, 0xe4, 0xff, 0xca, 0x1c, 0xa1,
    0xf6, 0xa0, 0x18, 0x84, 0x3, 0xc2, 0x95, 0x20,
    0x16, 0xf0, 0x80, 0x3b, 0xf9, 0x80, 0xc, 0x1,
    0xc6, 0x1, 0x86, 0x40, 0x22, 0x0, 0xff, 0x20,
    0x0, 0x48, 0x3, 0xeb, 0xac, 0xb0, 0x6, 0x80,
    0x7e, 0x55, 0x18, 0x5, 0xc6, 0x1, 0xf6, 0xf6,
    0xc8, 0x0, 0xb8, 0x3, 0xe3, 0x12, 0x69, 0x0,
    0x10, 0x80, 0x7f, 0xf1, 0x8, 0xc8, 0x0, 0xa6,
    0x91, 0x20, 0x2, 0x10, 0xfc, 0x0, 0xaf, 0x2d,
    0xc0, 0x2e, 0x0, 0x88, 0x80, 0x1, 0x0, 0x12,
    0x47, 0x18, 0x3, 0x76, 0x50, 0xf5, 0xc, 0xb7,
    0x10, 0xf, 0xfe, 0x4c, 0x60, 0xc6, 0x8, 0x7,
    0x0,

    /* U+F15B "" */
    0x58, 0x8f, 0x38, 0x30, 0x6, 0xa7, 0x7f, 0x48,
    0x4c, 0x80, 0x3f, 0xf8, 0x2d, 0x20, 0x1f, 0xfc,
    0x16, 0x90, 0xf, 0xfe, 0xb, 0x28, 0x7, 0xc2,
    0x7b, 0xb9, 0x0, 0x3f, 0x66, 0xee, 0x90, 0xf,
    0xff, 0xf8, 0x7, 0xff, 0xd4, 0x40, 0x3f, 0xf8,
    0x1d, 0xf7, 0x7f, 0xf6, 0x30,

    /* U+F164 "" */
    0x0, 0xff, 0x35, 0x20, 0x7, 0xff, 0xe, 0x56,
    0xc8, 0x3, 0xff, 0x82, 0x80, 0x12, 0x80, 0x7f,
    0xf0, 0x74, 0x2, 0x10, 0xf, 0xfe, 0x2, 0x30,
    0x4, 0x80, 0x1f, 0xf1, 0x50, 0x4, 0x84, 0x1,
    0xff, 0x70, 0x80, 0x4f, 0x54, 0x97, 0x0, 0xfa,
    0xc, 0x3, 0x1a, 0xa9, 0xa2, 0xed, 0xfe, 0xe4,
    0x43, 0x80, 0x7f, 0x91, 0x0, 0x1, 0x32, 0x0,
    0xff, 0x90, 0x3, 0xff, 0x8b, 0xa0, 0x1f, 0xfc,
    0x51, 0x0, 0xff, 0xe2, 0xa0, 0x7, 0xff, 0x14,
    0xc0, 0x3f, 0xf8, 0x82, 0x0, 0x5c, 0x0, 0xff,
    0xe0, 0xb0, 0x0, 0x58, 0x0, 0x8a, 0x20, 0x1f,
    0xb8, 0x5, 0x28, 0x4, 0xab, 0xa9, 0x0, 0x39,
    0x1c, 0x3e, 0xed, 0x8c, 0x1, 0x2d, 0xfe, 0x65,
    0xd6, 0x20,

    /* U+F165 "" */
    0x0, 0xfe, 0x48, 0xbc, 0xb9, 0x40, 0x3, 0xd5,
    0x24, 0x80, 0x9f, 0xad, 0xd0, 0xd1, 0xad, 0x2,
    0x15, 0x4c, 0xaa, 0xd8, 0x10, 0xf, 0x8c, 0x3,
    0xc6, 0x1, 0xfe, 0xc0, 0xf, 0xfe, 0x2a, 0x0,
    0x7f, 0xf1, 0x84, 0x3, 0xff, 0x8a, 0xe0, 0x1f,
    0xfc, 0x51, 0x2, 0x70, 0xf, 0xfe, 0x17, 0x82,
    0x48, 0x0, 0xc0, 0x3f, 0xe6, 0x6, 0xe0, 0x2,
    0x10, 0x7, 0xfd, 0x71, 0x13, 0xf, 0x80, 0x7f,
    0xd, 0x23, 0xbc, 0x20, 0x52, 0x1, 0x9f, 0xfe,
    0xe4, 0x0, 0xf9, 0x94, 0x2, 0x60, 0xf, 0xfe,
    0xd, 0x10, 0x0, 0x54, 0x3, 0xff, 0x83, 0x60,
    0x11, 0x0, 0x7f, 0xf0, 0x50, 0x2, 0x20, 0xf,
    0xfe, 0x9, 0x18, 0x1a, 0x80, 0x7f, 0xf0, 0xb7,
    0x58, 0x1, 0xc0,

    /* U+F1E0 "" */
    0x0, 0xff, 0x14, 0xdc, 0x0, 0x7f, 0xc7, 0xac,
    0x8f, 0xa0, 0x1f, 0xef, 0x0, 0xc5, 0x0, 0x1f,
    0xc6, 0x1, 0xc6, 0x1, 0xf9, 0x0, 0x3c, 0x40,
    0x10, 0x80, 0x6, 0xac, 0x3, 0xd6, 0xf, 0xfd,
    0xc8, 0xf5, 0x4, 0x82, 0x3, 0xc2, 0x78, 0x0,
    0xb, 0x88, 0xaa, 0xdf, 0x7f, 0xc, 0x28, 0x3,
    0x8b, 0x94, 0x3, 0xe3, 0x0, 0xe6, 0x0, 0xfe,
    0x40, 0xe, 0x49, 0x0, 0xfd, 0x64, 0x1, 0x8,
    0x37, 0x28, 0xbc, 0x28, 0x0, 0x76, 0xa2, 0xfa,
    0x40, 0x6b, 0xa1, 0xeb, 0x0, 0x25, 0x74, 0x6,
    0xe5, 0x0, 0xe3, 0x70, 0xf, 0x86, 0x80, 0x3d,
    0x80, 0x1f, 0xc4, 0x1, 0xc4, 0x1, 0xfd, 0x40,
    0x1d, 0x40, 0x1f, 0xce, 0xe0, 0x0, 0xd1, 0x80,
    0x7f, 0xa3, 0xfb, 0x8a, 0x0,

    /* U+F1EB "" */
    0x0, 0xff, 0xe9, 0x1b, 0x44, 0xd4, 0xba, 0x8,
    0x7, 0xfc, 0x53, 0xd9, 0x2e, 0xca, 0xd1, 0x7d,
    0x8c, 0x1, 0xf0, 0xd6, 0xb0, 0x80, 0x7f, 0x1c,
    0xf3, 0x0, 0x66, 0xe5, 0x0, 0x8e, 0x2a, 0xf2,
    0xe5, 0x84, 0x0, 0x33, 0x62, 0x11, 0x20, 0x1,
    0x8e, 0xc7, 0x54, 0x34, 0x69, 0xec, 0x30, 0x2,
    0x79, 0x20, 0x1, 0x7d, 0xc4, 0x3, 0xf8, 0xf2,
    0xc4, 0x5, 0xb1, 0x26, 0x84, 0x0, 0xb3, 0xbd,
    0xfd, 0x8e, 0x40, 0x4, 0xf4, 0xa4, 0xb, 0x60,
    0x2, 0xed, 0x31, 0x8, 0x9, 0xc6, 0xd0, 0x80,
    0xda, 0x80, 0x74, 0xd1, 0x0, 0x42, 0x42, 0x1,
    0x2f, 0x98, 0x7, 0xe4, 0x0, 0x1d, 0xff, 0x6f,
    0x6b, 0x80, 0x5, 0x80, 0x3f, 0x62, 0x4e, 0x20,
    0x6, 0x28, 0xe4, 0x95, 0x0, 0xfc, 0x36, 0xc0,
    0x11, 0xa8, 0x4, 0x36, 0xc0, 0x1f, 0xfc, 0x27,
    0xca, 0xe1, 0x0, 0xff, 0xe3, 0x48, 0x0, 0x5c,
    0x3, 0xff, 0x8c, 0x60, 0x11, 0x80, 0x7f, 0xf1,
    0xa4, 0x0, 0x8a, 0x1, 0xff, 0xc6, 0x4f, 0xeb,
    0x0, 0xff, 0x0,

    /* U+F240 "" */
    0x4, 0x4f, 0xfe, 0x38, 0x80, 0x2a, 0xef, 0xff,
    0x8f, 0xe2, 0xa, 0x1, 0xff, 0xc7, 0x14, 0x0,
    0xaf, 0xff, 0xff, 0x88, 0x0, 0xa3, 0x0, 0xab,
    0xff, 0xff, 0x84, 0x1, 0x98, 0x3, 0xff, 0x8f,
    0x80, 0x1f, 0xfc, 0xa3, 0x10, 0xf, 0xfe, 0x4c,
    0x8, 0x7, 0x7b, 0xbf, 0xff, 0x8, 0x1c, 0x3,
    0x8c, 0x73, 0x3f, 0xf8, 0x4a, 0x0, 0x34, 0x0,
    0x45, 0xdf, 0xff, 0xe, 0x80, 0x12, 0x32, 0x20,
    0x1f, 0xfc, 0x64, 0x50,

    /* U+F241 "" */
    0x4, 0x4f, 0xfe, 0x38, 0x80, 0x2a, 0xef, 0xff,
    0x8f, 0xe2, 0xa, 0x1, 0xff, 0xc7, 0x14, 0x0,
    0xaf, 0xff, 0xff, 0x88, 0x0, 0xa3, 0x0, 0xb7,
    0xff, 0xfc, 0xc0, 0x1f, 0x30, 0x7, 0xff, 0x1f,
    0x0, 0x3f, 0xf9, 0x46, 0x20, 0x1f, 0xfc, 0x98,
    0x10, 0xe, 0xb7, 0x7f, 0xf2, 0x80, 0x67, 0x0,
    0xe3, 0x2c, 0xcf, 0xf3, 0xa2, 0x4a, 0x0, 0x34,
    0x0, 0x45, 0xdf, 0xff, 0xe, 0x80, 0x12, 0x32,
    0x20, 0x1f, 0xfc, 0x64, 0x50,

    /* U+F242 "" */
    0x4, 0x4f, 0xfe, 0x38, 0x80, 0x2a, 0xef, 0xff,
    0x8f, 0xe2, 0xa, 0x1, 0xff, 0xc7, 0x14, 0x0,
    0xaf, 0xff, 0xff, 0x88, 0x0, 0xa3, 0x0, 0xb3,
    0xff, 0xe1, 0x0, 0xff, 0x30, 0x7, 0xff, 0x1f,
    0x0, 0x3f, 0xf9, 0x46, 0x20, 0x1f, 0xfc, 0x98,
    0x10, 0xe, 0xa7, 0x7f, 0x84, 0x3, 0xe7, 0x0,
    0xe3, 0x2c, 0xcf, 0x91, 0x3e, 0x50, 0x1, 0xa0,
    0x2, 0x2e, 0xff, 0xf8, 0x74, 0x0, 0x91, 0x91,
    0x0, 0xff, 0xe3, 0x22, 0x80,

    /* U+F243 "" */
    0x4, 0x4f, 0xfe, 0x38, 0x80, 0x2a, 0xef, 0xff,
    0x8f, 0xe2, 0xa, 0x1, 0xff, 0xc7, 0x14, 0x0,
    0xaf, 0xff, 0xff, 0x88, 0x0, 0xa3, 0x0, 0xa7,
    0xfe, 0xe0, 0xf, 0xfe, 0x13, 0x0, 0x7f, 0xf1,
    0xf0, 0x3, 0xff, 0x94, 0x62, 0x1, 0xff, 0xc9,
    0x81, 0x0, 0xed, 0x77, 0xa4, 0x3, 0xfe, 0x70,
    0xe, 0x30, 0xcc, 0x8d, 0x13, 0xfc, 0xa0, 0x3,
    0x40, 0x4, 0x5d, 0xff, 0xf0, 0xe8, 0x1, 0x23,
    0x22, 0x1, 0xff, 0xc6, 0x45, 0x0,

    /* U+F244 "" */
    0x4, 0x4f, 0xfe, 0x38, 0x80, 0x2a, 0xef, 0xff,
    0x8f, 0xe2, 0xa, 0x1, 0xff, 0xc7, 0x14, 0x0,
    0xaf, 0xff, 0xff, 0x88, 0x0, 0xa3, 0x0, 0xff,
    0xe5, 0x30, 0x7, 0xff, 0x1f, 0x0, 0x3f, 0xf9,
    0x46, 0x20, 0x1f, 0xfc, 0x98, 0x10, 0xf, 0xfe,
    0x4b, 0x80, 0x71, 0xa2, 0x7f, 0xf0, 0xd4, 0x0,
    0x68, 0x0, 0x8b, 0xbf, 0xfe, 0x1d, 0x0, 0x24,
    0x64, 0x40, 0x3f, 0xf8, 0xc8, 0xa0,

    /* U+F287 "" */
    0x0, 0xff, 0xe0, 0x3c, 0x8, 0x7, 0xff, 0x14,
    0x9a, 0x61, 0xf0, 0x3, 0xff, 0x88, 0x9b, 0xc,
    0x0, 0x20, 0xf, 0xfe, 0x25, 0x3f, 0x68, 0x84,
    0x0, 0x7f, 0x88, 0x3, 0x30, 0x40, 0x17, 0x7b,
    0x80, 0x7e, 0x3e, 0xde, 0x30, 0x5, 0xc8, 0x7,
    0xf1, 0x50, 0x80, 0x3c, 0x40, 0x79, 0x24, 0x88,
    0xab, 0xff, 0x73, 0x81, 0x80, 0x45, 0x6c, 0x15,
    0x5f, 0xe8, 0x0, 0x42, 0xa8, 0x2, 0x5f, 0xfc,
    0x88, 0xff, 0xfb, 0x1, 0x35, 0x69, 0x8d, 0xa8,
    0x3, 0x42, 0x18, 0x7, 0x8a, 0xac, 0x80, 0x13,
    0x92, 0x1, 0xc6, 0x90, 0x5, 0x77, 0x28, 0xa8,
    0x7, 0xff, 0x6, 0x52, 0x6d, 0x12, 0xd0, 0xf,
    0xfe, 0x19, 0x61, 0x20, 0x7, 0xff, 0x20, 0xef,
    0x80, 0x3f, 0xf9, 0x47, 0xff, 0x40, 0x7, 0x0,

    /* U+F293 "" */
    0x0, 0x85, 0xef, 0x75, 0x70, 0x40, 0x1c, 0xbd,
    0x8, 0x4, 0x8f, 0xac, 0x1, 0x25, 0x0, 0x56,
    0xe0, 0x14, 0xa0, 0x2, 0x80, 0x3a, 0x1c, 0x2,
    0x90, 0x41, 0x0, 0xf4, 0x30, 0x0, 0x8f, 0x0,
    0x12, 0x80, 0x1, 0xc9, 0x60, 0x2, 0x18, 0x5,
    0x68, 0x2, 0x44, 0xc0, 0x7, 0x30, 0x2, 0x56,
    0xd0, 0x34, 0x68, 0x0, 0x46, 0x1, 0x52, 0x90,
    0xe, 0x80, 0x4e, 0x1, 0xd2, 0x0, 0x51, 0x0,
    0xc6, 0x1, 0x16, 0x80, 0x1d, 0x80, 0x30, 0x80,
    0xf, 0x9, 0x42, 0x64, 0xa0, 0x7, 0x60, 0x7,
    0x2e, 0x18, 0x31, 0xc0, 0x0, 0xb0, 0x1, 0xf6,
    0x2, 0x14, 0x38, 0x0, 0xf7, 0x0, 0x10, 0x6,
    0x7c, 0x10, 0x3, 0x8b, 0x0, 0x71, 0x60, 0x80,
    0x18, 0x42, 0x50, 0x2, 0xdc, 0x10, 0x1, 0x40,
    0x5, 0x74, 0x60, 0xa2, 0x4, 0xfa, 0x20, 0x19,
    0x73, 0xfb, 0x9f, 0xb0, 0x1, 0x0,

    /* U+F2EA "" */
    0x0, 0xf2, 0x44, 0xd4, 0x20, 0x7, 0x96, 0x40,
    0xd, 0xd6, 0xec, 0xaf, 0x7c, 0xa0, 0x1b, 0x9a,
    0xea, 0x44, 0x3, 0xc3, 0x52, 0x1, 0xc8, 0xa0,
    0x4, 0xac, 0xc5, 0x20, 0x1, 0xa4, 0x3, 0xea,
    0xb5, 0x33, 0x2d, 0xd0, 0x1, 0x94, 0x3, 0xdc,
    0x1, 0xe5, 0xa0, 0x5, 0x80, 0x79, 0x20, 0x3,
    0xca, 0x80, 0x29, 0xea, 0xbd, 0x80, 0x1f, 0x70,
    0x3, 0x12, 0xab, 0x90, 0x3, 0xe7, 0x0, 0x10,
    0x7, 0xff, 0x51, 0x80, 0x6, 0x1, 0xff, 0xc2,
    0xd0, 0x7, 0x80, 0x7f, 0xf0, 0x49, 0x80, 0xe,
    0x1, 0x8c, 0x40, 0x3c, 0x3e, 0x0, 0x61, 0x0,
    0x93, 0x3d, 0x84, 0x0, 0x2d, 0xe4, 0x5, 0x20,
    0x1a, 0x40, 0x67, 0xbb, 0x48, 0x81, 0x78, 0x7,
    0x62, 0x0, 0x42, 0x20, 0x9, 0x30, 0x80, 0x38,
    0x6f, 0x18, 0x84, 0x44, 0xd9, 0x62, 0x1, 0x0,

    /* U+F2ED "" */
    0x0, 0xe5, 0x88, 0xc6, 0x1, 0xca, 0xcd, 0x3d,
    0x3b, 0xed, 0x66, 0xc7, 0x53, 0x34, 0x0, 0x70,
    0xcc, 0xe8, 0x32, 0x2f, 0xfe, 0x11, 0xe7, 0x4c,
    0xff, 0xf0, 0x3e, 0x3, 0x6e, 0xff, 0xf8, 0x10,
    0x1, 0xff, 0xc9, 0xe0, 0x4, 0xa8, 0x1d, 0x80,
    0x7e, 0x10, 0x1, 0x98, 0x1d, 0xc0, 0x1f, 0xff,
    0xf0, 0xf, 0xfe, 0x88, 0x80, 0xc, 0xc0, 0xee,
    0x0, 0xe3, 0x0, 0x70, 0x2, 0x54, 0xe, 0xc0,
    0x6, 0x0, 0x50, 0xf, 0xfe, 0x6, 0x80, 0x23,
    0x6e, 0xff, 0xb3, 0x90, 0x0,

    /* U+F304 "" */
    0x0, 0xff, 0xe1, 0x45, 0x18, 0x7, 0xff, 0xe,
    0xdd, 0x70, 0xc0, 0x3f, 0xf8, 0x36, 0x80, 0x16,
    0x18, 0x7, 0xfc, 0x7e, 0x1, 0xdc, 0x1, 0xfe,
    0xbc, 0xb, 0x0, 0xc6, 0x1, 0xfd, 0x68, 0x16,
    0x16, 0x1, 0x50, 0x7, 0xeb, 0x40, 0xa, 0xc2,
    0xc2, 0xd0, 0x3, 0xeb, 0x40, 0xe, 0xb0, 0xe4,
    0x0, 0xfa, 0xd0, 0x3, 0xf0, 0x80, 0x7d, 0x68,
    0x1, 0xf5, 0xa0, 0x7, 0xd6, 0x80, 0x1f, 0x5a,
    0x0, 0x7d, 0x68, 0x1, 0xf5, 0xa0, 0x7, 0xd6,
    0x80, 0x1f, 0x5a, 0x0, 0x7d, 0x8, 0x1, 0xf5,
    0xa0, 0x7, 0xe2, 0x0, 0xfa, 0xd0, 0x3, 0xf9,
    0x80, 0x3d, 0x68, 0x1, 0xfe, 0x20, 0xe, 0xb4,
    0x0, 0xff, 0x84, 0x2, 0x2b, 0x40, 0xf, 0xfe,
    0x6, 0xe7, 0x7e, 0xa0, 0x7, 0xff, 0x0,

    /* U+F379 "" */
    0x0, 0xf8, 0x4c, 0xc2, 0x1, 0xff, 0xc, 0x77,
    0x33, 0x1d, 0xae, 0x1, 0xf9, 0x39, 0xc4, 0x3,
    0x14, 0x71, 0x80, 0x73, 0x58, 0x6, 0x10, 0xc,
    0x38, 0x80, 0x11, 0xc8, 0x7, 0x5a, 0xc8, 0x6,
    0xb2, 0x0, 0x78, 0x6, 0xec, 0x52, 0x70, 0xe,
    0x90, 0x33, 0x0, 0x6f, 0x31, 0xa1, 0xa0, 0xc,
    0x85, 0x60, 0x1c, 0x60, 0xfb, 0x2b, 0x20, 0x19,
    0x8, 0x3, 0x90, 0x0, 0x42, 0x2, 0x1, 0xbc,
    0x40, 0x3b, 0x0, 0xf2, 0xa, 0x40, 0x31, 0x88,
    0x7, 0x21, 0x57, 0x21, 0x28, 0x6, 0x32, 0x0,
    0x97, 0x85, 0x84, 0x4, 0xc, 0x3, 0x7d, 0x80,
    0x49, 0x62, 0x9d, 0xea, 0x2c, 0x1, 0x90, 0xcc,
    0x0, 0x15, 0xc, 0x1b, 0xaf, 0x10, 0x9, 0x48,
    0x3c, 0x3, 0x50, 0x32, 0x28, 0x80, 0x43, 0x0,
    0x3, 0xa0, 0x9, 0xe, 0x0, 0x3d, 0x44, 0x1,
    0x2d, 0x88, 0x7, 0xe2, 0xc4, 0x0, 0xe4, 0xe8,
    0x20, 0xc, 0x73, 0xa6, 0x1, 0xf9, 0xf7, 0xf7,
    0x5f, 0x8c, 0x1, 0xc0,

    /* U+F55A "" */
    0x0, 0xf2, 0xbc, 0x47, 0xff, 0x1, 0xc8, 0x3,
    0xd5, 0x48, 0x77, 0xff, 0xe0, 0x46, 0x90, 0x6,
    0xb5, 0x0, 0xff, 0xe2, 0x28, 0x5, 0x68, 0x1,
    0xce, 0xa0, 0x12, 0xb8, 0x7, 0x78, 0x2, 0xd0,
    0x3, 0x96, 0x29, 0x41, 0x6a, 0x14, 0x3, 0xd6,
    0x80, 0x1e, 0x53, 0xa, 0x9a, 0x3, 0x50, 0xe,
    0xa4, 0x0, 0xfd, 0x86, 0xc, 0x7, 0x80, 0x1e,
    0x40, 0xf, 0xf5, 0x0, 0x54, 0x1, 0xf5, 0x0,
    0x7f, 0x2c, 0x80, 0x52, 0xa0, 0x1e, 0x4b, 0x0,
    0xf9, 0x28, 0xf, 0x8c, 0x29, 0x0, 0x3c, 0x96,
    0x1, 0xe5, 0x13, 0xc1, 0xc3, 0x15, 0x0, 0xf9,
    0x2c, 0x3, 0x87, 0xf0, 0x2, 0xcf, 0x10, 0xd,
    0xe0, 0x12, 0x58, 0x7, 0x8, 0x7, 0x8, 0x7,
    0x10, 0x6, 0x4c, 0x20, 0xf, 0xfe, 0x13, 0x28,

    /* U+F58F "" */
    0x0, 0xf1, 0xbc, 0xc9, 0xcc, 0x3, 0xfc, 0xbd,
    0x90, 0xcc, 0x8c, 0xe5, 0x0, 0xfa, 0xa8, 0x2d,
    0x7b, 0xd8, 0xe1, 0x54, 0x0, 0xea, 0x54, 0xe9,
    0x42, 0x13, 0x8e, 0x55, 0x50, 0x4, 0xea, 0xd6,
    0x20, 0x1f, 0x53, 0x2b, 0x80, 0xc1, 0x48, 0x7,
    0xfa, 0x4e, 0x5, 0x82, 0x0, 0x3f, 0xf8, 0x10,
    0xd, 0x80, 0xa0, 0x1f, 0xfc, 0x4, 0x1c, 0x53,
    0x0, 0xff, 0xe1, 0x12, 0x8b, 0x80, 0x1e, 0x50,
    0x3, 0x24, 0xb8, 0x1, 0xc4, 0x2, 0xb8, 0x69,
    0x0, 0xd2, 0xd1, 0x60, 0x1e, 0x40, 0xf, 0xf2,
    0x0, 0x70, 0x80, 0x7f, 0xf0, 0x4, 0x0, 0x66,
    0x0, 0xff, 0xe1, 0x19, 0xb2, 0x4, 0x3, 0xff,
    0x80, 0x31, 0x80, 0x15, 0x80, 0x1c, 0x3, 0x38,
    0x2, 0xc0, 0x3c, 0x9f, 0xd4, 0x1, 0xab, 0xbd,
    0x0, 0x20,

    /* U+F7C2 "" */
    0x0, 0x87, 0x3f, 0xfd, 0xcc, 0x1, 0xe, 0x98,
    0x7, 0x86, 0x48, 0x1, 0xa7, 0x70, 0x16, 0x4f,
    0x60, 0x7, 0xc, 0x30, 0x44, 0xa, 0xe, 0xa0,
    0x80, 0x30, 0xc0, 0x3f, 0xf8, 0x6, 0x1, 0x13,
    0x81, 0x1, 0x90, 0x7, 0xdb, 0x63, 0xa7, 0x3a,
    0x20, 0x1f, 0xff, 0xf0, 0xf, 0xff, 0x48, 0x80,
    0x7f, 0xf0, 0x1a, 0xc0, 0x3f, 0xe5, 0x35, 0xec,
    0xbb, 0xfd, 0xb4, 0x0,

    /* U+F8A2 "" */
    0x0, 0xff, 0xe2, 0x98, 0x7, 0xff, 0x15, 0x70,
    0x40, 0x3f, 0xf8, 0x6b, 0x40, 0x1c, 0x7d, 0x20,
    0x1f, 0xdc, 0x1, 0xc9, 0x82, 0x40, 0x1f, 0xfc,
    0x25, 0xb0, 0xf, 0xfe, 0x23, 0x50, 0x4, 0x9f,
    0xff, 0xc8, 0x1, 0x58, 0x7, 0xff, 0x1b, 0x84,
    0x2, 0x13, 0x3f, 0xf9, 0x44, 0xf0, 0x40, 0xb,
    0x99, 0xff, 0x50, 0x0, 0xbc, 0x80, 0x3f, 0xf8,
    0xa3, 0x89, 0xa0, 0x1f, 0xfc, 0x10
};


/*---------------------
 *  GLYPH DESCRIPTION
 *--------------------*/

static const lv_font_fmt_txt_glyph_dsc_t glyph_dsc[] = {
    {.bitmap_index = 0, .adv_w = 0, .box_w = 0, .box_h = 0, .ofs_x = 0, .ofs_y = 0} /* id = 0 reserved */,
    {.bitmap_index = 0, .adv_w = 77, .box_w = 0, .box_h = 0, .ofs_x = 0, .ofs_y = 0},
    {.bitmap_index = 0, .adv_w = 77, .box_w = 3, .box_h = 13, .ofs_x = 1, .ofs_y = 0},
    {.bitmap_index = 18, .adv_w = 113, .box_w = 5, .box_h = 6, .ofs_x = 1, .ofs_y = 7},
    {.bitmap_index = 32, .adv_w = 202, .box_w = 13, .box_h = 13, .ofs_x = 0, .ofs_y = 0},
    {.bitmap_index = 110, .adv_w = 179, .box_w = 11, .box_h = 18, .ofs_x = 0, .ofs_y = -2},
    {.bitmap_index = 190, .adv_w = 243, .box_w = 15, .box_h = 13, .ofs_x = 0, .ofs_y = 0},
    {.bitmap_index = 281, .adv_w = 198, .box_w = 13, .box_h = 14, .ofs_x = 0, .ofs_y = -1},
    {.bitmap_index = 362, .adv_w = 60, .box_w = 2, .box_h = 6, .ofs_x = 1, .ofs_y = 7},
    {.bitmap_index = 369, .adv_w = 97, .box_w = 5, .box_h = 18, .ofs_x = 1, .ofs_y = -4},
    {.bitmap_index = 414, .adv_w = 97, .box_w = 5, .box_h = 18, .ofs_x = 0, .ofs_y = -4},
    {.bitmap_index = 459, .adv_w = 115, .box_w = 7, .box_h = 7, .ofs_x = 0, .ofs_y = 7},
    {.bitmap_index = 484, .adv_w = 168, .box_w = 9, .box_h = 9, .ofs_x = 1, .ofs_y = 2},
    {.bitmap_index = 513, .adv_w = 65, .box_w = 4, .box_h = 6, .ofs_x = 0, .ofs_y = -3},
    {.bitmap_index = 526, .adv_w = 110, .box_w = 5, .box_h = 2, .ofs_x = 1, .ofs_y = 4},
    {.bitmap_index = 530, .adv_w = 65, .box_w = 4, .box_h = 3, .ofs_x = 0, .ofs_y = 0},
    {.bitmap_index = 537, .adv_w = 101, .box_w = 8, .box_h = 18, .ofs_x = -1, .ofs_y = -2},
    {.bitmap_index = 590, .adv_w = 192, .box_w = 12, .box_h = 13, .ofs_x = 0, .ofs_y = 0},
    {.bitmap_index = 662, .adv_w = 107, .box_w = 5, .box_h = 13, .ofs_x = 0, .ofs_y = 0},
    {.bitmap_index = 672, .adv_w = 165, .box_w = 10, .box_h = 13, .ofs_x = 0, .ofs_y = 0},
    {.bitmap_index = 728, .adv_w = 165, .box_w = 10, .box_h = 13, .ofs_x = 0, .ofs_y = 0},
    {.bitmap_index = 781, .adv_w = 193, .box_w = 12, .box_h = 13, .ofs_x = 0, .ofs_y = 0},
    {.bitmap_index = 834, .adv_w = 165, .box_w = 10, .box_h = 13, .ofs_x = 0, .ofs_y = 0},
    {.bitmap_index = 888, .adv_w = 178, .box_w = 11, .box_h = 13, .ofs_x = 0, .ofs_y = 0},
    {.bitmap_index = 953, .adv_w = 172, .box_w = 11, .box_h = 13, .ofs_x = 0, .ofs_y = 0},
    {.bitmap_index = 1003, .adv_w = 185, .box_w = 11, .box_h = 13, .ofs_x = 0, .ofs_y = 0},
    {.bitmap_index = 1074, .adv_w = 178, .box_w = 11, .box_h = 13, .ofs_x = 0, .ofs_y = 0},
    {.bitmap_index = 1142, .adv_w = 65, .box_w = 4, .box_h = 10, .ofs_x = 0, .ofs_y = 0},
    {.bitmap_index = 1159, .adv_w = 65, .box_w = 4, .box_h = 13, .ofs_x = 0, .ofs_y = -3},
    {.bitmap_index = 1182, .adv_w = 168, .box_w = 9, .box_h = 9, .ofs_x = 1, .ofs_y = 2},
    {.bitmap_index = 1219, .adv_w = 168, .box_w = 9, .box_h = 7, .ofs_x = 1, .ofs_y = 3},
    {.bitmap_index = 1238, .adv_w = 168, .box_w = 9, .box_h = 9, .ofs_x = 1, .ofs_y = 2},
    {.bitmap_index = 1275, .adv_w = 165, .box_w = 10, .box_h = 13, .ofs_x = 0, .ofs_y = 0},
    {.bitmap_index = 1326, .adv_w = 298, .box_w = 18, .box_h = 17, .ofs_x = 0, .ofs_y = -4},
    {.bitmap_index = 1458, .adv_w = 211, .box_w = 15, .box_h = 13, .ofs_x = -1, .ofs_y = 0},
    {.bitmap_index = 1528, .adv_w = 218, .box_w = 12, .box_h = 13, .ofs_x = 1, .ofs_y = 0},
    {.bitmap_index = 1587, .adv_w = 205, .box_w = 13, .box_h = 13, .ofs_x = 0, .ofs_y = 0},
    {.bitmap_index = 1653, .adv_w = 238, .box_w = 13, .box_h = 13, .ofs_x = 1, .ofs_y = 0},
    {.bitmap_index = 1710, .adv_w = 193, .box_w = 11, .box_h = 13, .ofs_x = 1, .ofs_y = 0},
    {.bitmap_index = 1743, .adv_w = 183, .box_w = 10, .box_h = 13, .ofs_x = 1, .ofs_y = 0},
    {.bitmap_index = 1769, .adv_w = 222, .box_w = 13, .box_h = 13, .ofs_x = 0, .ofs_y = 0},
    {.bitmap_index = 1837, .adv_w = 234, .box_w = 12, .box_h = 13, .ofs_x = 1, .ofs_y = 0},
    {.bitmap_index = 1859, .adv_w = 89, .box_w = 3, .box_h = 13, .ofs_x = 1, .ofs_y = 0},
    {.bitmap_index = 1864, .adv_w = 148, .box_w = 9, .box_h = 13, .ofs_x = -1, .ofs_y = 0},
    {.bitmap_index = 1893, .adv_w = 207, .box_w = 12, .box_h = 13, .ofs_x = 1, .ofs_y = 0},
    {.bitmap_index = 1950, .adv_w = 171, .box_w = 10, .box_h = 13, .ofs_x = 1, .ofs_y = 0},
    {.bitmap_index = 1965, .adv_w = 275, .box_w = 15, .box_h = 13, .ofs_x = 1, .ofs_y = 0},
    {.bitmap_index = 2033, .adv_w = 234, .box_w = 12, .box_h = 13, .ofs_x = 1, .ofs_y = 0},
    {.bitmap_index = 2083, .adv_w = 242, .box_w = 15, .box_h = 13, .ofs_x = 0, .ofs_y = 0},
    {.bitmap_index = 2165, .adv_w = 208, .box_w = 12, .box_h = 13, .ofs_x = 1, .ofs_y = 0},
    {.bitmap_index = 2211, .adv_w = 242, .box_w = 15, .box_h = 16, .ofs_x = 0, .ofs_y = -3},
    {.bitmap_index = 2310, .adv_w = 209, .box_w = 12, .box_h = 13, .ofs_x = 1, .ofs_y = 0},
    {.bitmap_index = 2365, .adv_w = 179, .box_w = 11, .box_h = 13, .ofs_x = 0, .ofs_y = 0},
    {.bitmap_index = 2429, .adv_w = 169, .box_w = 11, .box_h = 13, .ofs_x = 0, .ofs_y = 0},
    {.bitmap_index = 2449, .adv_w = 228, .box_w = 12, .box_h = 13, .ofs_x = 1, .ofs_y = 0},
    {.bitmap_index = 2487, .adv_w = 205, .box_w = 14, .box_h = 13, .ofs_x = -1, .ofs_y = 0},
    {.bitmap_index = 2558, .adv_w = 324, .box_w = 20, .box_h = 13, .ofs_x = 0, .ofs_y = 0},
    {.bitmap_index = 2671, .adv_w = 194, .box_w = 12, .box_h = 13, .ofs_x = 0, .ofs_y = 0},
    {.bitmap_index = 2739, .adv_w = 186, .box_w = 13, .box_h = 13, .ofs_x = -1, .ofs_y = 0},
    {.bitmap_index = 2792, .adv_w = 189, .box_w = 12, .box_h = 13, .ofs_x = 0, .ofs_y = 0},
    {.bitmap_index = 2845, .adv_w = 96, .box_w = 5, .box_h = 18, .ofs_x = 1, .ofs_y = -4},
    {.bitmap_index = 2860, .adv_w = 101, .box_w = 8, .box_h = 18, .ofs_x = -1, .ofs_y = -2},
    {.bitmap_index = 2911, .adv_w = 96, .box_w = 5, .box_h = 18, .ofs_x = 0, .ofs_y = -4},
    {.bitmap_index = 2926, .adv_w = 168, .box_w = 9, .box_h = 8, .ofs_x = 1, .ofs_y = 3},
    {.bitmap_index = 2959, .adv_w = 144, .box_w = 9, .box_h = 2, .ofs_x = 0, .ofs_y = -2},
    {.bitmap_index = 2963, .adv_w = 173, .box_w = 5, .box_h = 3, .ofs_x = 2, .ofs_y = 11},
    {.bitmap_index = 2971, .adv_w = 172, .box_w = 10, .box_h = 10, .ofs_x = 0, .ofs_y = 0},
    {.bitmap_index = 3020, .adv_w = 196, .box_w = 11, .box_h = 14, .ofs_x = 1, .ofs_y = 0},
    {.bitmap_index = 3072, .adv_w = 164, .box_w = 10, .box_h = 10, .ofs_x = 0, .ofs_y = 0},
    {.bitmap_index = 3114, .adv_w = 196, .box_w = 11, .box_h = 14, .ofs_x = 0, .ofs_y = 0},
    {.bitmap_index = 3167, .adv_w = 176, .box_w = 11, .box_h = 10, .ofs_x = 0, .ofs_y = 0},
    {.bitmap_index = 3217, .adv_w = 102, .box_w = 7, .box_h = 14, .ofs_x = 0, .ofs_y = 0},
    {.bitmap_index = 3246, .adv_w = 199, .box_w = 11, .box_h = 14, .ofs_x = 0, .ofs_y = -4},
    {.bitmap_index = 3315, .adv_w = 196, .box_w = 10, .box_h = 14, .ofs_x = 1, .ofs_y = 0},
    {.bitmap_index = 3349, .adv_w = 80, .box_w = 3, .box_h = 14, .ofs_x = 1, .ofs_y = 0},
    {.bitmap_index = 3360, .adv_w = 82, .box_w = 6, .box_h = 18, .ofs_x = -2, .ofs_y = -4},
    {.bitmap_index = 3384, .adv_w = 177, .box_w = 11, .box_h = 14, .ofs_x = 1, .ofs_y = 0},
    {.bitmap_index = 3431, .adv_w = 80, .box_w = 3, .box_h = 14, .ofs_x = 1, .ofs_y = 0},
    {.bitmap_index = 3436, .adv_w = 304, .box_w = 17, .box_h = 10, .ofs_x = 1, .ofs_y = 0},
    {.bitmap_index = 3484, .adv_w = 196, .box_w = 10, .box_h = 10, .ofs_x = 1, .ofs_y = 0},
    {.bitmap_index = 3515, .adv_w = 183, .box_w = 11, .box_h = 10, .ofs_x = 0, .ofs_y = 0},
    {.bitmap_index = 3564, .adv_w = 196, .box_w = 11, .box_h = 14, .ofs_x = 1, .ofs_y = -4},
    {.bitmap_index = 3620, .adv_w = 196, .box_w = 11, .box_h = 14, .ofs_x = 0, .ofs_y = -4},
    {.bitmap_index = 3675, .adv_w = 118, .box_w = 6, .box_h = 10, .ofs_x = 1, .ofs_y = 0},
    {.bitmap_index = 3694, .adv_w = 144, .box_w = 9, .box_h = 10, .ofs_x = 0, .ofs_y = 0},
    {.bitmap_index = 3738, .adv_w = 119, .box_w = 7, .box_h = 12, .ofs_x = 0, .ofs_y = 0},
    {.bitmap_index = 3766, .adv_w = 195, .box_w = 10, .box_h = 10, .ofs_x = 1, .ofs_y = 0},
    {.bitmap_index = 3795, .adv_w = 161, .box_w = 12, .box_h = 10, .ofs_x = -1, .ofs_y = 0},
    {.bitmap_index = 3846, .adv_w = 259, .box_w = 17, .box_h = 10, .ofs_x = 0, .ofs_y = 0},
    {.bitmap_index = 3924, .adv_w = 159, .box_w = 10, .box_h = 10, .ofs_x = 0, .ofs_y = 0},
    {.bitmap_index = 3970, .adv_w = 161, .box_w = 12, .box_h = 14, .ofs_x = -1, .ofs_y = -4},
    {.bitmap_index = 4039, .adv_w = 150, .box_w = 9, .box_h = 10, .ofs_x = 0, .ofs_y = 0},
    {.bitmap_index = 4076, .adv_w = 101, .box_w = 5, .box_h = 18, .ofs_x = 1, .ofs_y = -4},
    {.bitmap_index = 4111, .adv_w = 86, .box_w = 3, .box_h = 18, .ofs_x = 1, .ofs_y = -4},
    {.bitmap_index = 4116, .adv_w = 101, .box_w = 6, .box_h = 18, .ofs_x = 0, .ofs_y = -4},
    {.bitmap_index = 4153, .adv_w = 168, .box_w = 9, .box_h = 5, .ofs_x = 1, .ofs_y = 4},
    {.bitmap_index = 4175, .adv_w = 77, .box_w = 0, .box_h = 0, .ofs_x = 0, .ofs_y = 0},
    {.bitmap_index = 4175, .adv_w = 77, .box_w = 3, .box_h = 13, .ofs_x = 1, .ofs_y = -3},
    {.bitmap_index = 4195, .adv_w = 164, .box_w = 10, .box_h = 15, .ofs_x = 0, .ofs_y = -3},
    {.bitmap_index = 4254, .adv_w = 186, .box_w = 12, .box_h = 13, .ofs_x = 0, .ofs_y = 0},
    {.bitmap_index = 4311, .adv_w = 202, .box_w = 13, .box_h = 13, .ofs_x = 0, .ofs_y = -1},
    {.bitmap_index = 4388, .adv_w = 204, .box_w = 14, .box_h = 13, .ofs_x = -1, .ofs_y = 0},
    {.bitmap_index = 4464, .adv_w = 86, .box_w = 3, .box_h = 18, .ofs_x = 1, .ofs_y = -4},
    {.bitmap_index = 4480, .adv_w = 144, .box_w = 9, .box_h = 16, .ofs_x = 0, .ofs_y = -3},
    {.bitmap_index = 4549, .adv_w = 173, .box_w = 6, .box_h = 2, .ofs_x = 2, .ofs_y = 12},
    {.bitmap_index = 4555, .adv_w = 231, .box_w = 14, .box_h = 13, .ofs_x = 0, .ofs_y = 0},
    {.bitmap_index = 4641, .adv_w = 116, .box_w = 7, .box_h = 6, .ofs_x = 0, .ofs_y = 7},
    {.bitmap_index = 4662, .adv_w = 145, .box_w = 9, .box_h = 8, .ofs_x = 0, .ofs_y = 1},
    {.bitmap_index = 4698, .adv_w = 168, .box_w = 9, .box_h = 6, .ofs_x = 1, .ofs_y = 2},
    {.bitmap_index = 4714, .adv_w = 231, .box_w = 14, .box_h = 13, .ofs_x = 0, .ofs_y = 0},
    {.bitmap_index = 4802, .adv_w = 173, .box_w = 7, .box_h = 2, .ofs_x = 2, .ofs_y = 11},
    {.bitmap_index = 4807, .adv_w = 121, .box_w = 7, .box_h = 7, .ofs_x = 0, .ofs_y = 6},
    {.bitmap_index = 4831, .adv_w = 168, .box_w = 9, .box_h = 11, .ofs_x = 1, .ofs_y = 0},
    {.bitmap_index = 4865, .adv_w = 124, .box_w = 7, .box_h = 7, .ofs_x = 0, .ofs_y = 6},
    {.bitmap_index = 4890, .adv_w = 124, .box_w = 7, .box_h = 7, .ofs_x = 0, .ofs_y = 6},
    {.bitmap_index = 4913, .adv_w = 173, .box_w = 5, .box_h = 3, .ofs_x = 4, .ofs_y = 11},
    {.bitmap_index = 4921, .adv_w = 196, .box_w = 10, .box_h = 14, .ofs_x = 1, .ofs_y = -4},
    {.bitmap_index = 4955, .adv_w = 187, .box_w = 10, .box_h = 16, .ofs_x = 0, .ofs_y = -2},
    {.bitmap_index = 4989, .adv_w = 77, .box_w = 3, .box_h = 3, .ofs_x = 1, .ofs_y = 4},
    {.bitmap_index = 4994, .adv_w = 173, .box_w = 5, .box_h = 5, .ofs_x = 3, .ofs_y = -5},
    {.bitmap_index = 5007, .adv_w = 124, .box_w = 6, .box_h = 7, .ofs_x = 1, .ofs_y = 6},
    {.bitmap_index = 5018, .adv_w = 120, .box_w = 7, .box_h = 7, .ofs_x = 0, .ofs_y = 6},
    {.bitmap_index = 5042, .adv_w = 145, .box_w = 9, .box_h = 8, .ofs_x = 0, .ofs_y = 1},
    {.bitmap_index = 5077, .adv_w = 298, .box_w = 18, .box_h = 14, .ofs_x = 1, .ofs_y = -1},
    {.bitmap_index = 5175, .adv_w = 298, .box_w = 17, .box_h = 14, .ofs_x = 1, .ofs_y = -1},
    {.bitmap_index = 5269, .adv_w = 298, .box_w = 19, .box_h = 14, .ofs_x = 0, .ofs_y = -1},
    {.bitmap_index = 5382, .adv_w = 165, .box_w = 10, .box_h = 13, .ofs_x = 1, .ofs_y = -3},
    {.bitmap_index = 5432, .adv_w = 211, .box_w = 15, .box_h = 17, .ofs_x = -1, .ofs_y = 0},
    {.bitmap_index = 5521, .adv_w = 211, .box_w = 15, .box_h = 17, .ofs_x = -1, .ofs_y = 0},
    {.bitmap_index = 5608, .adv_w = 211, .box_w = 15, .box_h = 17, .ofs_x = -1, .ofs_y = 0},
    {.bitmap_index = 5697, .adv_w = 211, .box_w = 15, .box_h = 17, .ofs_x = -1, .ofs_y = 0},
    {.bitmap_index = 5789, .adv_w = 211, .box_w = 15, .box_h = 16, .ofs_x = -1, .ofs_y = 0},
    {.bitmap_index = 5874, .adv_w = 211, .box_w = 15, .box_h = 18, .ofs_x = -1, .ofs_y = 0},
    {.bitmap_index = 5966, .adv_w = 302, .box_w = 19, .box_h = 13, .ofs_x = -1, .ofs_y = 0},
    {.bitmap_index = 6045, .adv_w = 205, .box_w = 13, .box_h = 17, .ofs_x = 0, .ofs_y = -4},
    {.bitmap_index = 6130, .adv_w = 193, .box_w = 11, .box_h = 17, .ofs_x = 1, .ofs_y = 0},
    {.bitmap_index = 6178, .adv_w = 193, .box_w = 11, .box_h = 17, .ofs_x = 1, .ofs_y = 0},
    {.bitmap_index = 6226, .adv_w = 193, .box_w = 11, .box_h = 17, .ofs_x = 1, .ofs_y = 0},
    {.bitmap_index = 6277, .adv_w = 193, .box_w = 11, .box_h = 16, .ofs_x = 1, .ofs_y = 0},
    {.bitmap_index = 6324, .adv_w = 89, .box_w = 6, .box_h = 17, .ofs_x = -1, .ofs_y = 0},
    {.bitmap_index = 6341, .adv_w = 89, .box_w = 6, .box_h = 17, .ofs_x = 1, .ofs_y = 0},
    {.bitmap_index = 6358, .adv_w = 89, .box_w = 8, .box_h = 17, .ofs_x = -1, .ofs_y = 0},
    {.bitmap_index = 6383, .adv_w = 89, .box_w = 6, .box_h = 16, .ofs_x = 0, .ofs_y = 0},
    {.bitmap_index = 6397, .adv_w = 240, .box_w = 15, .box_h = 13, .ofs_x = 0, .ofs_y = 0},
    {.bitmap_index = 6472, .adv_w = 234, .box_w = 12, .box_h = 17, .ofs_x = 1, .ofs_y = 0},
    {.bitmap_index = 6543, .adv_w = 242, .box_w = 15, .box_h = 17, .ofs_x = 0, .ofs_y = 0},
    {.bitmap_index = 6642, .adv_w = 242, .box_w = 15, .box_h = 17, .ofs_x = 0, .ofs_y = 0},
    {.bitmap_index = 6740, .adv_w = 242, .box_w = 15, .box_h = 17, .ofs_x = 0, .ofs_y = 0},
    {.bitmap_index = 6842, .adv_w = 242, .box_w = 15, .box_h = 17, .ofs_x = 0, .ofs_y = 0},
    {.bitmap_index = 6945, .adv_w = 242, .box_w = 15, .box_h = 17, .ofs_x = 0, .ofs_y = 0},
    {.bitmap_index = 7043, .adv_w = 168, .box_w = 8, .box_h = 8, .ofs_x = 1, .ofs_y = 3},
    {.bitmap_index = 7073, .adv_w = 242, .box_w = 15, .box_h = 16, .ofs_x = 0, .ofs_y = -1},
    {.bitmap_index = 7181, .adv_w = 228, .box_w = 12, .box_h = 17, .ofs_x = 1, .ofs_y = 0},
    {.bitmap_index = 7234, .adv_w = 228, .box_w = 12, .box_h = 17, .ofs_x = 1, .ofs_y = 0},
    {.bitmap_index = 7287, .adv_w = 228, .box_w = 12, .box_h = 17, .ofs_x = 1, .ofs_y = 0},
    {.bitmap_index = 7344, .adv_w = 228, .box_w = 12, .box_h = 17, .ofs_x = 1, .ofs_y = 0},
    {.bitmap_index = 7398, .adv_w = 186, .box_w = 13, .box_h = 17, .ofs_x = -1, .ofs_y = 0},
    {.bitmap_index = 7467, .adv_w = 208, .box_w = 12, .box_h = 13, .ofs_x = 1, .ofs_y = 0},
    {.bitmap_index = 7520, .adv_w = 195, .box_w = 11, .box_h = 14, .ofs_x = 1, .ofs_y = 0},
    {.bitmap_index = 7583, .adv_w = 172, .box_w = 10, .box_h = 14, .ofs_x = 0, .ofs_y = 0},
    {.bitmap_index = 7646, .adv_w = 172, .box_w = 10, .box_h = 14, .ofs_x = 0, .ofs_y = 0},
    {.bitmap_index = 7709, .adv_w = 172, .box_w = 10, .box_h = 14, .ofs_x = 0, .ofs_y = 0},
    {.bitmap_index = 7776, .adv_w = 172, .box_w = 10, .box_h = 14, .ofs_x = 0, .ofs_y = 0},
    {.bitmap_index = 7843, .adv_w = 172, .box_w = 10, .box_h = 14, .ofs_x = 0, .ofs_y = 0},
    {.bitmap_index = 7907, .adv_w = 172, .box_w = 10, .box_h = 15, .ofs_x = 0, .ofs_y = 0},
    {.bitmap_index = 7973, .adv_w = 285, .box_w = 18, .box_h = 10, .ofs_x = 0, .ofs_y = 0},
    {.bitmap_index = 8058, .adv_w = 164, .box_w = 10, .box_h = 14, .ofs_x = 0, .ofs_y = -4},
    {.bitmap_index = 8117, .adv_w = 176, .box_w = 11, .box_h = 14, .ofs_x = 0, .ofs_y = 0},
    {.bitmap_index = 8182, .adv_w = 176, .box_w = 11, .box_h = 14, .ofs_x = 0, .ofs_y = 0},
    {.bitmap_index = 8247, .adv_w = 176, .box_w = 11, .box_h = 14, .ofs_x = 0, .ofs_y = 0},
    {.bitmap_index = 8315, .adv_w = 176, .box_w = 11, .box_h = 14, .ofs_x = 0, .ofs_y = 0},
    {.bitmap_index = 8379, .adv_w = 80, .box_w = 5, .box_h = 14, .ofs_x = -1, .ofs_y = 0},
    {.bitmap_index = 8395, .adv_w = 80, .box_w = 5, .box_h = 14, .ofs_x = 1, .ofs_y = 0},
    {.bitmap_index = 8410, .adv_w = 80, .box_w = 7, .box_h = 14, .ofs_x = -1, .ofs_y = 0},
    {.bitmap_index = 8430, .adv_w = 80, .box_w = 5, .box_h = 14, .ofs_x = 0, .ofs_y = 0},
    {.bitmap_index = 8444, .adv_w = 172, .box_w = 10, .box_h = 14, .ofs_x = 0, .ofs_y = 0},
    {.bitmap_index = 8508, .adv_w = 196, .box_w = 10, .box_h = 14, .ofs_x = 1, .ofs_y = 0},
    {.bitmap_index = 8558, .adv_w = 183, .box_w = 11, .box_h = 14, .ofs_x = 0, .ofs_y = 0},
    {.bitmap_index = 8622, .adv_w = 183, .box_w = 11, .box_h = 14, .ofs_x = 0, .ofs_y = 0},
    {.bitmap_index = 8685, .adv_w = 183, .box_w = 11, .box_h = 14, .ofs_x = 0, .ofs_y = 0},
    {.bitmap_index = 8752, .adv_w = 183, .box_w = 11, .box_h = 14, .ofs_x = 0, .ofs_y = 0},
    {.bitmap_index = 8818, .adv_w = 183, .box_w = 11, .box_h = 14, .ofs_x = 0, .ofs_y = 0},
    {.bitmap_index = 8882, .adv_w = 168, .box_w = 9, .box_h = 10, .ofs_x = 1, .ofs_y = 2},
    {.bitmap_index = 8914, .adv_w = 183, .box_w = 11, .box_h = 13, .ofs_x = 0, .ofs_y = -2},
    {.bitmap_index = 8980, .adv_w = 195, .box_w = 10, .box_h = 14, .ofs_x = 1, .ofs_y = 0},
    {.bitmap_index = 9024, .adv_w = 195, .box_w = 10, .box_h = 14, .ofs_x = 1, .ofs_y = 0},
    {.bitmap_index = 9067, .adv_w = 195, .box_w = 10, .box_h = 14, .ofs_x = 1, .ofs_y = 0},
    {.bitmap_index = 9114, .adv_w = 195, .box_w = 10, .box_h = 14, .ofs_x = 1, .ofs_y = 0},
    {.bitmap_index = 9159, .adv_w = 161, .box_w = 12, .box_h = 18, .ofs_x = -1, .ofs_y = -4},
    {.bitmap_index = 9243, .adv_w = 196, .box_w = 11, .box_h = 18, .ofs_x = 1, .ofs_y = -4},
    {.bitmap_index = 9302, .adv_w = 161, .box_w = 12, .box_h = 18, .ofs_x = -1, .ofs_y = -4},
    {.bitmap_index = 9387, .adv_w = 144, .box_w = 9, .box_h = 3, .ofs_x = 0, .ofs_y = 4},
    {.bitmap_index = 9393, .adv_w = 288, .box_w = 18, .box_h = 3, .ofs_x = 0, .ofs_y = 4},
    {.bitmap_index = 9403, .adv_w = 65, .box_w = 4, .box_h = 6, .ofs_x = 0, .ofs_y = 8},
    {.bitmap_index = 9415, .adv_w = 65, .box_w = 4, .box_h = 6, .ofs_x = 0, .ofs_y = 8},
    {.bitmap_index = 9428, .adv_w = 120, .box_w = 7, .box_h = 6, .ofs_x = 0, .ofs_y = 8},
    {.bitmap_index = 9449, .adv_w = 120, .box_w = 7, .box_h = 6, .ofs_x = 0, .ofs_y = 8},
    {.bitmap_index = 9471, .adv_w = 90, .box_w = 4, .box_h = 4, .ofs_x = 1, .ofs_y = 3},
    {.bitmap_index = 9480, .adv_w = 199, .box_w = 12, .box_h = 3, .ofs_x = 0, .ofs_y = 0},
    {.bitmap_index = 9499, .adv_w = 234, .box_w = 12, .box_h = 18, .ofs_x = 2, .ofs_y = -2},
    {.bitmap_index = 9579, .adv_w = 207, .box_w = 12, .box_h = 19, .ofs_x = 0, .ofs_y = -3},
    {.bitmap_index = 9663, .adv_w = 207, .box_w = 11, .box_h = 19, .ofs_x = 0, .ofs_y = -3},
    {.bitmap_index = 9730, .adv_w = 288, .box_w = 19, .box_h = 19, .ofs_x = 0, .ofs_y = -3},
    {.bitmap_index = 9832, .adv_w = 288, .box_w = 18, .box_h = 19, .ofs_x = 0, .ofs_y = -3},
    {.bitmap_index = 9970, .adv_w = 288, .box_w = 20, .box_h = 17, .ofs_x = -1, .ofs_y = -2},
    {.bitmap_index = 10082, .adv_w = 324, .box_w = 20, .box_h = 19, .ofs_x = 0, .ofs_y = -3},
    {.bitmap_index = 10201, .adv_w = 288, .box_w = 18, .box_h = 14, .ofs_x = 0, .ofs_y = 0},
    {.bitmap_index = 10295, .adv_w = 288, .box_w = 18, .box_h = 17, .ofs_x = 0, .ofs_y = -2},
    {.bitmap_index = 10376, .adv_w = 288, .box_w = 18, .box_h = 14, .ofs_x = 0, .ofs_y = 0},
    {.bitmap_index = 10468, .adv_w = 198, .box_w = 13, .box_h = 13, .ofs_x = 0, .ofs_y = 0},
    {.bitmap_index = 10545, .adv_w = 288, .box_w = 18, .box_h = 19, .ofs_x = 0, .ofs_y = -3},
    {.bitmap_index = 10695, .adv_w = 288, .box_w = 18, .box_h = 19, .ofs_x = 0, .ofs_y = -3},
    {.bitmap_index = 10837, .adv_w = 288, .box_w = 19, .box_h = 18, .ofs_x = 0, .ofs_y = -2},
    {.bitmap_index = 10973, .adv_w = 288, .box_w = 18, .box_h = 19, .ofs_x = 0, .ofs_y = -3},
    {.bitmap_index = 11106, .adv_w = 324, .box_w = 21, .box_h = 17, .ofs_x = 0, .ofs_y = -2},
    {.bitmap_index = 11225, .adv_w = 288, .box_w = 18, .box_h = 19, .ofs_x = 0, .ofs_y = -3},
    {.bitmap_index = 11317, .adv_w = 324, .box_w = 21, .box_h = 14, .ofs_x = 0, .ofs_y = 0},
    {.bitmap_index = 11401, .adv_w = 288, .box_w = 18, .box_h = 19, .ofs_x = 0, .ofs_y = -3},
    {.bitmap_index = 11543, .adv_w = 144, .box_w = 9, .box_h = 15, .ofs_x = 0, .ofs_y = -1},
    {.bitmap_index = 11579, .adv_w = 216, .box_w = 14, .box_h = 15, .ofs_x = 0, .ofs_y = -1},
    {.bitmap_index = 11643, .adv_w = 324, .box_w = 21, .box_h = 18, .ofs_x = 0, .ofs_y = -2},
    {.bitmap_index = 11778, .adv_w = 252, .box_w = 16, .box_h = 17, .ofs_x = 0, .ofs_y = -2},
    {.bitmap_index = 11875, .adv_w = 288, .box_w = 18, .box_h = 17, .ofs_x = 0, .ofs_y = -2},
    {.bitmap_index = 11974, .adv_w = 288, .box_w = 18, .box_h = 14, .ofs_x = 0, .ofs_y = 0},
    {.bitmap_index = 12058, .adv_w = 198, .box_w = 13, .box_h = 19, .ofs_x = 0, .ofs_y = -3},
    {.bitmap_index = 12147, .adv_w = 252, .box_w = 12, .box_h = 17, .ofs_x = 2, .ofs_y = -2},
    {.bitmap_index = 12206, .adv_w = 252, .box_w = 16, .box_h = 19, .ofs_x = 0, .ofs_y = -3},
    {.bitmap_index = 12293, .adv_w = 252, .box_w = 16, .box_h = 17, .ofs_x = 0, .ofs_y = -2},
    {.bitmap_index = 12341, .adv_w = 252, .box_w = 16, .box_h = 17, .ofs_x = 0, .ofs_y = -2},
    {.bitmap_index = 12375, .adv_w = 252, .box_w = 12, .box_h = 17, .ofs_x = 2, .ofs_y = -2},
    {.bitmap_index = 12435, .adv_w = 252, .box_w = 18, .box_h = 17, .ofs_x = -1, .ofs_y = -2},
    {.bitmap_index = 12527, .adv_w = 180, .box_w = 11, .box_h = 16, .ofs_x = 0, .ofs_y = -1},
    {.bitmap_index = 12598, .adv_w = 180, .box_w = 11, .box_h = 16, .ofs_x = 0, .ofs_y = -1},
    {.bitmap_index = 12669, .adv_w = 252, .box_w = 16, .box_h = 17, .ofs_x = 0, .ofs_y = -2},
    {.bitmap_index = 12729, .adv_w = 252, .box_w = 16, .box_h = 4, .ofs_x = 0, .ofs_y = 5},
    {.bitmap_index = 12746, .adv_w = 324, .box_w = 21, .box_h = 14, .ofs_x = 0, .ofs_y = 0},
    {.bitmap_index = 12876, .adv_w = 360, .box_w = 23, .box_h = 19, .ofs_x = 0, .ofs_y = -3},
    {.bitmap_index = 13050, .adv_w = 324, .box_w = 22, .box_h = 19, .ofs_x = -1, .ofs_y = -3},
    {.bitmap_index = 13184, .adv_w = 288, .box_w = 18, .box_h = 17, .ofs_x = 0, .ofs_y = -2},
    {.bitmap_index = 13311, .adv_w = 252, .box_w = 16, .box_h = 10, .ofs_x = 0, .ofs_y = 2},
    {.bitmap_index = 13374, .adv_w = 252, .box_w = 16, .box_h = 10, .ofs_x = 0, .ofs_y = 2},
    {.bitmap_index = 13440, .adv_w = 360, .box_w = 24, .box_h = 15, .ofs_x = -1, .ofs_y = -1},
    {.bitmap_index = 13545, .adv_w = 288, .box_w = 18, .box_h = 14, .ofs_x = 0, .ofs_y = 0},
    {.bitmap_index = 13581, .adv_w = 288, .box_w = 18, .box_h = 19, .ofs_x = 0, .ofs_y = -3},
    {.bitmap_index = 13675, .adv_w = 288, .box_w = 19, .box_h = 19, .ofs_x = -1, .ofs_y = -3},
    {.bitmap_index = 13796, .adv_w = 252, .box_w = 16, .box_h = 17, .ofs_x = 0, .ofs_y = -2},
    {.bitmap_index = 13918, .adv_w = 252, .box_w = 16, .box_h = 19, .ofs_x = 0, .ofs_y = -3},
    {.bitmap_index = 13979, .adv_w = 252, .box_w = 16, .box_h = 17, .ofs_x = 0, .ofs_y = -2},
    {.bitmap_index = 14058, .adv_w = 252, .box_w = 16, .box_h = 15, .ofs_x = 0, .ofs_y = -1},
    {.bitmap_index = 14114, .adv_w = 288, .box_w = 18, .box_h = 14, .ofs_x = 0, .ofs_y = 0},
    {.bitmap_index = 14190, .adv_w = 180, .box_w = 13, .box_h = 19, .ofs_x = -1, .ofs_y = -3},
    {.bitmap_index = 14273, .adv_w = 252, .box_w = 16, .box_h = 19, .ofs_x = 0, .ofs_y = -3},
    {.bitmap_index = 14355, .adv_w = 252, .box_w = 16, .box_h = 19, .ofs_x = 0, .ofs_y = -3},
    {.bitmap_index = 14448, .adv_w = 324, .box_w = 21, .box_h = 14, .ofs_x = 0, .ofs_y = 0},
    {.bitmap_index = 14551, .adv_w = 288, .box_w = 20, .box_h = 20, .ofs_x = -1, .ofs_y = -3},
    {.bitmap_index = 14659, .adv_w = 216, .box_w = 15, .box_h = 19, .ofs_x = -1, .ofs_y = -3},
    {.bitmap_index = 14764, .adv_w = 216, .box_w = 14, .box_h = 19, .ofs_x = 0, .ofs_y = -3},
    {.bitmap_index = 14809, .adv_w = 288, .box_w = 18, .box_h = 19, .ofs_x = 0, .ofs_y = -3},
    {.bitmap_index = 14915, .adv_w = 288, .box_w = 18, .box_h = 19, .ofs_x = 0, .ofs_y = -3},
    {.bitmap_index = 15022, .adv_w = 252, .box_w = 16, .box_h = 19, .ofs_x = 0, .ofs_y = -3},
    {.bitmap_index = 15131, .adv_w = 360, .box_w = 23, .box_h = 18, .ofs_x = 0, .ofs_y = -2},
    {.bitmap_index = 15278, .adv_w = 360, .box_w = 23, .box_h = 12, .ofs_x = 0, .ofs_y = 1},
    {.bitmap_index = 15346, .adv_w = 360, .box_w = 23, .box_h = 12, .ofs_x = 0, .ofs_y = 1},
    {.bitmap_index = 15415, .adv_w = 360, .box_w = 23, .box_h = 12, .ofs_x = 0, .ofs_y = 1},
    {.bitmap_index = 15484, .adv_w = 360, .box_w = 23, .box_h = 12, .ofs_x = 0, .ofs_y = 1},
    {.bitmap_index = 15554, .adv_w = 360, .box_w = 23, .box_h = 12, .ofs_x = 0, .ofs_y = 1},
    {.bitmap_index = 15616, .adv_w = 360, .box_w = 23, .box_h = 15, .ofs_x = 0, .ofs_y = -1},
    {.bitmap_index = 15728, .adv_w = 252, .box_w = 14, .box_h = 19, .ofs_x = 1, .ofs_y = -3},
    {.bitmap_index = 15854, .adv_w = 288, .box_w = 18, .box_h = 18, .ofs_x = 0, .ofs_y = -2},
    {.bitmap_index = 15974, .adv_w = 252, .box_w = 16, .box_h = 19, .ofs_x = 0, .ofs_y = -3},
    {.bitmap_index = 16051, .adv_w = 288, .box_w = 19, .box_h = 19, .ofs_x = -1, .ofs_y = -3},
    {.bitmap_index = 16162, .adv_w = 288, .box_w = 18, .box_h = 19, .ofs_x = 0, .ofs_y = -3},
    {.bitmap_index = 16302, .adv_w = 360, .box_w = 23, .box_h = 14, .ofs_x = 0, .ofs_y = 0},
    {.bitmap_index = 16414, .adv_w = 288, .box_w = 18, .box_h = 17, .ofs_x = 0, .ofs_y = -2},
    {.bitmap_index = 16528, .adv_w = 216, .box_w = 14, .box_h = 19, .ofs_x = 0, .ofs_y = -3},
    {.bitmap_index = 16588, .adv_w = 290, .box_w = 19, .box_h = 12, .ofs_x = 0, .ofs_y = 1}
};

/*---------------------
 *  CHARACTER MAPPING
 *--------------------*/

static const uint16_t unicode_list_3[] = {
    0x0, 0x1, 0x5, 0x6, 0x9, 0xa, 0xf, 0x13,
    0xac, 0x2e1c, 0x2e1d, 0xcfee, 0xcfef, 0xcff1, 0xcff2, 0xcff5,
    0xcff8, 0xcff9, 0xcffa, 0xcffb, 0xcffd, 0xcffe, 0xd000, 0xd002,
    0xd006, 0xd009, 0xd00e, 0xd013, 0xd014, 0xd015, 0xd016, 0xd01d,
    0xd02b, 0xd030, 0xd035, 0xd038, 0xd039, 0xd03a, 0xd03e, 0xd03f,
    0xd040, 0xd041, 0xd054, 0xd055, 0xd05b, 0xd05d, 0xd05e, 0xd061,
    0xd064, 0xd065, 0xd066, 0xd068, 0xd080, 0xd082, 0xd0b1, 0xd0b2,
    0xd0b4, 0xd0b6, 0xd0cd, 0xd0d4, 0xd0d7, 0xd0e0, 0xd109, 0xd111,
    0xd147, 0xd148, 0xd151, 0xd152, 0xd1cd, 0xd1d8, 0xd22d, 0xd22e,
    0xd22f, 0xd230, 0xd231, 0xd274, 0xd280, 0xd2d7, 0xd2da, 0xd2f1,
    0xd366, 0xd547, 0xd57c, 0xd7af, 0xd88f
};

/*Collect the unicode lists and glyph_id offsets*/
static const lv_font_fmt_txt_cmap_t cmaps[] =
{
    {
        .range_start = 32, .range_length = 95, .glyph_id_start = 1,
        .unicode_list = NULL, .glyph_id_ofs_list = NULL, .list_length = 0, .type = LV_FONT_FMT_TXT_CMAP_FORMAT0_TINY
    },
    {
        .range_start = 160, .range_length = 13, .glyph_id_start = 96,
        .unicode_list = NULL, .glyph_id_ofs_list = NULL, .list_length = 0, .type = LV_FONT_FMT_TXT_CMAP_FORMAT0_TINY
    },
    {
        .range_start = 174, .range_length = 82, .glyph_id_start = 109,
        .unicode_list = NULL, .glyph_id_ofs_list = NULL, .list_length = 0, .type = LV_FONT_FMT_TXT_CMAP_FORMAT0_TINY
    },
    {
        .range_start = 8211, .range_length = 55440, .glyph_id_start = 191,
        .unicode_list = unicode_list_3, .glyph_id_ofs_list = NULL, .list_length = 85, .type = LV_FONT_FMT_TXT_CMAP_SPARSE_TINY
    }
};

/*-----------------
 *    KERNING
 *----------------*/


/*Map glyph_ids to kern left classes*/
static const uint8_t kern_left_class_mapping[] =
{
    0, 0, 1, 2, 0, 3, 4, 5,
    2, 6, 0, 7, 8, 9, 8, 9,
    10, 11, 0, 12, 13, 14, 15, 16,
    17, 18, 11, 19, 19, 0, 0, 0,
    20, 21, 0, 0, 0, 0, 0, 0,
    0, 0, 0, 0, 0, 0, 0, 0,
    0, 0, 0, 0, 0, 0, 0, 0,
    0, 0, 0, 0, 22, 23, 0, 0,
    24, 0, 0, 0, 0, 0, 0, 0,
    0, 0, 0, 0, 0, 0, 0, 0,
    0, 0, 0, 0, 0, 0, 0, 0,
    0, 0, 0, 0, 22, 0, 0, 8,
    0, 25, 26, 27, 28, 29, 0, 30,
    0, 21, 0, 31, 0, 21, 0, 32,
    8, 0, 0, 0, 33, 0, 8, 0,
    0, 0, 8, 0, 0, 0, 34, 0,
    0, 0, 0, 0, 0, 0, 0, 0,
    0, 0, 0, 0, 0, 0, 0, 0,
    0, 0, 0, 0, 0, 0, 0, 0,
    0, 0, 0, 0, 0, 0, 0, 0,
    0, 0, 0, 0, 0, 0, 0, 0,
    0, 0, 0, 0, 0, 0, 0, 0,
    0, 0, 0, 0, 0, 0, 8, 0,
    0, 0, 0, 0, 0, 0, 0, 8,
    0, 35, 36, 35, 36, 8, 9, 37,
    0, 0, 0, 0, 0, 0, 0, 0,
    0, 0, 0, 0, 0, 0, 0, 0,
    0, 0, 0, 0, 0, 0, 0, 0,
    0, 0, 0, 0, 0, 0, 0, 0,
    0, 0, 0, 0, 0, 0, 0, 0,
    0, 0, 0, 0, 0, 0, 0, 0,
    0, 0, 0, 0, 0, 0, 0, 0,
    0, 0, 0, 0, 0, 0, 0, 0,
    0, 0, 0, 0, 0, 0, 0, 0,
    0, 0, 0, 0
};

/*Map glyph_ids to kern right classes*/
static const uint8_t kern_right_class_mapping[] =
{
    0, 0, 1, 2, 0, 3, 4, 5,
    2, 0, 6, 7, 8, 9, 8, 9,
    10, 11, 12, 13, 14, 15, 16, 11,
    17, 18, 19, 20, 20, 0, 0, 0,
    21, 22, 0, 0, 0, 0, 0, 0,
    0, 0, 0, 0, 0, 0, 0, 0,
    0, 0, 0, 0, 0, 0, 0, 0,
    0, 0, 0, 0, 23, 24, 25, 0,
    26, 0, 0, 0, 0, 0, 0, 0,
    0, 0, 0, 0, 0, 0, 0, 0,
    0, 0, 0, 0, 0, 0, 0, 0,
    0, 0, 0, 0, 0, 0, 25, 8,
    0, 27, 28, 29, 30, 31, 0, 32,
    0, 22, 0, 8, 8, 22, 0, 33,
    8, 0, 0, 0, 34, 35, 8, 0,
    0, 0, 36, 0, 0, 0, 37, 0,
    0, 0, 0, 0, 0, 0, 0, 0,
    0, 0, 0, 0, 0, 0, 0, 0,
    0, 0, 0, 0, 0, 0, 0, 0,
    0, 0, 0, 0, 0, 0, 0, 0,
    0, 0, 0, 0, 0, 0, 0, 0,
    0, 0, 0, 0, 0, 0, 0, 0,
    0, 0, 0, 0, 0, 0, 8, 0,
    0, 0, 0, 0, 0, 0, 0, 8,
    0, 38, 39, 38, 39, 8, 9, 40,
    0, 0, 0, 0, 0, 0, 0, 0,
    0, 0, 0, 0, 0, 0, 0, 0,
    0, 0, 0, 0, 0, 0, 0, 0,
    0, 0, 0, 0, 0, 0, 0, 0,
    0, 0, 0, 0, 0, 0, 0, 0,
    0, 0, 0, 0, 0, 0, 0, 0,
    0, 0, 0, 0, 0, 0, 0, 0,
    0, 0, 0, 0, 0, 0, 0, 0,
    0, 0, 0, 0, 0, 0, 0, 0,
    0, 0, 0, 0
};

/*Kern values between classes*/
static const int8_t kern_class_values[] =
{
    0, 0, 0, 0, 0, 0, 2, 0,
    0, 0, 0, 3, 0, 0, 0, 0,
    2, 0, 0, 0, 0, 0, 0, 0,
    0, 0, 0, 0, 0, 0, 3, 0,
    0, 0, 0, 0, 0, 0, 0, 0,
    0, 13, 0, 8, -6, 0, 6, 0,
    -16, -17, 2, 14, 6, 5, -12, 2,
    14, 0, 12, 3, 9, -5, 0, 17,
    2, -2, 0, -4, 0, -6, 6, 0,
    6, 0, 13, 0, -12, 0, 0, 0,
    0, -9, 0, 0, 0, 0, -6, 5,
    6, 0, 0, -3, 0, -2, 3, 0,
    -3, 0, -3, -1, -6, 0, 0, -3,
    0, -6, 0, 0, 0, 0, 0, 0,
    -4, 0, 0, 0, -3, -7, -3, 0,
    0, -8, 0, -35, 0, -6, -14, 6,
    9, 0, 0, -6, 3, 3, 10, 6,
    -5, 6, 0, 0, -16, 0, 0, -11,
    0, 0, 0, 7, 0, 0, 0, 0,
    -8, 0, 0, 0, 0, -6, -6, 0,
    -3, -14, 0, -12, -2, 0, -9, 0,
    1, 11, 0, -9, -2, 0, 0, 0,
    -5, 0, 0, -2, -21, 0, 0, -23,
    -2, 11, -3, 0, 0, 0, 0, 0,
    -12, 0, -13, 0, 0, -9, -7, 0,
    0, 0, 0, 0, 0, 0, 0, 0,
    0, 10, 0, 3, 0, 0, -6, 0,
    0, 0, 0, 0, 0, 0, 0, 11,
    2, 0, 0, 0, 0, 0, 4, 0,
    0, 0, 0, 0, 0, 0, 0, 0,
    2, 6, 3, 9, -3, 0, 6, -3,
    -10, -39, 2, 8, 6, 0, -4, 0,
    10, 0, 9, 0, 9, 0, 0, 0,
    0, -3, 0, -5, 0, 2, 0, 0,
    9, 0, 11, 4, -24, 9, 9, 0,
    0, 0, -5, -11, 0, 0, -3, 0,
    -2, 0, 2, -5, -4, -6, 2, 0,
    -3, 0, 0, 0, -12, 2, 0, -19,
    0, 0, 0, 3, 0, 2, -7, 3,
    0, 0, -25, -3, 0, 0, 0, 0,
    0, -16, 3, -18, 0, 0, -10, -2,
    0, 29, -3, -4, 3, 3, -3, 0,
    -4, 3, 0, 0, -15, -6, 0, -28,
    0, 3, 0, -3, 0, -3, -9, 0,
    -18, 0, -37, 0, 3, -5, -5, 0,
    0, 17, -6, 0, -11, 10, 0, -20,
    -28, -20, -6, 9, 0, 0, -19, 0,
    3, -7, 0, -4, 0, -6, 0, 7,
    9, -35, -19, -19, -3, 0, 12, -6,
    14, -19, 0, -14, -22, 14, 15, 0,
    0, 2, 0, 0, 0, 0, 2, 2,
    -3, -6, 0, 0, 0, -3, 0, 0,
    -2, 0, 0, 0, -6, 0, 0, -6,
    0, -6, 0, 0, 0, 0, -3, 0,
    0, 0, 0, 0, -9, 0, 0, 0,
    0, 0, 0, 3, -2, 0, 0, -2,
    3, 3, 0, 0, 0, 0, -5, 0,
    0, 0, 0, 0, 0, 0, 0, -2,
    0, 9, 0, -3, 0, 0, 0, 0,
    0, 0, 0, 0, 0, 0, 0, 0,
    0, -3, 0, -3, 0, 0, 0, 0,
    0, 0, 0, 0, -1, -1, 0, -3,
    -3, 0, 0, 0, 0, 0, 0, 0,
    0, 0, 0, 0, 0, 0, 0, 0,
    -4, 0, 0, 0, 0, 0, 0, 0,
    0, -9, -2, -9, 6, 0, -6, 3,
    6, 8, 0, -7, 0, -3, 0, 0,
    -14, 3, -2, 2, -15, 3, 0, -14,
    0, 6, 0, 4, 3, 3, -3, 6,
    -9, 0, -5, 0, 3, -7, -3, 0,
    0, 0, 0, -3, 0, 0, -3, 0,
    0, 0, 0, 0, -1, -1, 0, -1,
    -4, 0, 0, 0, 0, 0, 0, -3,
    0, 0, 0, 0, 0, 0, 0, 0,
    -3, 0, 0, 0, 0, 0, 0, 0,
    0, -2, 0, -6, 3, 0, -3, 1,
    3, 3, 0, 0, 0, 0, 0, 0,
    -2, 0, 0, 0, 0, 0, 0, 0,
    0, 0, 0, 2, 0, 3, 0, 6,
    -5, 0, 0, 0, 0, -3, 0, 0,
    0, 9, -2, 0, -9, 0, 8, -14,
    -15, -12, -6, 3, 0, -2, -19, -5,
    0, -5, 0, -6, 4, -5, 0, 3,
    -1, -9, -8, -14, -4, -6, 4, -3,
    2, -7, 8, -5, -18, 3, 6, 0,
    0, 0, 0, -3, 0, 0, 2, 0,
    3, 0, 0, 0, 0, 0, 0, 0,
    0, 0, 0, 0, -3, 0, 0, -9,
    0, 0, 0, 0, 0, 0, -3, 3,
    0, 0, 0, 0, -6, -1, 0, 0,
    0, 3, 0, 0, 0, 0, 0, 0,
    0, 14, 0, 0, 0, 0, 0, 0,
    2, 0, 0, 0, -3, 0, 0, -5,
    0, 3, 0, 0, 0, 0, -12, 0,
    0, 0, 0, 0, 0, 0, 0, 0,
    -2, 0, 0, 0, -5, 0, 3, 0,
    -14, -9, 0, 0, 0, -4, -14, 0,
    0, -3, 3, 0, -13, 0, -5, 0,
    0, -5, -2, -3, 0, 0, -4, 0,
    3, 0, 0, 3, -31, 7, 7, 0,
    0, -5, 0, 0, 0, 3, 0, 2,
    -6, -6, 0, -3, -3, -3, 0, 0,
    0, 0, 0, 0, -9, 0, 0, -6,
    2, -9, 0, 0, 0, 0, 0, 0,
    3, 0, 0, 0, -6, -3, -4, 0,
    0, 2, 0, 0, 0, 2, 0, -2,
    0, 11, 0, 5, 0, 0, -4, 0,
    6, 0, 0, 0, 2, 0, 0, 9,
    0, 8, 0, 0, 0, 0, 4, 0,
    0, 0, 0, 0, 0, 0, 0, 0,
    0, -17, 0, -3, 5, 9, -39, 0,
    29, 3, -6, -6, 3, 3, -2, 0,
    -14, 0, 0, 14, -17, -6, 0, -20,
    11, 40, 12, 0, 0, 0, 0, 9,
    -17, 0, -9, 3, 9, -15, -15, 0,
    0, -2, 6, -8, 0, 0, -3, 0,
    3, 37, -6, -2, 9, 8, -8, 3,
    0, 0, 3, 3, -4, -9, 0, -37,
    8, 0, 3, -8, 5, -2, -3, 8,
    0, 0, -20, 3, 0, 0, 0, 9,
    0, 0, 0, 0, 0, 0, 0, 0,
    0, 12, 0, -6, 0, 0, 0, 0,
    0, 0, 0, 0, 0, 0, 0, -16,
    0, 3, 0, 0, 0, 0, -6, 0,
    0, 0, 0, 0, 0, 0, 0, 0,
    0, 0, 0, 0, -6, -6, 4, -3,
    6, 0, -2, -7, -2, -5, -5, 0,
    -3, -1, -2, 2, -5, 0, -2, -14,
    -3, 0, 0, -2, 0, 0, 0, -3,
    5, 0, 0, 0, -2, 5, 7, 0,
    0, 0, -3, 0, -11, 0, 7, -9,
    0, 3, -11, 5, -3, -3, -10, -4,
    2, -10, -6, -9, 0, -4, 0, 5,
    0, 5, -7, -9, 0, 0, 0, -3,
    0, -6, 3, -4, -6, 0, 0, 0,
    0, 0, 0, 0, 0, 0, 2, 2,
    -3, 0, 0, 0, -2, 0, 0, 0,
    -3, 0, 0, 0, 0, 0, 0, 0,
    0, -2, 0, 0, 0, 0, 0, 0,
    0, 0, 0, 0, -2, 0, 0, 0,
    3, 6, 0, 0, 0, 4, 0, -7,
    -9, -9, -3, 9, 0, 3, -3, 0,
    8, -3, 0, -12, 0, 0, 0, 14,
    4, -3, -6, 0, 0, 0, 0, 0,
    0, 0, 0, 0, -12, 0, 2, 0,
    0, 0, 0, 0, 0, 0, 0, 6,
    0, 6, 0, 0, 0, 0, 5, 0,
    2, 3, 0, 0, 0, 0, 0, 0,
    0, 2, 0, 2, 0, 0, 0, 0,
    0, 2, 0, 0, 0, 3, 3, 0,
    0, 0, 0, 0, 0, 0, 4, -3,
    0, 3, 0, 0, 0, 0, 2, 2,
    0, 0, 0, 0, -3, 0, 0, -16,
    0, 3, 0, 0, 0, 0, 0, 0,
    0, 0, 0, 0, 2, 0, 0, 0,
    0, 6, 6, 7, 0, 0, 9, 0,
    -18, -16, 0, 12, 9, 5, -12, 2,
    12, 0, 11, 0, 6, 3, 0, 15,
    0, 0, 0, -5, 0, 0, 0, 0,
    0, 0, 0, 0, -18, 0, 0, 0,
    0, 0, -5, 0, 0, 0, 0, 0,
    0, 0, 0, -2, 0, 0, 0, 0,
    0, 0, 0, 0, 6, 0, 0, -19,
    0, 0, 0, 0, 0, 0, 0, 0,
    0, 0, 0, 0, 0, 0, 0, 0,
    0, -10, 0, -17, -5, 0, -24, -12,
    0, 12, -14, -12, 0, 0, -12, 0,
    -12, -12, 0, 0, -38, -15, 0, -27,
    2, 14, 0, -10, 2, -5, -14, 0,
    -17, -3, -25, -3, -7, -7, -6, 0,
    0, 0, 3, 12, -3, 0, 9, 0,
    -5, -15, 0, 11, 3, 5, -11, 0,
    12, -1, 9, 0, 11, 0, 0, 15,
    0, 0, 0, -3, 0, 0, 0, 3,
    0, 9, 11, 0, -9, 8, 8, 0,
    0, 0, 3, 12, -3, 0, 9, 0,
    -5, -15, 0, 14, 6, 5, -16, 0,
    8, 0, 3, 0, 11, 0, 0, 15,
    0, 0, 0, -8, 0, 0, 2, 3,
    0, 0, 11, 0, -9, 8, 8, 0,
    0, 0, 0, 0, 0, 0, 0, 0,
    0, 0, 0, 0, 0, 0, 0, 0,
    0, 0, 0, 0, -6, 0, 0, -6,
    0, -3, 0, 0, 0, 0, 0, 0,
    0, 0, 0, 0, 0, -3, 0, 0
};


/*Collect the kern class' data in one place*/
static const lv_font_fmt_txt_kern_classes_t kern_classes =
{
    .class_pair_values   = kern_class_values,
    .left_class_mapping  = kern_left_class_mapping,
    .right_class_mapping = kern_right_class_mapping,
    .left_class_cnt      = 37,
    .right_class_cnt     = 40,
};

/*--------------------
 *  ALL CUSTOM DATA
 *--------------------*/

#if LVGL_VERSION_MAJOR == 8
/*Store all the custom data of the font*/
static  lv_font_fmt_txt_glyph_cache_t cache;
#endif

#if LVGL_VERSION_MAJOR >= 8
static const lv_font_fmt_txt_dsc_t font_dsc = {
#else
static lv_font_fmt_txt_dsc_t font_dsc = {
#endif
    .glyph_bitmap = glyph_bitmap,
    .glyph_dsc = glyph_dsc,
    .cmaps = cmaps,
    .kern_dsc = &kern_classes,
    .kern_scale = 16,
    .cmap_num = 4,
    .bpp = 4,
    .kern_classes = 1,
    .bitmap_format = 1,
#if LVGL_VERSION_MAJOR == 8
    .cache = &cache
#endif
};



/*-----------------
 *  PUBLIC FONT
 *----------------*/

/*Initialize a public general font descriptor*/
#if LVGL_VERSION_MAJOR >= 8
const lv_font_t lv_font_montserrat_18 = {
#else
lv_font_t lv_font_montserrat_18 = {
#endif
    .get_glyph_dsc = lv_font_get_glyph_dsc_fmt_txt,    /*Function pointer to get glyph's data*/
    .get_glyph_bitmap = lv_font_get_bitmap_fmt_txt,    /*Function pointer to get glyph's bitmap*/
    .line_height = 23,          /*The maximum line height required by the font*/
    .base_line = 5,             /*Baseline measured from the bottom of the line*/
#if !(LVGL_VERSION_MAJOR == 6 && LVGL_VERSION_MINOR == 0)
    .subpx = LV_FONT_SUBPX_NONE,
#endif
#if LV_VERSION_CHECK(7, 4, 0) || LVGL_VERSION_MAJOR >= 8
    .underline_position = -2,
    .underline_thickness = 1,
#endif
    .dsc = &font_dsc,          /*The custom font data. Will be accessed by `get_glyph_bitmap/dsc` */
#if LV_VERSION_CHECK(8, 2, 0) || LVGL_VERSION_MAJOR >= 9
    .fallback = NULL,
#endif
    .user_data = NULL,
};



#endif /*#if LV_FONT_MONTSERRAT_18*/

