/*******************************************************************************
 * Size: 24 px
 * Bpp: 4
 * Opts: --bpp 4 --size 24 --font Montserrat-Medium-v9.ttf -r 0x20-0xFF,0xB0,0x2013-0x2014,0x2018-0x2019,0x201C-0x201D,0x2022,0x2026,0x20BF --font SatoshiSymbol.ttf -r 0x4E2F,0x4E30 --font FontAwesome5-Solid+Brands+Regular.woff -r 61441,61448,61451,61452,61452,61453,61457,61459,61461,61465,61468,61473,61478,61479,61480,61502,61507,61512,61515,61516,61517,61521,61522,61523,61524,61543,61544,61550,61552,61553,61556,61559,61560,61561,61563,61587,61589,61636,61637,61639,61641,61664,61671,61674,61683,61724,61732,61787,61931,62016,62017,62018,62019,62020,62087,62099,62212,62189,62810,63426,63650,0xf002,0xf004,0xf005,0xf00e,0xf010,0xf029,0xf030,0xf15a,0xf164,0xf165,0xf1e0,0xf2ea,0xf379,0xf58f --format lvgl -o /Users/RT/MicroPythonOS/lvgl_micropython/lib_lvgl_src_font/lv_font_montserrat_24.c --force-fast-kern-format
 ******************************************************************************/

#ifdef LV_LVGL_H_INCLUDE_SIMPLE
#include "lvgl.h"
#else
#include "lvgl/lvgl.h"
#endif

#ifndef LV_FONT_MONTSERRAT_24
#define LV_FONT_MONTSERRAT_24 1
#endif

#if LV_FONT_MONTSERRAT_24

/*-----------------
 *    BITMAPS
 *----------------*/

/*Store the image of the glyphs*/
static LV_ATTRIBUTE_LARGE_CONST const uint8_t glyph_bitmap[] = {
    /* U+0020 " " */

    /* U+0021 "!" */
    0x1f, 0xf4, 0x0, 0x61, 0x0, 0x78, 0x7, 0xc2,
    0x2, 0x6, 0x1, 0xc6, 0x2, 0x1, 0x38, 0x8,
    0x4, 0xe0, 0x21, 0x8a, 0x60, 0xf4, 0x20, 0x18,
    0x77, 0xd9, 0x48, 0x35, 0xc, 0x78,

    /* U+0022 "\"" */
    0x7f, 0x80, 0x2f, 0xd0, 0x7, 0x81, 0x80, 0x4,
    0x3, 0x84, 0x3, 0xf8, 0x40, 0x40, 0x6, 0x1,
    0xce, 0xce, 0xa0, 0x7, 0xd0,

    /* U+0023 "#" */
    0x0, 0xe8, 0xf2, 0x0, 0x97, 0xd4, 0x3, 0xf1,
    0x81, 0x0, 0x44, 0xc, 0x1, 0xf9, 0x84, 0x3,
    0x70, 0x10, 0x7, 0xe2, 0x20, 0x6, 0x20, 0x10,
    0xd, 0x3f, 0xf0, 0x1f, 0xfe, 0x40, 0xff, 0x8c,
    0x38, 0xcc, 0x40, 0x26, 0x78, 0x4, 0xce, 0x10,
    0x7c, 0xc4, 0x4, 0x66, 0x5a, 0xf, 0x99, 0x10,
    0x6, 0x20, 0x20, 0x8, 0x80, 0x40, 0x3f, 0x78,
    0x30, 0x4, 0xe1, 0xc0, 0x1f, 0x88, 0xc, 0x2,
    0x20, 0x20, 0xf, 0xcc, 0x2, 0x1, 0x70, 0x30,
    0x6, 0x5f, 0xf8, 0xc3, 0xff, 0x38, 0x6f, 0xf9,
    0xc0, 0x4c, 0xe0, 0x13, 0x3c, 0x0, 0x33, 0x88,
    0x13, 0x31, 0xc0, 0xf9, 0x98, 0x4b, 0x32, 0x50,
    0xc, 0xc1, 0xc0, 0x18, 0x58, 0x3, 0xf1, 0x1,
    0x0, 0x44, 0x4, 0x1, 0xfb, 0x81, 0x80, 0x26,
    0xe, 0x0, 0xe0,

    /* U+0024 "$" */
    0x0, 0xf1, 0xfa, 0x80, 0x7f, 0xf6, 0x5, 0xf3,
    0x1, 0x5d, 0x6c, 0x1, 0x8f, 0xe0, 0xc0, 0x21,
    0x49, 0xe1, 0x0, 0x68, 0x8a, 0x68, 0x27, 0x20,
    0x88, 0x20, 0xc2, 0x18, 0xcc, 0x3, 0x33, 0xef,
    0x0, 0x3c, 0xc, 0x80, 0x3e, 0x20, 0x0, 0x81,
    0x0, 0x7f, 0xd6, 0x3, 0x86, 0x1, 0xfc, 0x6e,
    0x7, 0x9a, 0x1a, 0x20, 0x1e, 0x8b, 0x40, 0x10,
    0x7e, 0xc5, 0x0, 0xe4, 0xbe, 0x80, 0x8, 0xea,
    0xc0, 0x3c, 0x28, 0x15, 0x88, 0x9, 0x0, 0x1f,
    0xc7, 0x68, 0xa, 0x1, 0xff, 0x60, 0x18, 0x2b,
    0x80, 0x7e, 0xb0, 0x50, 0x98, 0xd7, 0x37, 0x3,
    0x4b, 0x30, 0xf0, 0x91, 0x28, 0xcb, 0x9, 0xb4,
    0x8, 0x40, 0x5e, 0x94, 0x10, 0x8, 0x9b, 0x5c,
    0x3, 0x35, 0xf6, 0x5, 0x6c, 0x90, 0x7, 0xff,
    0x48,

    /* U+0025 "%" */
    0x0, 0x1e, 0x7f, 0x48, 0x7, 0xcd, 0xee, 0x1,
    0x8f, 0x6, 0x1d, 0xac, 0x3, 0x8a, 0x4d, 0xc0,
    0x34, 0xe, 0x3c, 0xc9, 0x10, 0x1, 0xb8, 0x38,
    0x3, 0x91, 0xc4, 0x0, 0xc1, 0xa0, 0x13, 0x9c,
    0x90, 0x6, 0x10, 0xe0, 0xc, 0x26, 0x0, 0x28,
    0x46, 0x0, 0xe1, 0xf, 0x0, 0xc2, 0x60, 0xe,
    0xa, 0x0, 0xf8, 0xd0, 0x2, 0x30, 0xf0, 0x73,
    0x91, 0x0, 0xfa, 0x4e, 0x4, 0xf8, 0x98, 0xa1,
    0x18, 0x3, 0xf2, 0xcb, 0xf6, 0xf, 0x87, 0xd,
    0x4, 0x77, 0xeb, 0x0, 0x66, 0xfc, 0xdc, 0x27,
    0x3b, 0x19, 0x79, 0xb4, 0x97, 0x0, 0xe3, 0x20,
    0x28, 0x55, 0xb, 0x3b, 0x92, 0x56, 0x0, 0x3f,
    0x78, 0xd8, 0x20, 0x50, 0x5, 0xe0, 0x60, 0x1e,
    0x82, 0xb1, 0x3, 0x3, 0x0, 0x84, 0x18, 0x3,
    0x8d, 0xd5, 0x40, 0x3, 0x2, 0x0, 0x84, 0x18,
    0x3, 0xb8, 0x6c, 0x2, 0x40, 0xa0, 0xb, 0x80,
    0xc0, 0x34, 0x15, 0x8, 0x4, 0x2e, 0xd4, 0xd6,
    0x92, 0x1, 0x8d, 0xd5, 0x0, 0x3a, 0x20, 0xf2,
    0xd2, 0xc0,

    /* U+0026 "&" */
    0x0, 0x86, 0x7b, 0xfa, 0x88, 0x3, 0xf1, 0x7b,
    0x2, 0x1a, 0xe9, 0x80, 0x7d, 0x2, 0x7d, 0x7a,
    0xe1, 0x0, 0x1f, 0x38, 0x48, 0x5, 0x40, 0xc0,
    0x1f, 0x8, 0x18, 0x4, 0x80, 0xe0, 0x1f, 0x50,
    0x40, 0x82, 0x48, 0x40, 0x7, 0xcc, 0x83, 0xb3,
    0x61, 0x64, 0x1, 0xfa, 0x40, 0xd9, 0x35, 0x0,
    0x3f, 0x36, 0x80, 0x4c, 0x60, 0x1f, 0xa2, 0x42,
    0x78, 0xcb, 0x4, 0x1, 0x58, 0x40, 0x8e, 0x1a,
    0xc3, 0x86, 0x58, 0x20, 0xa6, 0x41, 0xe0, 0xe4,
    0x1, 0x61, 0x96, 0x40, 0x20, 0x1, 0x43, 0x80,
    0x3b, 0xc, 0x9c, 0x20, 0x0, 0x41, 0x80, 0x1e,
    0xd0, 0x8, 0x40, 0x14, 0xb, 0x44, 0x0, 0x16,
    0xf0, 0xb, 0x8, 0x19, 0x80, 0xbb, 0xfe, 0xe9,
    0x15, 0xe4, 0x1f, 0x0, 0x4e, 0x31, 0x0, 0x9,
    0xb2, 0x86, 0xd2, 0x40, 0x23, 0x9d, 0xff, 0x6c,
    0x98, 0x5, 0x68, 0x0,

    /* U+0027 "'" */
    0x7f, 0x80, 0x7, 0x88, 0x7, 0xc2, 0x60, 0x6,
    0x75,

    /* U+0028 "(" */
    0x0, 0x17, 0xf8, 0x40, 0x10, 0xc, 0x20, 0x2a,
    0x16, 0x0, 0x60, 0x32, 0x0, 0x58, 0x58, 0x4,
    0x60, 0x80, 0x3, 0x0, 0x18, 0x1, 0x40, 0x80,
    0x2e, 0x6, 0x0, 0x84, 0x4, 0x2, 0x30, 0x30,
    0x8, 0x40, 0x40, 0x21, 0x1, 0x0, 0x8c, 0xc,
    0x2, 0x10, 0x10, 0xb, 0x81, 0x80, 0x25, 0x2,
    0x0, 0x8c, 0x0, 0x60, 0x11, 0x82, 0x0, 0x56,
    0x16, 0x1, 0x30, 0x19, 0x0, 0x5, 0x82, 0xc0,
    0x2b, 0x6, 0x10,

    /* U+0029 ")" */
    0xf, 0xf1, 0x80, 0x4e, 0x10, 0x1, 0x48, 0x21,
    0x80, 0x5, 0x2, 0xc0, 0x2d, 0x5, 0x0, 0x9c,
    0x8, 0x80, 0x1, 0x10, 0x38, 0x4, 0xa1, 0xa0,
    0x11, 0x1, 0x0, 0x42, 0x2, 0x1, 0x78, 0x38,
    0x4, 0x20, 0x20, 0x10, 0x80, 0x80, 0x5e, 0xe,
    0x1, 0x8, 0x8, 0x4, 0x40, 0x40, 0x12, 0x86,
    0x80, 0x4, 0x40, 0xe0, 0x7, 0x2, 0x20, 0x3,
    0x41, 0x40, 0x2, 0x81, 0x60, 0x9, 0x4, 0x30,
    0x3, 0x84, 0x0, 0x0,

    /* U+002A "*" */
    0x0, 0xdd, 0x0, 0x1c, 0x60, 0x1e, 0x20, 0x4c,
    0xa1, 0x0, 0x26, 0xe0, 0x23, 0xaf, 0xb, 0x58,
    0x50, 0x2, 0x34, 0x40, 0x53, 0x50, 0x0, 0xf8,
    0x20, 0x4, 0xc3, 0x5, 0x85, 0xd1, 0x7a, 0x2d,
    0x5, 0xbb, 0x10, 0x1, 0x7b, 0x40, 0x8, 0x1,
    0xe3, 0x0, 0xee, 0x80, 0xc,

    /* U+002B "+" */
    0x0, 0xea, 0xa0, 0x7, 0xf9, 0x54, 0x1, 0xff,
    0xdd, 0x6f, 0xfc, 0x0, 0xff, 0xca, 0x62, 0x38,
    0x0, 0x23, 0x81, 0x7b, 0xb0, 0x3, 0xbb, 0x28,
    0x7, 0xff, 0x60,

    /* U+002C "," */
    0x3b, 0x80, 0xf4, 0x73, 0x70, 0xa, 0xc0, 0x4c,
    0x41, 0xc1, 0x3, 0x43, 0x5, 0x0,

    /* U+002D "-" */
    0x0, 0xfa, 0xbf, 0xfb, 0x40, 0x3e,

    /* U+002E "." */
    0x4, 0x10, 0xab, 0xe1, 0x70, 0x2, 0xd8, 0x22,
    0x0,

    /* U+002F "/" */
    0x0, 0xfd, 0xde, 0x40, 0x1f, 0x20, 0x91, 0x0,
    0x3e, 0xd0, 0xa0, 0xf, 0xce, 0xa, 0x1, 0xf2,
    0x9, 0x90, 0x7, 0xdc, 0x16, 0x1, 0xf9, 0x41,
    0x80, 0x3e, 0x50, 0x31, 0x0, 0xfb, 0xc2, 0x80,
    0x3f, 0x28, 0x38, 0x7, 0xca, 0x8, 0x20, 0x1f,
    0x70, 0x68, 0x7, 0xc2, 0x80, 0xe0, 0x1f, 0x38,
    0x20, 0x80, 0x7d, 0xa1, 0xc0, 0x1f, 0xa, 0x2,
    0x80, 0x7c, 0xe0, 0xa0, 0x1f, 0xa8, 0x3c, 0x3,
    0xe2, 0x30, 0x50, 0xf, 0x94, 0x14, 0x3, 0xf5,
    0x7, 0x0, 0x7c, 0x44, 0x14, 0x0, 0xfa, 0x81,
    0xc0, 0x3f, 0x0,

    /* U+0030 "0" */
    0x0, 0xcf, 0x9d, 0xcc, 0x70, 0xf, 0x17, 0x41,
    0x88, 0x8e, 0x38, 0x80, 0x21, 0xc1, 0x14, 0x66,
    0x20, 0x45, 0xa2, 0x0, 0xa1, 0x16, 0x39, 0x99,
    0xf0, 0x42, 0x80, 0x90, 0x2c, 0x80, 0x31, 0x58,
    0x21, 0x28, 0xa, 0x80, 0x79, 0x44, 0x17, 0x41,
    0x40, 0x3f, 0x28, 0x6b, 0x1, 0x0, 0x7e, 0x20,
    0x61, 0x1, 0x0, 0xfc, 0x20, 0x22, 0x1, 0x0,
    0xfc, 0x20, 0x2c, 0x4, 0x1, 0xf8, 0x81, 0xb4,
    0x14, 0x3, 0xf2, 0x86, 0xa8, 0xa, 0x80, 0x79,
    0x44, 0x14, 0x90, 0x2c, 0x80, 0x31, 0x58, 0x21,
    0x5, 0x0, 0xe3, 0x99, 0x9f, 0x4, 0x28, 0x0,
    0x38, 0x22, 0x8c, 0xc4, 0x8, 0xb0, 0x40, 0x23,
    0xf8, 0x31, 0x11, 0xc7, 0x98, 0x0,

    /* U+0031 "1" */
    0xdf, 0xfe, 0x50, 0xf, 0xb3, 0xba, 0x0, 0x84,
    0x70, 0x7, 0xff, 0xfc, 0x3, 0xff, 0x8e,

    /* U+0032 "2" */
    0x0, 0xb, 0xe7, 0x7f, 0x63, 0x0, 0x67, 0xe8,
    0x31, 0x1, 0x39, 0xc1, 0x6, 0x80, 0x39, 0xcc,
    0x52, 0x1, 0xd8, 0x33, 0x23, 0x18, 0xcc, 0xb6,
    0xa0, 0xa2, 0x12, 0xe0, 0x1e, 0x90, 0x1, 0x0,
    0x7f, 0xf0, 0x8, 0x3, 0xfa, 0xc0, 0x44, 0x1,
    0xf8, 0x9c, 0x24, 0x3, 0xf1, 0x60, 0x1b, 0x80,
    0x7c, 0x58, 0x25, 0xa0, 0x1f, 0x16, 0x9, 0x60,
    0x80, 0x78, 0xf0, 0x4f, 0x4, 0x3, 0xc7, 0xa2,
    0x78, 0x20, 0x1e, 0x3c, 0x14, 0xc0, 0xf, 0x93,
    0x0, 0xe4, 0x47, 0xf5, 0x80, 0xf, 0x7b, 0xbe,
    0x0, 0xff, 0xe0, 0x80,

    /* U+0033 "3" */
    0x1f, 0xff, 0xf8, 0x3, 0xff, 0x80, 0x20, 0x3d,
    0xdf, 0x40, 0x2, 0x80, 0x2, 0x3e, 0x28, 0x8,
    0x40, 0xf, 0x87, 0x41, 0x5c, 0x3, 0xf6, 0x89,
    0x50, 0x7, 0xe9, 0x31, 0xf0, 0xf, 0xc6, 0xc0,
    0x3d, 0x2, 0x1, 0xfe, 0x37, 0xf4, 0x0, 0xe3,
    0xff, 0x75, 0x8, 0xa8, 0x40, 0x3e, 0x15, 0xd0,
    0x17, 0x0, 0xfe, 0x32, 0xf, 0x0, 0xff, 0xe0,
    0x8, 0xa8, 0x40, 0x3c, 0x84, 0x1b, 0xb, 0xd4,
    0xa6, 0x64, 0x9b, 0x2, 0x5a, 0x20, 0x5a, 0xcc,
    0x5b, 0x1, 0x78, 0x1e, 0xdb, 0x10, 0x0, 0x52,
    0x74, 0x80,

    /* U+0034 "4" */
    0x0, 0xfe, 0xdf, 0xb0, 0xf, 0xfe, 0x5, 0x10,
    0xd0, 0x7, 0xfc, 0xca, 0x1a, 0x20, 0x1f, 0xe3,
    0x90, 0x83, 0x0, 0xff, 0xb8, 0x11, 0xc0, 0x3f,
    0xea, 0x21, 0xa0, 0xf, 0xf9, 0xd4, 0x34, 0x40,
    0x3f, 0xc7, 0x1, 0x6, 0x0, 0x9d, 0x70, 0xe,
    0x1d, 0x4, 0x70, 0x8, 0x89, 0xc0, 0x1d, 0x42,
    0x2a, 0x0, 0xff, 0x9d, 0x2, 0x80, 0x47, 0x0,
    0x42, 0x3a, 0x0, 0x17, 0xdd, 0xc8, 0xd, 0xdc,
    0xd0, 0xf, 0xfe, 0x20, 0xff, 0xff, 0x18, 0x37,
    0xfb, 0x0, 0x3f, 0xfc, 0x80,

    /* U+0035 "5" */
    0x0, 0x47, 0xff, 0xf0, 0x4, 0x40, 0x1f, 0xfc,
    0x1, 0x7, 0xee, 0xf8, 0x2, 0x60, 0xe1, 0x1f,
    0x80, 0x23, 0x2, 0x0, 0xff, 0x8, 0x38, 0x7,
    0xf1, 0x0, 0x42, 0x20, 0xf, 0x84, 0x1, 0x9d,
    0xcf, 0xe9, 0x30, 0x9, 0x80, 0x3c, 0x2d, 0x90,
    0x0, 0x5f, 0xfe, 0xd9, 0x20, 0x75, 0x0, 0xf8,
    0x9b, 0x48, 0x38, 0x3, 0xfc, 0xa0, 0xa0, 0x1f,
    0xfc, 0x3, 0x9, 0x30, 0xf, 0xb, 0x3, 0xab,
    0x65, 0xb1, 0x92, 0x3f, 0x88, 0x42, 0x28, 0x24,
    0xe6, 0xdc, 0x8, 0x51, 0xd, 0x6b, 0x98, 0x80,
    0x9b, 0xf2, 0x80,

    /* U+0036 "6" */
    0x0, 0xc7, 0x3b, 0xdf, 0xb6, 0xa0, 0x1d, 0x58,
    0xc4, 0x20, 0x49, 0x42, 0x1, 0x62, 0x83, 0x5e,
    0xeb, 0x22, 0x44, 0x1, 0x6, 0x3b, 0x28, 0x44,
    0x37, 0x60, 0x0, 0xb8, 0x51, 0x0, 0x7f, 0x38,
    0x12, 0x0, 0x7f, 0xb0, 0x1c, 0x16, 0xfb, 0xf6,
    0x4c, 0x2, 0x10, 0x3a, 0xa2, 0x8, 0x13, 0x63,
    0x80, 0x18, 0x19, 0x4e, 0xff, 0xac, 0xc2, 0x14,
    0x4, 0x0, 0x78, 0x80, 0x29, 0x86, 0x12, 0xe,
    0x0, 0x80, 0xf, 0x48, 0x18, 0x18, 0x1, 0x80,
    0x3c, 0xc0, 0x1, 0xc0, 0x3, 0x0, 0x79, 0x80,
    0x2, 0x84, 0x10, 0x1, 0xe9, 0x4, 0x0, 0x48,
    0x1d, 0x98, 0x0, 0xec, 0xc3, 0xc0, 0x9, 0x40,
    0x99, 0xfe, 0xc4, 0x9, 0x40, 0x9, 0x79, 0xc8,
    0x0, 0x4d, 0xac, 0x0,

    /* U+0037 "7" */
    0x4f, 0xff, 0xfe, 0x3, 0x0, 0x7f, 0xf0, 0x4c,
    0x2, 0xde, 0xef, 0x30, 0x1, 0x0, 0x22, 0x11,
    0xf3, 0x83, 0x8, 0x7, 0xf3, 0x8, 0x58, 0x26,
    0xe8, 0x3, 0xd6, 0xa, 0x40, 0x2, 0x20, 0x7,
    0x21, 0x4, 0x80, 0x7f, 0xbc, 0xc, 0xc0, 0x1f,
    0xc4, 0x81, 0x20, 0x1f, 0xeb, 0x1, 0x50, 0xf,
    0xe1, 0x60, 0x90, 0xf, 0xf3, 0x0, 0x18, 0x3,
    0xfd, 0x20, 0xc2, 0x1, 0xfc, 0xc2, 0x16, 0x1,
    0xfe, 0xb0, 0x42, 0x0, 0xfe, 0x42, 0xf, 0x0,
    0xff, 0x78, 0x12, 0x0, 0x78,

    /* U+0038 "8" */
    0x0, 0x9a, 0xfb, 0xfd, 0xb2, 0x40, 0x18, 0xb6,
    0x50, 0x40, 0x4, 0xda, 0xe0, 0x17, 0x90, 0x47,
    0x7f, 0xad, 0x2, 0x10, 0xc, 0x82, 0x9c, 0x40,
    0x9, 0x66, 0x1c, 0xe, 0x0, 0x40, 0xf, 0x28,
    0x30, 0x30, 0x1, 0x0, 0x3c, 0x80, 0xa0, 0x4a,
    0x14, 0xe4, 0x2, 0x98, 0x41, 0x60, 0xa, 0x60,
    0x8d, 0xfe, 0xb3, 0x2c, 0x20, 0x2, 0x20, 0x2,
    0x10, 0x8, 0xac, 0x0, 0x56, 0x47, 0x7f, 0xdf,
    0xce, 0xf, 0x21, 0x0, 0x58, 0x80, 0x10, 0xc4,
    0x83, 0x13, 0x82, 0x80, 0x7c, 0xc0, 0x7, 0x30,
    0xf, 0xe1, 0x0, 0x90, 0x18, 0x3, 0xe6, 0x0,
    0x3c, 0x80, 0xea, 0x88, 0x0, 0xea, 0x1, 0x48,
    0xe8, 0xa, 0xbb, 0xfd, 0x8a, 0xb, 0x40, 0x5,
    0xe8, 0x31, 0x0, 0x13, 0x5d, 0x0, 0x0,

    /* U+0039 "9" */
    0x0, 0x92, 0xbb, 0xfb, 0x1c, 0x3, 0xd5, 0x6a,
    0x20, 0x27, 0x1c, 0x40, 0x14, 0xa8, 0x3e, 0xff,
    0x59, 0x8e, 0x8, 0xb, 0x4, 0x40, 0x80, 0x53,
    0xc, 0x6c, 0x14, 0x0, 0xc0, 0x1e, 0x90, 0x51,
    0x0, 0x84, 0x3, 0xf9, 0x14, 0x0, 0xc0, 0x1e,
    0x90, 0x6, 0x8a, 0x84, 0xc1, 0x0, 0x13, 0xc,
    0x0, 0x21, 0x66, 0xf, 0xbf, 0xeb, 0x37, 0x30,
    0x30, 0x1c, 0x94, 0x10, 0x15, 0xb8, 0x10, 0x30,
    0x9, 0xaf, 0xbf, 0xa9, 0x0, 0x83, 0x80, 0x3f,
    0xc8, 0x0, 0x40, 0xf, 0xf7, 0x80, 0x98, 0x7,
    0xf4, 0x20, 0x58, 0x5, 0x2c, 0x62, 0x4b, 0x8e,
    0xc, 0xa0, 0x3, 0x69, 0xce, 0xda, 0x30, 0x79,
    0x0, 0x8e, 0x50, 0x40, 0x4d, 0xf6, 0x0, 0x20,

    /* U+003A ":" */
    0x6f, 0xb0, 0xb0, 0x44, 0x80, 0xb, 0x37, 0xc2,
    0x8, 0x20, 0x1f, 0xfc, 0x64, 0x10, 0xab, 0xe1,
    0x70, 0x2, 0xd8, 0x22, 0x0,

    /* U+003B ";" */
    0x6f, 0xb0, 0xb0, 0x44, 0x80, 0xb, 0x37, 0xc2,
    0x8, 0x20, 0x1f, 0xfc, 0x95, 0xeb, 0x9, 0x14,
    0x42, 0x80, 0x1a, 0x40, 0x8a, 0x5, 0x4, 0xb,
    0x1, 0x43, 0x0,

    /* U+003C "<" */
    0x0, 0xfe, 0x17, 0x40, 0xf, 0x92, 0xfa, 0x4,
    0x3, 0xc, 0x75, 0xa0, 0xba, 0x0, 0x12, 0xf9,
    0xc5, 0x6f, 0xa0, 0x4f, 0xad, 0xa, 0x3a, 0x90,
    0x2, 0x51, 0x8, 0xd7, 0x10, 0xe, 0x51, 0x8,
    0xd7, 0x10, 0xe, 0x3e, 0xb4, 0x28, 0xea, 0x40,
    0xe, 0x4b, 0xe7, 0x15, 0xbe, 0x81, 0x0, 0xc3,
    0x1d, 0x68, 0x2e, 0x80, 0x1f, 0x25, 0xf3, 0x88,

    /* U+003D "=" */
    0x5e, 0xef, 0xf2, 0x98, 0x8f, 0xf8, 0x1b, 0xff,
    0xfc, 0xa0, 0x1f, 0xfd, 0x85, 0xee, 0xff, 0x29,
    0x88, 0xff, 0x80,

    /* U+003E ">" */
    0x47, 0x10, 0xf, 0xe2, 0x8e, 0xb4, 0x0, 0xf9,
    0xdc, 0x29, 0x7c, 0xe2, 0x1, 0x86, 0x3a, 0xd4,
    0x63, 0xad, 0x0, 0x39, 0x2b, 0xa0, 0x92, 0xf8,
    0xc0, 0x38, 0x5f, 0x60, 0x5, 0x80, 0x38, 0x5f,
    0x60, 0x5, 0x80, 0x24, 0xae, 0x82, 0x4b, 0xe3,
    0x18, 0xeb, 0x51, 0x8e, 0xb4, 0x0, 0x3b, 0x85,
    0x2f, 0x9c, 0x40, 0x31, 0x47, 0x5a, 0x0, 0x7c,

    /* U+003F "?" */
    0x0, 0x14, 0x67, 0x7f, 0x63, 0x80, 0x67, 0xd7,
    0x31, 0x1, 0x38, 0xd1, 0x7, 0x80, 0x4b, 0xde,
    0xc5, 0x2, 0xa0, 0x76, 0x9b, 0x42, 0x13, 0xa5,
    0x4, 0x0, 0x4b, 0x0, 0x7b, 0xc0, 0x2, 0x1,
    0xfc, 0x40, 0x22, 0x0, 0xfc, 0x70, 0x12, 0x1,
    0xf8, 0xf4, 0x15, 0xc0, 0x3e, 0x3c, 0x15, 0xa0,
    0xf, 0xda, 0x9, 0x40, 0x1f, 0x98, 0x42, 0x80,
    0x3f, 0x89, 0xe0, 0x40, 0x3f, 0x92, 0x1c, 0x3,
    0xff, 0x96, 0xff, 0xa0, 0x1f, 0xea, 0x2, 0x20,
    0x7, 0xf5, 0x82, 0x10, 0x6,

    /* U+0040 "@" */
    0x0, 0xf9, 0x6b, 0x7b, 0xfb, 0x69, 0x40, 0x3f,
    0xf8, 0xf, 0xd4, 0xa2, 0x8c, 0x82, 0xb5, 0xd0,
    0x1, 0xf8, 0xb6, 0xa, 0xbf, 0x2a, 0x6b, 0x3e,
    0xc9, 0xf4, 0x80, 0x38, 0xb0, 0x9f, 0x14, 0x3,
    0xe4, 0xc8, 0x2c, 0x20, 0xd, 0xe3, 0x50, 0x1,
    0xff, 0x3d, 0x8f, 0x80, 0x4e, 0x4e, 0xa0, 0x13,
    0xe7, 0xfb, 0x18, 0x2b, 0xdd, 0x20, 0x9c, 0x1,
    0x23, 0x0, 0x2, 0xd8, 0x30, 0x13, 0x9c, 0x10,
    0x9, 0xca, 0x41, 0x6, 0x40, 0x2f, 0x22, 0x67,
    0xf7, 0x20, 0xd0, 0x3, 0x50, 0x9e, 0x82, 0x0,
    0x18, 0x87, 0xc, 0x0, 0x2f, 0x20, 0x1c, 0xa0,
    0x84, 0x6, 0x0, 0xd0, 0x91, 0x0, 0xe6, 0x20,
    0xc, 0x41, 0xce, 0x20, 0x13, 0x2, 0x0, 0x7c,
    0xe0, 0x1e, 0x30, 0xf, 0xfe, 0x51, 0xb8, 0x80,
    0x4c, 0x8, 0x1, 0xf3, 0x80, 0x62, 0xe, 0x20,
    0x30, 0x6, 0x84, 0x80, 0x79, 0x88, 0x3, 0x20,
    0x1e, 0x82, 0x0, 0x18, 0x87, 0xc, 0x2, 0x79,
    0x0, 0x60, 0xd, 0x8a, 0x20, 0x64, 0x2, 0xf2,
    0x3c, 0xed, 0xf8, 0x3c, 0x4, 0xee, 0x15, 0x80,
    0x24, 0x64, 0x0, 0x5b, 0x6, 0x24, 0x71, 0x87,
    0x44, 0x25, 0x4a, 0x0, 0x72, 0x65, 0x0, 0x9f,
    0x3f, 0xd8, 0xe0, 0x5, 0xdf, 0xd5, 0x0, 0xde,
    0x34, 0xe0, 0x1f, 0xfc, 0x72, 0xc2, 0x8c, 0x50,
    0xf, 0x14, 0x8, 0x7, 0xf1, 0x6b, 0x9d, 0x7e,
    0x55, 0x2f, 0x74, 0xee, 0x0, 0xff, 0xa3, 0xa5,
    0x45, 0x15, 0x42, 0xd6, 0xc0, 0x1e,

    /* U+0041 "A" */
    0x0, 0xfd, 0x5f, 0xe2, 0x0, 0xff, 0xe1, 0xa,
    0x80, 0x20, 0x3, 0xff, 0x85, 0x20, 0x20, 0xa2,
    0x1, 0xff, 0xc1, 0x70, 0xb2, 0x9, 0x0, 0xff,
    0xe0, 0x38, 0xa, 0xd8, 0x30, 0x7, 0xff, 0x2,
    0x82, 0x41, 0x84, 0x4c, 0x1, 0xfe, 0x52, 0x6,
    0x0, 0x30, 0x58, 0x7, 0xfa, 0x41, 0x44, 0x1,
    0x20, 0x4a, 0x1, 0xf8, 0xcc, 0x12, 0x1, 0xa,
    0x84, 0x80, 0x7e, 0x90, 0x33, 0x0, 0x6e, 0x3,
    0x30, 0x7, 0x89, 0x42, 0x40, 0x39, 0x8, 0x24,
    0x3, 0xd6, 0x0, 0xaf, 0xff, 0x10, 0x29, 0x0,
    0x61, 0x60, 0xf, 0xfe, 0x5, 0x80, 0x66, 0x0,
    0x77, 0xff, 0xe7, 0x6, 0x10, 0xa, 0x41, 0x84,
    0x3, 0xf4, 0x80, 0x18, 0x0, 0xa2, 0x16, 0x1,
    0xfc, 0x2c, 0x12, 0x0, 0x90, 0x52, 0x0, 0xff,
    0x58, 0xa, 0x80,

    /* U+0042 "B" */
    0x7f, 0xff, 0xdd, 0x6c, 0x1, 0xff, 0xc0, 0x14,
    0x9d, 0x10, 0x8, 0x7f, 0xfd, 0xac, 0x5, 0x60,
    0x1f, 0xe2, 0x97, 0x5, 0x0, 0xff, 0xe0, 0x68,
    0x7, 0xff, 0xb, 0x40, 0x80, 0x3f, 0xc5, 0xe,
    0x10, 0x1, 0xf, 0xff, 0xb5, 0xc2, 0x94, 0x3,
    0xff, 0x83, 0x6, 0x1, 0xf, 0xff, 0xba, 0x8c,
    0xb0, 0x80, 0x3f, 0x85, 0x70, 0x82, 0x0, 0x3f,
    0xf8, 0xa, 0xe, 0x1, 0xff, 0xc2, 0x30, 0xf,
    0xfe, 0x2, 0x1, 0x0, 0x7f, 0xa, 0x59, 0x85,
    0x0, 0x7, 0xff, 0xdd, 0x68, 0xc, 0xc0, 0xf,
    0xf1, 0x36, 0x48, 0x0,

    /* U+0043 "C" */
    0x0, 0xe5, 0xad, 0xff, 0x6d, 0x28, 0x7, 0x8f,
    0x69, 0x48, 0x0, 0x4b, 0x5a, 0x60, 0x12, 0xe1,
    0x2, 0x4d, 0xe5, 0x30, 0x16, 0x10, 0x1d, 0x1,
    0x65, 0xb2, 0x1a, 0xcf, 0x1b, 0x90, 0x70, 0xe,
    0x18, 0x7, 0x87, 0x20, 0x10, 0x82, 0x84, 0x3,
    0xfe, 0xd0, 0x14, 0x0, 0xff, 0xe0, 0x28, 0x20,
    0x7, 0xff, 0x4, 0x40, 0xc0, 0x3f, 0xf8, 0x22,
    0x6, 0x1, 0xff, 0xc1, 0x50, 0x70, 0xf, 0xfe,
    0xe, 0x81, 0x20, 0x7, 0xff, 0x1, 0x8, 0x28,
    0x40, 0x3f, 0xf8, 0x1c, 0x3, 0x86, 0x1, 0xe1,
    0xc8, 0x0, 0x1d, 0x1, 0x65, 0xa9, 0x99, 0x27,
    0x8d, 0xc8, 0x0, 0xb8, 0x40, 0x95, 0x98, 0xb6,
    0x2, 0xc2, 0x0, 0x8f, 0x69, 0x48, 0x0, 0x4b,
    0x5a, 0x60,

    /* U+0044 "D" */
    0x7f, 0xff, 0xdb, 0x28, 0x1, 0xff, 0xc2, 0x26,
    0xbc, 0x20, 0xe, 0x1e, 0xed, 0xb9, 0x48, 0x7,
    0xa8, 0x1, 0xc2, 0x38, 0x8d, 0x6f, 0x4, 0x28,
    0x80, 0x3f, 0xf8, 0x7, 0x80, 0x32, 0x1, 0xff,
    0xc1, 0x28, 0x4, 0x20, 0xf, 0xfe, 0xb, 0x0,
    0x14, 0x3, 0xff, 0x82, 0x24, 0x1c, 0x1, 0xff,
    0xc2, 0x10, 0x30, 0xf, 0xfe, 0x10, 0x81, 0x80,
    0x7f, 0xf0, 0x44, 0x83, 0x80, 0x3f, 0xf8, 0x2e,
    0x0, 0x50, 0xf, 0xfe, 0x1, 0x48, 0x19, 0x0,
    0x7f, 0xc7, 0x80, 0xe, 0x0, 0xc2, 0x3c, 0x6b,
    0x78, 0x21, 0x64, 0x1, 0xf, 0x77, 0x65, 0x20,
    0x1e, 0xa0, 0x7, 0xfc, 0x4d, 0x78, 0x40, 0x10,

    /* U+0045 "E" */
    0x7f, 0xff, 0xf9, 0x80, 0x3f, 0xf8, 0x63, 0xdd,
    0xfc, 0xc0, 0x10, 0x8f, 0xf0, 0x7, 0xff, 0x78,
    0x7f, 0xff, 0x28, 0x7, 0xff, 0x10, 0x7b, 0xbf,
    0x28, 0x6, 0x11, 0xfc, 0x1, 0xff, 0xe0, 0x11,
    0xff, 0x0, 0x7, 0xbb, 0xfa, 0x80, 0x3f, 0xf8,
    0x20,

    /* U+0046 "F" */
    0x7f, 0xff, 0xf9, 0x80, 0x3f, 0xf8, 0x63, 0xdd,
    0xfc, 0xc0, 0x10, 0x8f, 0xf0, 0x7, 0xff, 0xac,
    0x7f, 0xff, 0x28, 0x7, 0xff, 0x10, 0x7b, 0xbf,
    0x28, 0x6, 0x11, 0xfc, 0x1, 0xff, 0xf7,

    /* U+0047 "G" */
    0x0, 0xe4, 0x9d, 0xff, 0x75, 0xb0, 0x7, 0x8f,
    0x6d, 0x88, 0x0, 0x29, 0x3c, 0xa0, 0x12, 0xe1,
    0x2, 0x4d, 0xe5, 0xb8, 0x8a, 0x94, 0xe, 0x80,
    0xb2, 0xd9, 0xd, 0x23, 0x99, 0x14, 0x38, 0x7,
    0xc, 0x3, 0xe9, 0xb0, 0x42, 0xa, 0x10, 0xf,
    0xfb, 0x40, 0x90, 0x3, 0xff, 0x80, 0xa0, 0xe0,
    0x1f, 0xfc, 0x11, 0x3, 0x0, 0xff, 0x3c, 0xa0,
    0x81, 0x80, 0x7f, 0xa9, 0x8d, 0x41, 0xc0, 0x3f,
    0xf8, 0x3a, 0x4, 0x80, 0x1f, 0xfc, 0x4, 0x20,
    0xa1, 0x0, 0xff, 0xe0, 0x70, 0xe, 0x18, 0x7,
    0xfc, 0x74, 0x5, 0x96, 0xa6, 0x64, 0x7d, 0x20,
    0xc, 0xb8, 0x40, 0x95, 0x98, 0xb8, 0x20, 0x77,
    0x0, 0x47, 0xb4, 0xa4, 0x0, 0x14, 0x8e, 0x80,

    /* U+0048 "H" */
    0x7f, 0xe0, 0xf, 0xe7, 0xff, 0x0, 0x7f, 0xff,
    0xc0, 0x3f, 0xf8, 0xa3, 0xff, 0xfd, 0x0, 0x1f,
    0xfc, 0x71, 0xee, 0xfe, 0x80, 0xe, 0x11, 0xfe,
    0x0, 0xff, 0xff, 0x80, 0x7f, 0xf1, 0x80,

    /* U+0049 "I" */
    0x7f, 0xe0, 0xf, 0xff, 0x20,

    /* U+004A "J" */
    0x0, 0x47, 0xff, 0xe0, 0xf, 0xfe, 0xc, 0x77,
    0x74, 0x0, 0x70, 0x8f, 0x0, 0x7f, 0xff, 0xc0,
    0x3f, 0xf8, 0x62, 0x1, 0xfb, 0xc0, 0xc1, 0x68,
    0x3, 0x94, 0x1c, 0x29, 0x71, 0x4, 0xe8, 0x83,
    0xc2, 0x80, 0xef, 0xb1, 0x41, 0x54, 0xb, 0xac,
    0x40, 0x3, 0x9a, 0x0,

    /* U+004B "K" */
    0x7f, 0xe0, 0xf, 0xcd, 0xfe, 0x50, 0xf, 0xf9,
    0xa4, 0x25, 0x40, 0x3f, 0xcb, 0x21, 0x2c, 0x1,
    0xfe, 0x5a, 0x8, 0x60, 0xf, 0xf2, 0x50, 0x3b,
    0x80, 0x3f, 0xc9, 0x60, 0xd0, 0x1, 0xfe, 0x3b,
    0x5, 0x90, 0xf, 0xf1, 0xe0, 0x15, 0x0, 0x7f,
    0x8b, 0x40, 0x4, 0x80, 0x1f, 0xc3, 0x82, 0x44,
    0xb, 0x20, 0xf, 0xe1, 0x2c, 0xf0, 0x7, 0x88,
    0x7, 0xe2, 0xc1, 0x2b, 0x2, 0xa0, 0xf, 0xde,
    0x20, 0x4, 0x90, 0x48, 0x0, 0xf0, 0x90, 0x6,
    0x67, 0x7, 0x50, 0xf, 0xfe, 0x4, 0x20, 0x51,
    0x80, 0x7f, 0xf0, 0x2c, 0xc3, 0x44, 0x3, 0xff,
    0x81, 0xa2, 0x2d, 0x0,

    /* U+004C "L" */
    0x7f, 0xe0, 0xf, 0xff, 0xf8, 0x7, 0xff, 0xfc,
    0x3, 0xff, 0xa8, 0x23, 0xfc, 0x1, 0xf, 0x77,
    0xf0, 0x7, 0xff, 0x8,

    /* U+004D "M" */
    0x7f, 0xc0, 0xf, 0xfe, 0xe, 0xfa, 0x80, 0xd,
    0x40, 0x3f, 0xe7, 0x20, 0x30, 0xa, 0xc0, 0x3f,
    0xc3, 0x0, 0x1e, 0x18, 0x0, 0xfe, 0x80, 0xf,
    0xce, 0x40, 0x1f, 0x1b, 0x0, 0x78, 0x90, 0x24,
    0x3, 0xef, 0x7, 0x10, 0xe, 0x90, 0x44, 0x0,
    0x72, 0x98, 0xc0, 0x7, 0x89, 0xc2, 0x40, 0x3a,
    0xc2, 0xc0, 0x3f, 0x40, 0x93, 0x80, 0x50, 0x26,
    0xa0, 0x1f, 0xd6, 0x10, 0x20, 0x2e, 0x1e, 0x1,
    0xfe, 0x54, 0xb, 0xb, 0x6, 0x30, 0xf, 0xfa,
    0x41, 0x5d, 0x46, 0x0, 0x3f, 0xf8, 0x4, 0xe1,
    0x1, 0x2, 0x1, 0xff, 0xc1, 0x81, 0x2, 0x60,
    0xf, 0xfe, 0x1d, 0x84, 0x80, 0x7f, 0xf1, 0x17,
    0xd0, 0x3, 0xff, 0x9e,

    /* U+004E "N" */
    0x7f, 0xd0, 0xf, 0xe7, 0xff, 0x0, 0xa, 0x80,
    0x3f, 0xf8, 0x4a, 0xe0, 0x1f, 0xfc, 0x28, 0x40,
    0xf, 0xfe, 0x1, 0x5, 0x10, 0x7, 0xf8, 0x78,
    0x7, 0xc0, 0x3f, 0xe3, 0xa0, 0x2a, 0x0, 0xff,
    0x95, 0xc1, 0x5c, 0x3, 0xfe, 0x84, 0x8, 0x40,
    0xf, 0xfa, 0x84, 0x28, 0x40, 0x3f, 0xc3, 0xa0,
    0x3a, 0x1, 0xff, 0x1c, 0x81, 0xd0, 0x7, 0xfc,
    0xcc, 0x5, 0xa0, 0xf, 0xfa, 0x4c, 0x8, 0x3,
    0xff, 0x81, 0xa2, 0x1, 0xff, 0xc1, 0x1d, 0x0,
    0xff, 0xe1, 0x1c, 0x80, 0x0,

    /* U+004F "O" */
    0x0, 0xe5, 0xad, 0xff, 0x75, 0x30, 0x7, 0xf1,
    0xed, 0x29, 0x0, 0x5, 0x67, 0x94, 0x3, 0xcb,
    0x84, 0x9, 0x59, 0x8a, 0x50, 0x1a, 0x80, 0xc,
    0x74, 0x5, 0x96, 0xa6, 0x65, 0xae, 0x30, 0x76,
    0x0, 0xb8, 0x7, 0xc, 0x3, 0xc3, 0x86, 0x10,
    0x20, 0x84, 0x14, 0x20, 0x1f, 0xdc, 0x2, 0xc1,
    0xa0, 0x48, 0x1, 0xfe, 0x24, 0xb, 0x5, 0x7,
    0x0, 0xff, 0xe0, 0x18, 0x10, 0x8, 0x18, 0x7,
    0xff, 0x3, 0x80, 0x40, 0x40, 0xc0, 0x3f, 0xf8,
    0x1c, 0x2, 0xa, 0xe, 0x1, 0xff, 0xc0, 0x30,
    0x20, 0xd0, 0x24, 0x0, 0xff, 0x12, 0x5, 0x82,
    0x10, 0x50, 0x80, 0x7f, 0x70, 0xb, 0x0, 0x38,
    0x7, 0x8, 0x3, 0xc3, 0x86, 0x10, 0x20, 0x3,
    0xa0, 0x2d, 0xa5, 0x33, 0x2c, 0xf1, 0x83, 0xb0,
    0x6, 0x5c, 0x20, 0x5a, 0xcc, 0x53, 0x0, 0xd4,
    0x0, 0x78, 0xf6, 0x94, 0x80, 0x2, 0x93, 0xca,
    0x1, 0x80,

    /* U+0050 "P" */
    0x7f, 0xff, 0xba, 0xd8, 0x3, 0xff, 0x80, 0x29,
    0x3a, 0x40, 0x18, 0x7b, 0xb6, 0xdb, 0x81, 0x60,
    0x80, 0x61, 0x1c, 0x49, 0x18, 0x3, 0x0, 0x1f,
    0xf1, 0xb0, 0x38, 0x7, 0xff, 0x3, 0x0, 0x40,
    0x3f, 0xf9, 0xf8, 0x2, 0x1, 0xff, 0x1b, 0x3,
    0x80, 0x61, 0x1c, 0x49, 0x18, 0x3, 0x0, 0x10,
    0xf7, 0x6d, 0xb7, 0x2, 0xc1, 0x0, 0xfe, 0x14,
    0x9d, 0x20, 0xc, 0x3f, 0xfd, 0xd6, 0xc0, 0x1f,
    0xff, 0x40,

    /* U+0051 "Q" */
    0x0, 0xe4, 0x9d, 0xff, 0x75, 0x30, 0x7, 0xf1,
    0xed, 0xb1, 0x0, 0x5, 0x67, 0x94, 0x3, 0xcb,
    0x84, 0x9, 0x59, 0x8a, 0x50, 0x1a, 0x70, 0xc,
    0x74, 0x5, 0x96, 0xa6, 0x65, 0xae, 0x30, 0x86,
    0x0, 0xbc, 0x7, 0xc, 0x3, 0xc3, 0x86, 0x10,
    0x20, 0x86, 0x14, 0x20, 0x1f, 0xdc, 0x2, 0xc1,
    0xa0, 0x28, 0x1, 0xfe, 0x24, 0xb, 0x2, 0x4,
    0x0, 0xff, 0xe0, 0x18, 0x10, 0x30, 0x18, 0x7,
    0xff, 0x3, 0x80, 0x40, 0x40, 0xc0, 0x3f, 0xf8,
    0x1c, 0x2, 0xc, 0xe, 0x1, 0xff, 0xc0, 0x30,
    0x20, 0xf0, 0x24, 0x0, 0xff, 0x12, 0x5, 0x82,
    0x88, 0x48, 0x80, 0x7f, 0x70, 0x1, 0x80, 0x14,
    0x5, 0xa4, 0x1, 0xe1, 0xb3, 0x9, 0x10, 0x2,
    0x40, 0x1e, 0xca, 0x11, 0x12, 0x3d, 0x1, 0xd8,
    0x3, 0x3d, 0x0, 0x1a, 0xf7, 0x56, 0xe2, 0x13,
    0x0, 0x1e, 0x5e, 0x83, 0x10, 0x8, 0xa3, 0x98,
    0x3, 0xf0, 0xbe, 0x77, 0xc, 0x8, 0x3, 0x26,
    0x20, 0x7, 0xe1, 0xc6, 0x8, 0xef, 0xf5, 0x98,
    0x80, 0x7f, 0xa7, 0x14, 0x40, 0x57, 0x54,

    /* U+0052 "R" */
    0x7f, 0xff, 0xba, 0xd8, 0x3, 0xff, 0x80, 0x29,
    0x3a, 0x40, 0x18, 0x7b, 0xb6, 0xdb, 0x81, 0x60,
    0x80, 0x61, 0x1c, 0x49, 0x18, 0x3, 0x0, 0x1f,
    0xf1, 0xb0, 0x38, 0x7, 0xff, 0x3, 0x0, 0x40,
    0x3f, 0xf9, 0xf8, 0x2, 0x1, 0xff, 0x1b, 0x3,
    0x0, 0x61, 0x1e, 0x38, 0xc0, 0x19, 0x0, 0x87,
    0xbb, 0xb1, 0xc0, 0xb0, 0x40, 0x3f, 0xe5, 0xd2,
    0x0, 0xc3, 0xff, 0xd0, 0xa, 0x40, 0x1f, 0xf3,
    0x98, 0x78, 0x7, 0xff, 0x3, 0x44, 0xa4, 0x3,
    0xfe, 0x1b, 0x6, 0x40, 0xf, 0xf9, 0x58, 0x28,
    0x40,

    /* U+0053 "S" */
    0x0, 0xcd, 0x7d, 0xfe, 0xda, 0x50, 0xc, 0x5d,
    0x28, 0x20, 0x2, 0x5a, 0xd1, 0x0, 0x60, 0x8a,
    0x77, 0xb9, 0x6e, 0x23, 0x3, 0x8, 0x6b, 0x10,
    0x89, 0x23, 0xb8, 0x0, 0xf0, 0x23, 0x0, 0xf8,
    0x80, 0x2, 0x6, 0x1, 0xff, 0x58, 0xe, 0x18,
    0x7, 0xf1, 0xb8, 0x1e, 0x6c, 0xa8, 0x80, 0x7a,
    0x2d, 0x0, 0x9a, 0xba, 0xd4, 0x3, 0x92, 0xfa,
    0x98, 0x41, 0x2a, 0xc0, 0x3c, 0x2b, 0x3d, 0xaa,
    0x8, 0xe0, 0x1f, 0xc5, 0x48, 0x14, 0x1, 0xff,
    0x60, 0x18, 0x2c, 0x0, 0x7e, 0xb0, 0x50, 0x87,
    0xe8, 0x42, 0x12, 0x5c, 0x30, 0xf0, 0xe2, 0x17,
    0xbd, 0xed, 0xa3, 0x9, 0x40, 0x3d, 0xb6, 0x21,
    0x1, 0x37, 0xd6, 0x0,

    /* U+0054 "T" */
    0xef, 0xff, 0xfe, 0x8, 0x7, 0xff, 0xb, 0xfb,
    0xb6, 0x0, 0x2b, 0xbb, 0x84, 0x7c, 0x0, 0x61,
    0x1e, 0x0, 0xff, 0xff, 0x80, 0x7f, 0xff, 0xc0,
    0x3f, 0xfa, 0x80,

    /* U+0055 "U" */
    0xaf, 0xc0, 0xf, 0xec, 0xf9, 0x0, 0xff, 0xff,
    0x80, 0x7f, 0xf8, 0x4c, 0x3, 0xff, 0x88, 0x20,
    0x1f, 0xc2, 0x3, 0xc0, 0x40, 0x1f, 0xc4, 0x1c,
    0x80, 0x5, 0x0, 0xf9, 0x40, 0x8, 0x64, 0x16,
    0x40, 0x1c, 0x36, 0x6, 0x41, 0xc0, 0x39, 0x6,
    0x47, 0x1e, 0x21, 0xe0, 0x3, 0xb0, 0x17, 0xcd,
    0xc7, 0x11, 0x59, 0x80, 0x49, 0xd0, 0x62, 0x2,
    0x71, 0xe8, 0x0,

    /* U+0056 "V" */
    0xd, 0xfc, 0x0, 0xff, 0xa3, 0xf8, 0x1, 0x60,
    0x66, 0x0, 0xff, 0x30, 0x48, 0x1, 0x84, 0x24,
    0x3, 0xf9, 0x84, 0x18, 0x2, 0x60, 0x51, 0x0,
    0xfd, 0x40, 0xc2, 0x1, 0x48, 0x2, 0x40, 0x3e,
    0x43, 0xb, 0x0, 0xc2, 0xa0, 0xc0, 0x1f, 0x78,
    0x21, 0x0, 0x74, 0x80, 0xa8, 0x7, 0x12, 0x7,
    0x80, 0x78, 0xcc, 0x12, 0x1, 0xd4, 0x4, 0x80,
    0x1f, 0x48, 0x19, 0x80, 0x33, 0x85, 0x80, 0x7e,
    0x51, 0x9, 0x0, 0x98, 0x0, 0xc0, 0x1f, 0xd2,
    0xa, 0x20, 0xb, 0x7, 0x0, 0xff, 0x30, 0x2,
    0x41, 0x8, 0x28, 0x3, 0xfc, 0x2c, 0xc, 0x1e,
    0x8, 0x40, 0x1f, 0xf5, 0x80, 0xca, 0x7, 0x80,
    0x7f, 0xf0, 0x9, 0x1, 0x80, 0x90, 0x3, 0xff,
    0x83, 0xe0, 0x15, 0x80, 0x7f, 0xf0, 0x90, 0x80,
    0x58, 0x3, 0xe0,

    /* U+0057 "W" */
    0x1f, 0xf3, 0x0, 0x7e, 0xaf, 0xe0, 0xf, 0xc7,
    0xfe, 0x11, 0x20, 0x68, 0x7, 0xe5, 0x1, 0x30,
    0xf, 0xac, 0xc, 0x43, 0x41, 0x4, 0x3, 0xca,
    0x1, 0x58, 0x7, 0xca, 0x14, 0x0, 0x70, 0x3,
    0x80, 0x7b, 0x80, 0x41, 0x80, 0x3c, 0x64, 0xe,
    0x0, 0x14, 0xd, 0x0, 0xf2, 0x5, 0x0, 0x98,
    0x7, 0x58, 0x18, 0x80, 0x5a, 0x8, 0x20, 0x19,
    0x40, 0x90, 0xc2, 0xc0, 0x39, 0x42, 0x80, 0x33,
    0x80, 0x1c, 0x3, 0x70, 0x28, 0x58, 0x30, 0x6,
    0x32, 0x7, 0x0, 0xc2, 0x61, 0xa0, 0x10, 0xa0,
    0x50, 0x30, 0x9, 0x80, 0x56, 0x6, 0x20, 0x1d,
    0x40, 0x80, 0x13, 0x81, 0x10, 0x4, 0xc2, 0xc0,
    0x25, 0xb, 0x0, 0xf3, 0x80, 0x14, 0x1, 0xa1,
    0x40, 0x15, 0x3, 0x0, 0xc, 0x81, 0x80, 0x3c,
    0x26, 0x1c, 0x2, 0x80, 0xa0, 0x13, 0x80, 0x98,
    0x58, 0x18, 0x80, 0x7d, 0x40, 0x80, 0xe0, 0x64,
    0x1, 0xa, 0x5, 0x82, 0x85, 0x80, 0x7e, 0x70,
    0x2, 0xe8, 0x58, 0x7, 0x68, 0x31, 0x90, 0x28,
    0x7, 0xe1, 0x30, 0x94, 0x5, 0x0, 0xe7, 0x1,
    0x80, 0x32, 0x0, 0xfe, 0xb0, 0x30, 0x32, 0x0,
    0xe1, 0x40, 0x40, 0xb0, 0xf, 0xf3, 0x0, 0x56,
    0x1, 0xf6, 0x80, 0x4a, 0x1, 0xfe, 0x13, 0x0,
    0x30, 0x7, 0xce, 0x0, 0x32, 0x0, 0xe0,

    /* U+0058 "X" */
    0x1e, 0xfc, 0x0, 0xfd, 0x3f, 0xc2, 0x2d, 0x3,
    0x80, 0xf, 0x23, 0x5, 0x88, 0x1b, 0x83, 0xa0,
    0x6, 0x1a, 0x6, 0x50, 0xa, 0xc, 0x28, 0x40,
    0x2a, 0x12, 0x90, 0xe, 0xe0, 0x1b, 0x0, 0x32,
    0x7, 0x80, 0x78, 0xa8, 0x15, 0x8a, 0x42, 0x48,
    0x3, 0xe5, 0x50, 0x4f, 0x82, 0x30, 0x7, 0xf5,
    0x8, 0x10, 0xd0, 0x7, 0xfc, 0xe0, 0x5, 0x10,
    0xf, 0xf2, 0x30, 0x1, 0x18, 0x3, 0xf8, 0x68,
    0x11, 0x82, 0x48, 0x3, 0xf5, 0x8, 0xaa, 0x48,
    0x3c, 0x3, 0xe6, 0x40, 0xa1, 0xf, 0x2, 0x90,
    0xe, 0x29, 0x7, 0x40, 0x1, 0x40, 0x32, 0x80,
    0x6f, 0x2, 0x80, 0xc, 0xe8, 0x16, 0x20, 0x9,
    0x20, 0xf0, 0xf, 0x50, 0x8a, 0x81, 0x58, 0x24,
    0x80, 0x3c, 0x34, 0x8, 0xe0,

    /* U+0059 "Y" */
    0xc, 0xfc, 0x0, 0xfe, 0x1f, 0xf2, 0x87, 0x81,
    0xa8, 0x7, 0xeb, 0x4, 0x50, 0x36, 0xb, 0x0,
    0xf9, 0x14, 0x24, 0x2, 0x81, 0x14, 0x80, 0x7a,
    0x41, 0xc8, 0x2, 0x18, 0x6, 0x20, 0xc, 0xe4,
    0x30, 0x1, 0xcc, 0x61, 0xc0, 0x10, 0xc0, 0x50,
    0x7, 0xde, 0x6, 0xc0, 0xb, 0x4, 0x40, 0x7,
    0xc6, 0xc1, 0x2, 0x8a, 0x12, 0x1, 0xfd, 0x2,
    0x28, 0x90, 0x72, 0x0, 0xfe, 0x18, 0x6, 0x22,
    0x40, 0x7, 0xfc, 0xc6, 0x0, 0x90, 0xf, 0xfe,
    0xd, 0x0, 0x10, 0x3, 0xff, 0xfe, 0x1, 0xff,
    0xc4,

    /* U+005A "Z" */
    0xcf, 0xff, 0xfe, 0x6, 0x0, 0x7f, 0xf0, 0x9c,
    0x37, 0xbb, 0xf8, 0xc0, 0x12, 0x2, 0x3f, 0xd2,
    0x61, 0x64, 0x1, 0xfc, 0xae, 0x10, 0x80, 0x1f,
    0xc5, 0x40, 0x8e, 0x1, 0xfe, 0xf0, 0x2b, 0x0,
    0xff, 0x59, 0x7, 0x80, 0x7f, 0xa1, 0x2, 0x88,
    0x3, 0xf9, 0x1c, 0x1d, 0x40, 0x3f, 0x8a, 0xc1,
    0x20, 0x3, 0xfd, 0xe0, 0x54, 0x1, 0xfe, 0xb2,
    0xf, 0x10, 0xf, 0xe8, 0x40, 0xa2, 0x0, 0xfe,
    0x47, 0x6, 0x41, 0x1f, 0xe0, 0xa0, 0x3, 0x77,
    0x7f, 0x84, 0x40, 0x1f, 0xfc, 0x20,

    /* U+005B "[" */
    0x7f, 0xfd, 0x0, 0x10, 0x8b, 0xc0, 0x5, 0xdc,
    0x70, 0xf, 0xff, 0xf8, 0x7, 0xff, 0x5c, 0xbb,
    0x8e, 0x1, 0x8, 0xbc,

    /* U+005C "\\" */
    0xbf, 0x50, 0xf, 0xda, 0x1c, 0x1, 0xf9, 0xc1,
    0x0, 0x3f, 0xa, 0x3, 0x0, 0x7e, 0xe0, 0xd0,
    0xf, 0xca, 0x8, 0x20, 0x1f, 0x94, 0x1c, 0x3,
    0xf7, 0x85, 0x0, 0x7e, 0x50, 0x31, 0x0, 0xfc,
    0xa0, 0xc0, 0x1f, 0xb8, 0x2c, 0x3, 0xf2, 0x9,
    0x90, 0x7, 0xe7, 0x5, 0x0, 0xfd, 0xa1, 0x40,
    0x1f, 0x90, 0x48, 0x80, 0x1f, 0x9c, 0x28, 0x3,
    0xf5, 0x2, 0x80, 0x7e, 0x31, 0x23, 0x0, 0xfc,
    0xc1, 0x60, 0x1f, 0xac, 0x18, 0x3, 0xf1, 0x90,
    0x98, 0x7, 0xe5, 0xa, 0x0, 0xfd, 0x40, 0xe0,

    /* U+005D "]" */
    0x8f, 0xfc, 0xe0, 0x22, 0x0, 0xa3, 0xb8, 0x40,
    0x1f, 0xff, 0xf0, 0xf, 0xfe, 0xbc, 0x77, 0x8,
    0x2, 0x11, 0x0, 0x40,

    /* U+005E "^" */
    0x0, 0xc5, 0xfe, 0x20, 0xf, 0xd6, 0x0, 0xb0,
    0xf, 0xcc, 0x68, 0xc2, 0x1, 0xe7, 0x9, 0xe0,
    0x60, 0xf, 0x50, 0xaa, 0x86, 0x80, 0x39, 0x9,
    0x80, 0xc, 0x48, 0x1, 0xbc, 0x24, 0x1, 0x21,
    0xe0, 0x11, 0x22, 0x88, 0x0, 0x51, 0x4, 0x0,
    0xb0, 0xe0, 0xd, 0xe1, 0x40, 0x6, 0x24, 0x0,
    0xc8, 0x4c, 0x0,

    /* U+005F "_" */
    0x88, 0xff, 0xe0, 0x3b, 0xff, 0xf0, 0x0,

    /* U+0060 "`" */
    0x8, 0xff, 0x20, 0x5, 0x16, 0x36, 0xc0, 0x12,
    0x7a, 0x4b, 0x80,

    /* U+0061 "a" */
    0x0, 0x35, 0xf7, 0xfb, 0x60, 0x40, 0x5, 0xd2,
    0x82, 0x0, 0x27, 0xc1, 0x2, 0x4, 0xae, 0xfd,
    0x80, 0x2a, 0x0, 0x7d, 0xa8, 0x81, 0x3c, 0x82,
    0x0, 0x4, 0x3, 0xce, 0x0, 0x30, 0x1, 0xbc,
    0xd5, 0x56, 0x0, 0x70, 0x9c, 0x86, 0x55, 0xc0,
    0x13, 0x30, 0x2b, 0xbf, 0xf0, 0x5, 0xa0, 0xca,
    0x20, 0x1f, 0x38, 0x7, 0xcc, 0x1, 0x20, 0x31,
    0x80, 0x4d, 0x20, 0x14, 0x90, 0x67, 0x6f, 0xca,
    0x0, 0x43, 0x8e, 0x42, 0x47, 0x16, 0x20, 0x0,

    /* U+0062 "b" */
    0xdf, 0x70, 0xf, 0xff, 0xdb, 0xef, 0xf6, 0x38,
    0x80, 0x77, 0x6c, 0x10, 0x9, 0xc7, 0x98, 0x6,
    0x62, 0x5c, 0xed, 0x91, 0x16, 0x10, 0x6, 0x7a,
    0x31, 0x26, 0xf1, 0x8, 0x0, 0x86, 0x0, 0x38,
    0x60, 0x14, 0x40, 0xe, 0x1, 0xf3, 0x80, 0x8,
    0x1, 0xc0, 0x1f, 0x8, 0x1, 0x80, 0x1c, 0x1,
    0xf0, 0x80, 0x18, 0x0, 0xe0, 0x1f, 0x38, 0x0,
    0x80, 0x3, 0x0, 0x1c, 0x50, 0xa, 0x20, 0x13,
    0xd1, 0x89, 0x36, 0x8, 0xa0, 0x2, 0x72, 0x5c,
    0xed, 0x91, 0x16, 0x90, 0x5, 0xdb, 0x4, 0x2,
    0x71, 0xe6, 0x0,

    /* U+0063 "c" */
    0x0, 0x8e, 0xb7, 0xfb, 0x18, 0x3, 0x4e, 0x29,
    0x0, 0x9c, 0xe0, 0x84, 0xb0, 0x36, 0x76, 0xc0,
    0x1d, 0xa3, 0x4, 0xc8, 0xc4, 0x9f, 0x1a, 0xf8,
    0xd, 0x80, 0x38, 0xe4, 0x5c, 0x2c, 0x3, 0xf8,
    0x80, 0x80, 0x3f, 0x88, 0x8, 0x3, 0xf9, 0xc2,
    0xc0, 0x3f, 0xb8, 0xd, 0x80, 0x38, 0xe4, 0x51,
    0x82, 0x64, 0x62, 0x4f, 0x8d, 0x61, 0x2c, 0xd,
    0x9d, 0xb0, 0x7, 0x60, 0x9, 0xc5, 0x20, 0x13,
    0x9c, 0x10,

    /* U+0064 "d" */
    0x0, 0xff, 0x17, 0xf8, 0xc0, 0x3f, 0xfd, 0xeb,
    0x7d, 0xfd, 0x24, 0x1, 0xc3, 0x74, 0x82, 0x2,
    0xda, 0xa0, 0x1a, 0x90, 0x1b, 0x3b, 0x60, 0x20,
    0x2, 0x54, 0x9, 0x91, 0x89, 0x3e, 0x0, 0x6e,
    0x3, 0x60, 0xe, 0x37, 0x0, 0x98, 0x2c, 0x3,
    0xeb, 0x0, 0x88, 0x8, 0x3, 0xe2, 0x0, 0x88,
    0x8, 0x3, 0xe2, 0x0, 0x98, 0x2c, 0x3, 0xeb,
    0x0, 0xb8, 0xd, 0x80, 0x38, 0xdc, 0x2, 0x54,
    0x9, 0x91, 0x89, 0x3e, 0x0, 0x75, 0xa0, 0x36,
    0x76, 0xc0, 0x48, 0x7, 0x5d, 0x20, 0x80, 0xb6,
    0xb0, 0x4,

    /* U+0065 "e" */
    0x0, 0x96, 0xfb, 0xf6, 0x8c, 0x3, 0xae, 0x90,
    0x40, 0x97, 0x20, 0x2, 0xb4, 0x19, 0xef, 0xd7,
    0x7, 0x70, 0x22, 0x3, 0x18, 0x40, 0xa2, 0x82,
    0x7, 0xc1, 0x88, 0x3, 0x94, 0xc1, 0xd8, 0x16,
    0x67, 0xe1, 0xf, 0x20, 0x36, 0x6f, 0x88, 0xc,
    0x82, 0x7f, 0xff, 0xa9, 0xc2, 0x80, 0x3f, 0xdc,
    0x6, 0xc0, 0x1e, 0x50, 0x2, 0x28, 0x4d, 0x18,
    0x89, 0x2e, 0xa0, 0x1, 0x4c, 0xb, 0x9d, 0xcb,
    0x40, 0xc0, 0xa, 0x71, 0x48, 0x0, 0x4f, 0xc8,
    0x0,

    /* U+0066 "f" */
    0x0, 0xd1, 0xbf, 0xd4, 0x20, 0x15, 0xb9, 0x0,
    0xa8, 0x80, 0x11, 0x1, 0x5f, 0xec, 0x0, 0x8c,
    0x9, 0x40, 0x6, 0x1, 0xc2, 0x1, 0xd5, 0xf0,
    0x7, 0xff, 0x38, 0x18, 0x80, 0x42, 0x38, 0x27,
    0xa0, 0xb, 0xba, 0x60, 0xf, 0xff, 0xf8, 0x7,
    0xff, 0x38,

    /* U+0067 "g" */
    0x0, 0x92, 0xfb, 0xfa, 0x8c, 0x37, 0xd4, 0x1,
    0x56, 0x82, 0x2, 0xb9, 0x0, 0x1a, 0x94, 0x17,
    0x3b, 0x64, 0x5c, 0x80, 0x8, 0xa1, 0x34, 0x62,
    0x4d, 0xe2, 0x1, 0x78, 0x1b, 0x0, 0x70, 0xd8,
    0x4, 0xc1, 0x60, 0x1f, 0x28, 0x4, 0x40, 0x40,
    0x1f, 0x84, 0x0, 0x40, 0x40, 0x1f, 0x84, 0x0,
    0xe1, 0x60, 0x1f, 0x28, 0x5, 0xc0, 0x6c, 0x1,
    0xc3, 0x60, 0x12, 0x28, 0x4d, 0x18, 0x93, 0x78,
    0x80, 0x6a, 0x50, 0x5c, 0xed, 0x91, 0x70, 0xe,
    0xab, 0x41, 0x1, 0x5c, 0x80, 0x0, 0x80, 0x49,
    0x7d, 0xfd, 0x46, 0x40, 0x5, 0x3, 0x10, 0xf,
    0xa0, 0x8, 0x43, 0xb9, 0x2a, 0x42, 0x24, 0xb5,
    0x8, 0x0, 0x38, 0x35, 0x6f, 0x72, 0xd0, 0x21,
    0x40, 0x15, 0xae, 0x62, 0x0, 0x26, 0xd7, 0x0,
    0x0,

    /* U+0068 "h" */
    0xdf, 0x70, 0xf, 0xff, 0xa8, 0xc6, 0xff, 0xb1,
    0xc0, 0x3b, 0x7d, 0xc8, 0x0, 0x71, 0x80, 0x19,
    0x45, 0xb3, 0xad, 0x40, 0xe0, 0x3, 0x54, 0x98,
    0xa5, 0x28, 0x30, 0x4, 0x6a, 0x1, 0xd2, 0x2,
    0x40, 0x4, 0x0, 0xf1, 0x0, 0x4, 0x1, 0xe0,
    0x1e, 0x10, 0x3, 0x80, 0x7f, 0xff, 0xc0, 0x20,

    /* U+0069 "i" */
    0xb, 0xf6, 0x24, 0xb, 0x24, 0xa, 0xb, 0xf7,
    0x0, 0xed, 0xf7, 0x0, 0xff, 0xf2, 0x0,

    /* U+006A "j" */
    0x0, 0xe9, 0xf8, 0x0, 0xe1, 0x60, 0x70, 0xe,
    0x15, 0x7, 0x0, 0xf5, 0x7c, 0x0, 0x7f, 0xf0,
    0xef, 0xe4, 0x3, 0xff, 0xfe, 0x1, 0xff, 0xe4,
    0x70, 0x10, 0x2, 0x10, 0x29, 0x86, 0x0, 0x2b,
    0x7e, 0x80, 0xd0, 0x0, 0xc4, 0x2, 0xd8, 0x0,

    /* U+006B "k" */
    0xdf, 0x70, 0xf, 0xff, 0xd1, 0xf7, 0xd0, 0x7,
    0xe3, 0xc1, 0x4a, 0x0, 0xf9, 0x30, 0x12, 0xc0,
    0x3e, 0x5b, 0x4, 0xb0, 0xf, 0x9a, 0x81, 0x2c,
    0x3, 0xe7, 0x90, 0x5, 0x0, 0x7d, 0x30, 0x1,
    0x50, 0x7, 0xc2, 0xf, 0x20, 0x8e, 0x1, 0xf4,
    0x41, 0x94, 0x21, 0x0, 0x39, 0x9c, 0x1, 0x44,
    0x14, 0x20, 0x1b, 0x80, 0x37, 0x88, 0xb4, 0x3,
    0xf8, 0xa8, 0xe, 0x40, 0x3f, 0x92, 0x1, 0x94,

    /* U+006C "l" */
    0xdf, 0x70, 0xf, 0xff, 0x38,

    /* U+006D "m" */
    0xdf, 0x62, 0x9d, 0xfe, 0xb5, 0x0, 0x9f, 0x3f,
    0xdb, 0x0, 0x1d, 0x9a, 0xc4, 0x2, 0x95, 0x25,
    0xd0, 0x60, 0x2, 0x7d, 0x10, 0x9, 0x42, 0x7f,
    0xd8, 0x60, 0xda, 0x2b, 0xbf, 0xd0, 0x5, 0x60,
    0x1b, 0x18, 0x0, 0x78, 0x20, 0x5, 0xa2, 0x1,
    0x77, 0x2, 0x80, 0x48, 0x60, 0x1c, 0xe0, 0x8,
    0x0, 0xea, 0x0, 0x18, 0x0, 0xc0, 0x3d, 0xc0,
    0x2, 0x0, 0xe2, 0x0, 0x38, 0x3, 0xc0, 0x3c,
    0x20, 0x20, 0x1f, 0xff, 0xf0, 0xf, 0xff, 0xb8,

    /* U+006E "n" */
    0xdf, 0x61, 0x8d, 0xff, 0x63, 0x80, 0x77, 0xf9,
    0xc8, 0x0, 0x71, 0x80, 0x19, 0x86, 0x3b, 0xf5,
    0x80, 0xe0, 0x3, 0x5b, 0x88, 0x14, 0xb0, 0x30,
    0x4, 0x68, 0x1, 0xd4, 0x2, 0x40, 0x4, 0x0,
    0xf1, 0x0, 0x4, 0x1, 0xe0, 0x1e, 0x10, 0x3,
    0x80, 0x7f, 0xff, 0xc0, 0x20,

    /* U+006F "o" */
    0x0, 0x92, 0xb7, 0xfa, 0xd4, 0x3, 0xd3, 0x6a,
    0x40, 0x29, 0x58, 0x20, 0x15, 0x30, 0x36, 0x76,
    0xc0, 0x1e, 0x0, 0x11, 0x42, 0x64, 0x62, 0x4f,
    0x80, 0x50, 0x1c, 0x6, 0xc0, 0x1c, 0x6e, 0xc,
    0xe, 0x16, 0x1, 0xf5, 0x80, 0x88, 0x80, 0x80,
    0x3e, 0x20, 0x1, 0x10, 0x8, 0x3, 0xe2, 0x0,
    0x13, 0x85, 0x80, 0x7d, 0x60, 0x22, 0xe0, 0x36,
    0x0, 0xe3, 0x70, 0x60, 0x45, 0x9, 0x91, 0x89,
    0x3e, 0x1, 0x40, 0x2, 0x98, 0x1b, 0x3b, 0x60,
    0xf, 0x0, 0x34, 0xda, 0x90, 0xa, 0x56, 0x8,
    0x0,

    /* U+0070 "p" */
    0xdf, 0x61, 0x8d, 0xfe, 0xc7, 0x10, 0xe, 0xff,
    0x39, 0x0, 0x9c, 0x79, 0x80, 0x66, 0x16, 0xdf,
    0xf5, 0x10, 0xe1, 0x0, 0x68, 0x92, 0x0, 0x2e,
    0x8, 0x40, 0x4, 0x4e, 0x1, 0xc3, 0x60, 0xa2,
    0x0, 0x40, 0xf, 0x90, 0x0, 0x40, 0xe, 0x0,
    0xf8, 0x40, 0xc, 0x0, 0xe0, 0xf, 0x84, 0x0,
    0xc0, 0x7, 0x0, 0xf9, 0xc0, 0x4, 0x0, 0x18,
    0x0, 0xe2, 0x80, 0x51, 0x0, 0x9e, 0x8c, 0x49,
    0xb0, 0x45, 0x0, 0x13, 0x12, 0xe7, 0x6c, 0x88,
    0xb4, 0x80, 0x2e, 0xd8, 0x20, 0x13, 0x8f, 0x30,
    0xf, 0x3e, 0xff, 0x63, 0x88, 0x7, 0xff, 0xbc,

    /* U+0071 "q" */
    0x0, 0x96, 0xfb, 0xfa, 0x48, 0x3f, 0xc6, 0x3,
    0x74, 0x82, 0x2, 0xda, 0xc0, 0x1a, 0x90, 0x1b,
    0x3b, 0x60, 0x24, 0x2, 0x54, 0x9, 0x91, 0x89,
    0x3e, 0x0, 0x6e, 0x3, 0x60, 0xe, 0x37, 0x0,
    0x98, 0x2c, 0x3, 0xeb, 0x0, 0x88, 0x8, 0x3,
    0xe2, 0x0, 0x88, 0x8, 0x3, 0xe2, 0x0, 0x98,
    0x2c, 0x3, 0xeb, 0x0, 0xb8, 0xd, 0x80, 0x38,
    0xdc, 0x2, 0x54, 0x9, 0x91, 0x89, 0x3e, 0x0,
    0x75, 0xa0, 0x36, 0x76, 0xc0, 0x40, 0x7, 0x5d,
    0x20, 0x80, 0xae, 0xa8, 0x7, 0x96, 0xfb, 0xfa,
    0x88, 0x3, 0xff, 0xe0,

    /* U+0072 "r" */
    0xdf, 0x61, 0x8d, 0xf0, 0xb, 0xbd, 0xc8, 0x3,
    0x38, 0xb5, 0xe8, 0x6, 0x99, 0x21, 0x0, 0x44,
    0xc0, 0x1e, 0x40, 0xf, 0xb8, 0x3, 0xff, 0xd2,

    /* U+0073 "s" */
    0x0, 0xc, 0x67, 0xfb, 0xad, 0xc4, 0x0, 0x5e,
    0xe6, 0x0, 0x14, 0x8a, 0x0, 0x48, 0x95, 0xf7,
    0xed, 0x1c, 0x0, 0x10, 0x21, 0x4, 0x9, 0x70,
    0xc0, 0x2, 0x18, 0x1, 0xfc, 0xe0, 0xdb, 0x2a,
    0x40, 0x1d, 0x2e, 0x24, 0xd5, 0xbd, 0x2, 0x1,
    0x47, 0x5c, 0x29, 0xb, 0xe8, 0x7, 0x23, 0xd6,
    0xd0, 0x19, 0x80, 0x40, 0x3c, 0xa0, 0x7, 0xf,
    0xc6, 0x20, 0x1, 0xd0, 0x1, 0x4c, 0x4e, 0x77,
    0xfd, 0x8a, 0x12, 0x27, 0xd0, 0x82, 0x0, 0x26,
    0xd6, 0x0,

    /* U+0074 "t" */
    0x0, 0x3f, 0xe8, 0x7, 0xff, 0x36, 0xbe, 0x0,
    0xbf, 0xe7, 0x3, 0x10, 0x8, 0x47, 0x4, 0xf4,
    0x1, 0x77, 0x4c, 0x1, 0xff, 0xf5, 0x30, 0xf,
    0x8c, 0x5, 0xc0, 0x54, 0x2, 0x43, 0x8, 0xfe,
    0xa1, 0x0, 0xb1, 0x84, 0x9, 0xc4,

    /* U+0075 "u" */
    0xff, 0x30, 0x7, 0x93, 0xfc, 0x1, 0xff, 0xff,
    0x0, 0xc2, 0x1, 0xf8, 0x40, 0x23, 0xf, 0x0,
    0xf6, 0x0, 0x4e, 0xe, 0x20, 0x18, 0x98, 0x2,
    0x90, 0x1c, 0x52, 0x23, 0x60, 0x6, 0x38, 0x2,
    0xad, 0xd4, 0x8c, 0x0, 0x67, 0xb4, 0x10, 0x15,
    0xd5, 0x0, 0x80,

    /* U+0076 "v" */
    0xd, 0xf9, 0x0, 0xf8, 0x7f, 0xc6, 0x16, 0xc,
    0x1, 0xf3, 0x1, 0x98, 0x18, 0x41, 0x80, 0x3d,
    0x41, 0x20, 0x13, 0x5, 0x80, 0x72, 0x90, 0xa8,
    0x5, 0x40, 0x46, 0x1, 0xb8, 0x18, 0x3, 0x12,
    0x4, 0x80, 0x44, 0x81, 0x20, 0x1d, 0xe0, 0xa2,
    0x0, 0xb0, 0x51, 0x0, 0xe4, 0x20, 0x60, 0x16,
    0x9, 0x0, 0xfa, 0xc2, 0x41, 0x80, 0xcc, 0x1,
    0xf3, 0x0, 0xac, 0x84, 0x80, 0x7f, 0x38, 0x58,
    0x89, 0x40, 0x3f, 0xa8, 0x4, 0x18, 0x3, 0xfc,
    0x48, 0x0, 0x90, 0xe,

    /* U+0077 "w" */
    0xaf, 0x80, 0xf, 0x2f, 0xf8, 0x3, 0xec, 0xf4,
    0xf0, 0x50, 0xf, 0x70, 0x1, 0x40, 0x38, 0x8c,
    0x51, 0x44, 0x8c, 0x3, 0xa, 0x0, 0x38, 0x3,
    0xa8, 0x18, 0x0, 0xe1, 0x40, 0x19, 0x80, 0xc1,
    0x4, 0x3, 0x30, 0x50, 0x2, 0x81, 0xc0, 0x35,
    0x84, 0x20, 0x30, 0x4, 0x82, 0x64, 0x0, 0x32,
    0x14, 0x0, 0x11, 0x8a, 0x70, 0x50, 0x5, 0xc1,
    0x40, 0x1a, 0x83, 0x80, 0x14, 0xc, 0xa, 0x24,
    0x40, 0x2, 0x83, 0x80, 0x65, 0x5, 0x0, 0x30,
    0x50, 0x1, 0xc2, 0x81, 0x81, 0x4, 0x3, 0x11,
    0x82, 0xa0, 0x99, 0x0, 0x28, 0x18, 0x34, 0x38,
    0x3, 0xd4, 0x1d, 0xc0, 0xa0, 0x8, 0xc8, 0x59,
    0x5, 0x40, 0x3c, 0xe0, 0x8a, 0xc, 0x1, 0xa8,
    0x24, 0x1c, 0x3, 0xe1, 0x50, 0x2, 0x80, 0x73,
    0x0, 0x54, 0x1, 0xfb, 0x80, 0x1c, 0x1, 0xc2,
    0x80, 0x46, 0x1, 0x80,

    /* U+0078 "x" */
    0x1e, 0xf8, 0x0, 0xe4, 0xff, 0x20, 0xd0, 0x3a,
    0x0, 0x43, 0x40, 0xe8, 0x8, 0xe1, 0x42, 0x0,
    0xa1, 0x48, 0x0, 0xa0, 0xc6, 0x81, 0xd0, 0x68,
    0x3, 0xb4, 0x52, 0xa0, 0x28, 0x40, 0x38, 0x68,
    0x14, 0x21, 0x0, 0x3e, 0x42, 0x0, 0x30, 0x7,
    0xe8, 0x20, 0x5, 0x0, 0x7c, 0x8e, 0x14, 0x28,
    0xe0, 0x1c, 0x34, 0x10, 0xb4, 0x10, 0x60, 0x1b,
    0x45, 0x1c, 0x11, 0x83, 0x44, 0x1, 0x6, 0x34,
    0x1, 0x49, 0x8d, 0x2, 0x38, 0x50, 0x80, 0x6e,
    0x4, 0x80,

    /* U+0079 "y" */
    0xd, 0xf9, 0x0, 0xf8, 0x7f, 0xc6, 0x16, 0xc,
    0x1, 0xf3, 0x1, 0x98, 0x18, 0x41, 0x80, 0x3d,
    0x41, 0x20, 0x13, 0x5, 0x80, 0x72, 0x10, 0xa8,
    0x5, 0x40, 0x48, 0x1, 0xbc, 0x18, 0x3, 0x12,
    0x7, 0x0, 0x44, 0x81, 0x20, 0x1d, 0xe0, 0xa2,
    0x0, 0xb0, 0x51, 0x0, 0xe4, 0x20, 0x90, 0x3,
    0x4, 0x80, 0x7d, 0x60, 0xc0, 0xc0, 0x66, 0x0,
    0xf9, 0x84, 0x4b, 0x61, 0x20, 0x1f, 0xcc, 0x16,
    0x42, 0xa0, 0x1f, 0xd4, 0x2, 0x12, 0x1, 0xfe,
    0x24, 0x0, 0x30, 0x7, 0xfc, 0x20, 0xa2, 0x1,
    0xfe, 0x25, 0x9, 0x0, 0xfa, 0x90, 0xb, 0x81,
    0xc, 0x3, 0xca, 0xab, 0xfd, 0x31, 0x90, 0xf,
    0x96, 0x8, 0x5, 0xb0, 0x80, 0x3e,

    /* U+007A "z" */
    0xe, 0xff, 0xfe, 0x60, 0x31, 0x1f, 0x0, 0x46,
    0x1b, 0xdd, 0xde, 0x20, 0xaa, 0x0, 0xfa, 0x84,
    0xa8, 0x3, 0xe8, 0x41, 0xf0, 0xf, 0x95, 0xc2,
    0x88, 0x3, 0xc5, 0x40, 0xe8, 0x1, 0xf7, 0x82,
    0x40, 0x7, 0xd4, 0x44, 0xa0, 0xf, 0x9d, 0x43,
    0xc4, 0x3, 0xc9, 0x1, 0x44, 0x1, 0xf5, 0x0,
    0x2f, 0xbb, 0xd0, 0x2, 0x0, 0x11, 0xfc,

    /* U+007B "{" */
    0x0, 0x8f, 0x3f, 0xc0, 0x2, 0xc3, 0x1, 0x0,
    0x50, 0xe, 0xf0, 0x0, 0x81, 0x8, 0x2, 0x10,
    0x30, 0xf, 0xfe, 0xd0, 0xa8, 0x70, 0x2, 0xb8,
    0x49, 0x80, 0x6, 0x0, 0x33, 0x0, 0x27, 0xc8,
    0x68, 0x3, 0x30, 0x8, 0x7, 0xff, 0x58, 0xc0,
    0x31, 0x2, 0x10, 0x5, 0x40, 0x3b, 0xc0, 0x3,
    0xb3, 0x1,

    /* U+007C "|" */
    0x7f, 0xa0, 0xf, 0xff, 0xb0,

    /* U+007D "}" */
    0x8f, 0xd8, 0x0, 0xf1, 0x3c, 0x0, 0x51, 0xea,
    0xe, 0x1, 0xd2, 0x0, 0x10, 0xc, 0x20, 0x3,
    0x0, 0xff, 0xf0, 0x10, 0x1, 0x0, 0x39, 0xc2,
    0x7c, 0x3, 0x8, 0x7, 0x85, 0x82, 0xbc, 0x2,
    0x30, 0x3, 0x80, 0x7f, 0xf8, 0x2c, 0x0, 0x40,
    0x8, 0xf6, 0x5, 0x0, 0xe2, 0x7a, 0x0, 0x80,

    /* U+007E "~" */
    0x2, 0xcf, 0xd6, 0x0, 0xdf, 0x3, 0x86, 0x44,
    0x9b, 0x10, 0x60, 0xe7, 0x19, 0xde, 0x44, 0x76,
    0xc8, 0xb7, 0x83, 0x0, 0xdc, 0x91, 0xf, 0x0,

    /* U+00A0 " " */

    /* U+00A1 "¡" */
    0xc, 0xe5, 0x43, 0x1e, 0x51, 0xd, 0x1e, 0xf6,
    0x0, 0xe2, 0x30, 0x4, 0xe1, 0x3, 0x80, 0x80,
    0x70, 0x83, 0x81, 0x80, 0x80, 0x70, 0x81, 0x80,
    0x7c, 0x22, 0x0, 0x78, 0x6,

    /* U+00A2 "¢" */
    0x0, 0xe3, 0xf4, 0x0, 0xff, 0xe9, 0xad, 0xe0,
    0x5e, 0xc0, 0x6, 0xba, 0x40, 0x8, 0x9f, 0x44,
    0x2d, 0x1, 0xe8, 0x2a, 0x44, 0xad, 0x50, 0x2a,
    0x18, 0x5, 0xb1, 0xeb, 0x80, 0xd4, 0x3, 0x8a,
    0x1, 0x42, 0xc0, 0x3f, 0x84, 0x4, 0x3, 0xf8,
    0x80, 0x40, 0x3f, 0x9c, 0x2c, 0x3, 0xfb, 0x80,
    0xdc, 0x3, 0x8e, 0x85, 0x18, 0x22, 0x90, 0x9,
    0xf1, 0x6c, 0x25, 0x81, 0x60, 0x26, 0x0, 0xec,
    0x1, 0x38, 0xc4, 0x2, 0x95, 0x82, 0x1, 0x1c,
    0xf0, 0x55, 0xa8, 0x7, 0xff, 0x1c, 0x51, 0xc0,
    0x30,

    /* U+00A3 "£" */
    0x0, 0xf1, 0x46, 0x77, 0xf6, 0x41, 0x0, 0x79,
    0xf5, 0xcc, 0x40, 0x4d, 0xf4, 0x3, 0x9a, 0x0,
    0xe7, 0x31, 0x50, 0x6a, 0x1, 0x86, 0x41, 0x71,
    0x8c, 0xca, 0xf9, 0x60, 0x19, 0xc0, 0x16, 0x1,
    0xf0, 0x80, 0x6e, 0x3, 0x10, 0xf, 0xfe, 0x1,
    0x3, 0x80, 0x7f, 0xf3, 0x93, 0xfc, 0xa0, 0x9f,
    0xfe, 0x10, 0x9, 0x9a, 0x20, 0x16, 0x6f, 0x8,
    0x4, 0x53, 0x27, 0x5, 0x99, 0xf0, 0x7, 0xff,
    0xa4, 0x46, 0x0, 0x8, 0xff, 0x2, 0x77, 0x10,
    0x13, 0xbb, 0xf6, 0x80, 0x7f, 0xf1, 0x40,

    /* U+00A4 "¤" */
    0x0, 0xff, 0xe3, 0x4d, 0x80, 0x7f, 0x87, 0x58,
    0x5, 0x11, 0x60, 0x53, 0xbd, 0x90, 0x43, 0x85,
    0xa0, 0x38, 0x49, 0xba, 0x62, 0x13, 0x7d, 0xf2,
    0x4b, 0x0, 0xe, 0x1, 0xc, 0x77, 0xeb, 0x80,
    0x95, 0x80, 0x62, 0x1, 0xc7, 0x10, 0x28, 0xc0,
    0x22, 0x0, 0x68, 0xb, 0x20, 0xe, 0x38, 0xa,
    0x0, 0xc8, 0xa, 0x1, 0xf3, 0x2, 0x0, 0x42,
    0x4, 0x1, 0xf8, 0x40, 0x80, 0x21, 0x3, 0x0,
    0xff, 0x18, 0x6, 0x31, 0x40, 0xf, 0x98, 0x10,
    0x3, 0x48, 0x50, 0x80, 0x71, 0x48, 0x58, 0x6,
    0x50, 0x1f, 0x50, 0x0, 0xbe, 0x81, 0x90, 0x6,
    0xc0, 0x0, 0xd7, 0xfb, 0xa0, 0x0, 0x72, 0x1,
    0x61, 0x97, 0x62, 0x8, 0xb, 0x6e, 0x3, 0x48,
    0x1, 0xcb, 0x4, 0xef, 0xbf, 0xa4, 0x8f, 0x0,
    0x40, 0x17, 0x82, 0x1, 0xfc, 0x7b, 0x0,

    /* U+00A5 "¥" */
    0xc, 0xfc, 0x0, 0xff, 0xaf, 0xec, 0x1, 0xc0,
    0x6e, 0x1, 0xfc, 0xc8, 0x14, 0x0, 0x29, 0x8,
    0x20, 0xf, 0x8a, 0x42, 0x44, 0x2, 0x64, 0xe,
    0x0, 0xfa, 0x41, 0x18, 0x3, 0xa8, 0xd, 0xc0,
    0x39, 0x90, 0x68, 0x3, 0xc3, 0x21, 0x4, 0x1,
    0x14, 0x85, 0x88, 0x7, 0xcc, 0x81, 0xc0, 0x17,
    0x2, 0xa8, 0x3, 0xfa, 0x84, 0xdc, 0x1c, 0xc6,
    0xc0, 0x3f, 0xc3, 0x61, 0xb, 0x1, 0x62, 0x1,
    0xf8, 0x46, 0x43, 0xa, 0x4, 0x40, 0x8c, 0x1,
    0xed, 0xee, 0x8c, 0x2, 0x4e, 0xea, 0x80, 0x3d,
    0xf7, 0x78, 0xc0, 0xee, 0xf4, 0x0, 0x78, 0x95,
    0x73, 0x83, 0xaa, 0xe2, 0x0, 0xf6, 0xf7, 0x64,
    0x4, 0xee, 0xd4, 0x1, 0xef, 0xbb, 0xc6, 0x7,
    0x77, 0xa0, 0x3, 0xc6, 0x89, 0x9c, 0x19, 0x13,
    0x18, 0x7, 0xff, 0x28,

    /* U+00A6 "¦" */
    0x7f, 0xa0, 0xf, 0xfe, 0x4a, 0x3f, 0x9c, 0x28,
    0x7, 0xff, 0x0, 0xe1, 0x51, 0xfc, 0x3, 0xff,
    0x92,

    /* U+00A7 "§" */
    0x0, 0x92, 0xbb, 0xfd, 0xb2, 0x60, 0x14, 0xda,
    0x88, 0xc4, 0xd8, 0x40, 0x8c, 0x15, 0xfd, 0xd4,
    0xa1, 0x6, 0x3, 0xa8, 0x4, 0x2d, 0x60, 0x18,
    0x40, 0x3f, 0xac, 0x1a, 0x4c, 0x3, 0xe3, 0x60,
    0x6c, 0xea, 0x40, 0xc, 0xac, 0xa, 0x82, 0xb7,
    0xa4, 0x0, 0xb0, 0xba, 0xbf, 0xa2, 0x27, 0x0,
    0x8c, 0x80, 0x12, 0xe0, 0x18, 0x88, 0x4, 0x80,
    0x30, 0x88, 0x2, 0x40, 0xd7, 0x20, 0x3, 0x9,
    0x8, 0x52, 0x4, 0x6f, 0x64, 0x84, 0x80, 0x6,
    0xf6, 0x10, 0x4c, 0x15, 0x0, 0x31, 0x3d, 0xfc,
    0x82, 0xa8, 0x3, 0xf3, 0x38, 0x60, 0x0, 0xc0,
    0x3f, 0xc3, 0x98, 0x51, 0x1, 0x67, 0xd, 0x3,
    0x13, 0xae, 0xfe, 0x90, 0x74, 0x2, 0xeb, 0x63,
    0x23, 0x6c, 0x80, 0x0,

    /* U+00A8 "¨" */
    0x5, 0x40, 0x1, 0x38, 0x95, 0x58, 0x84, 0xc4,
    0xc, 0x88, 0x21, 0x81, 0x80,

    /* U+00A9 "©" */
    0x0, 0xe5, 0xad, 0xed, 0xb7, 0x10, 0xf, 0xc7,
    0xb1, 0xb3, 0x9d, 0xb9, 0xce, 0x1, 0xe5, 0xcb,
    0xd7, 0x42, 0x36, 0xbc, 0x9a, 0x0, 0xc7, 0x56,
    0xc0, 0x2f, 0x32, 0x50, 0x3f, 0x77, 0x0, 0x5f,
    0x8, 0xd, 0xd0, 0xcc, 0xad, 0x21, 0xe8, 0x10,
    0x42, 0x70, 0x49, 0x1a, 0xee, 0x39, 0x20, 0x1a,
    0x48, 0x6b, 0x80, 0x20, 0x35, 0x44, 0x51, 0xac,
    0x0, 0xe5, 0x2, 0xf0, 0x13, 0x38, 0x3, 0x10,
    0x4, 0xe4, 0xc, 0x40, 0x60, 0xc0, 0x1f, 0xc4,
    0x2, 0x30, 0x18, 0x30, 0x7, 0xf0, 0x80, 0xb6,
    0x80, 0x99, 0xc0, 0x18, 0x80, 0x25, 0x20, 0xf5,
    0x0, 0x40, 0x6a, 0x88, 0xa3, 0x58, 0x1, 0xc8,
    0xa, 0x6a, 0x9, 0x23, 0x5d, 0xc7, 0x24, 0x2,
    0x5b, 0x0, 0x5d, 0x88, 0x1b, 0xa1, 0x99, 0x5a,
    0x41, 0xee, 0x40, 0x5, 0x6c, 0x30, 0x17, 0x99,
    0x28, 0x16, 0x34, 0x0, 0x68, 0x86, 0x52, 0x0,
    0x47, 0x1a, 0xb6, 0x1, 0xe6, 0xe2, 0x9f, 0xfb,
    0x47, 0x64, 0x3, 0xf0, 0xc6, 0xff, 0x7f, 0x49,
    0x0, 0x70,

    /* U+00AA "ª" */
    0x3, 0xae, 0xfd, 0x80, 0xa, 0x82, 0x2e, 0x9e,
    0x80, 0x13, 0x4c, 0x8e, 0xca, 0x0, 0x1a, 0xde,
    0xe3, 0x1, 0x6, 0xbc, 0xff, 0x98, 0x2, 0x35,
    0x41, 0x10, 0x6, 0x14, 0x10, 0x56, 0x0, 0xb4,
    0xbb, 0xe1, 0x40, 0x23, 0xee, 0xb6, 0xf4, 0x80,

    /* U+00AB "«" */
    0x0, 0x89, 0x8, 0x0, 0x88, 0x0, 0x87, 0x2c,
    0x0, 0xd7, 0xe0, 0x16, 0x8d, 0x11, 0xc8, 0xd0,
    0x2, 0xd, 0x54, 0x1c, 0x14, 0x20, 0x8e, 0x54,
    0x14, 0x4e, 0x80, 0xf, 0xa, 0x1, 0x50, 0x90,
    0xa, 0x86, 0x8, 0x64, 0x28, 0x2, 0x1a, 0xf,
    0x6, 0x54, 0x70, 0x9, 0x1c, 0xa4, 0x2c, 0x60,
    0xc0, 0x28, 0x36, 0x41, 0xd0, 0xe0,

    /* U+00AC "¬" */
    0x5e, 0xef, 0xf2, 0x98, 0x8f, 0xf8, 0x1b, 0xff,
    0xf2, 0x0, 0x7f, 0xf8, 0xf9, 0xdc,

    /* U+00AE "®" */
    0x0, 0xe5, 0xad, 0xed, 0xb7, 0x10, 0xf, 0xc7,
    0xb1, 0xb3, 0x9d, 0xb9, 0xce, 0x1, 0xe5, 0xcb,
    0xd7, 0x42, 0x36, 0xbc, 0x9a, 0x0, 0xc7, 0x56,
    0xc2, 0x38, 0x2, 0x3f, 0x77, 0x0, 0x5f, 0x8,
    0x1b, 0xdd, 0x7f, 0x30, 0xf, 0x40, 0x82, 0x13,
    0x80, 0x43, 0x76, 0xa4, 0x97, 0x3, 0x49, 0xd,
    0x70, 0xc, 0x68, 0x85, 0xa3, 0xa0, 0x7, 0x28,
    0x17, 0x80, 0x7f, 0x39, 0x80, 0x1c, 0x81, 0x88,
    0x3, 0x84, 0x44, 0xe8, 0xe0, 0x2, 0x1, 0x18,
    0x3, 0x17, 0x73, 0x61, 0x64, 0x0, 0x20, 0x2d,
    0xa0, 0x18, 0x6e, 0xd0, 0x1c, 0x1, 0x29, 0x7,
    0xa8, 0x6, 0x34, 0x43, 0xa4, 0x80, 0x5c, 0x80,
    0xa6, 0xa0, 0x1f, 0x49, 0x40, 0x12, 0xd8, 0x2,
    0xec, 0x41, 0x30, 0x1, 0x15, 0xf0, 0x7b, 0x90,
    0x1, 0x5b, 0xd, 0x54, 0x1, 0x91, 0x18, 0xd0,
    0x1, 0xa2, 0x19, 0x48, 0x1, 0x1c, 0x6a, 0xd8,
    0x7, 0x9b, 0x8a, 0x7f, 0xed, 0x1d, 0x90, 0xf,
    0xc3, 0x1b, 0xfd, 0xfd, 0x24, 0x1, 0xc0,

    /* U+00AF "¯" */
    0x12, 0x2f, 0x82, 0xb7, 0x7e, 0x18, 0xaa, 0xf8,
    0x40,

    /* U+00B0 "°" */
    0x0, 0xfe, 0x2b, 0xff, 0x59, 0x0, 0xe3, 0xd5,
    0x1f, 0x4a, 0xf, 0x15, 0x58, 0x50, 0x8a, 0x1,
    0xa9, 0x3, 0xc0, 0x3c, 0xf6, 0x1, 0xad, 0x64,
    0xe8, 0x89, 0x27, 0x7, 0x69, 0xba, 0x7b, 0x30,
    0x4e, 0xdd, 0x72, 0x0,

    /* U+00B1 "±" */
    0x0, 0xef, 0xf0, 0x7, 0xff, 0x75, 0x7b, 0xb0,
    0x3, 0xbb, 0x29, 0x88, 0xe0, 0x0, 0x8e, 0x6,
    0xff, 0xc0, 0xf, 0xfc, 0xa0, 0x1f, 0xfd, 0xda,
    0xa0, 0x7, 0xf9, 0x54, 0x1, 0xff, 0xc5, 0x5e,
    0xef, 0xf2, 0x98, 0x8f, 0xf8, 0x0,

    /* U+00B2 "²" */
    0x2, 0x9e, 0xfe, 0xb3, 0x0, 0xe, 0xbb, 0xa1,
    0x97, 0xc, 0x7, 0x3e, 0x5e, 0x30, 0x28, 0x0,
    0x62, 0x1, 0xc2, 0x1, 0xe1, 0xe0, 0xa0, 0xe,
    0x1c, 0x3c, 0x20, 0xc, 0x7e, 0x7a, 0x60, 0x19,
    0x30, 0xfc, 0x80, 0x33, 0x58, 0x5b, 0xb3, 0x40,
    0x8, 0x0, 0x4c, 0xf1, 0x0,

    /* U+00B3 "³" */
    0xf, 0xff, 0xa8, 0x1, 0x33, 0xc4, 0x1c, 0x0,
    0x66, 0xdc, 0x54, 0x80, 0x1d, 0xf, 0x2a, 0x1,
    0xc4, 0xe1, 0x4c, 0x1, 0xc7, 0x52, 0xd3, 0x40,
    0x18, 0x55, 0xa9, 0x54, 0x0, 0x30, 0xe, 0x10,
    0x12, 0xcd, 0x97, 0x8c, 0x46, 0x12, 0xb7, 0x74,
    0x38, 0x44, 0x80,

    /* U+00B4 "´" */
    0x0, 0xe, 0x7e, 0x10, 0xe, 0x1b, 0xe1, 0x13,
    0xce, 0xe0, 0x0,

    /* U+00B5 "µ" */
    0xdf, 0x70, 0xf, 0x17, 0xf8, 0x80, 0x3f, 0xff,
    0xe0, 0x1d, 0xe0, 0x1e, 0x10, 0xe, 0x20, 0xf,
    0x28, 0x7, 0x28, 0x80, 0x75, 0x80, 0x7b, 0x4c,
    0x0, 0x78, 0x40, 0x1e, 0x3c, 0xff, 0x61, 0xb0,
    0x7, 0x44, 0x90, 0x0, 0xea, 0x40, 0x3c, 0xdb,
    0xfe, 0xc5, 0xf, 0xf1, 0x0, 0x7f, 0xfa, 0x0,

    /* U+00B6 "¶" */
    0x0, 0x1d, 0x77, 0xff, 0xe0, 0x3, 0x62, 0x88,
    0x0, 0x48, 0xa0, 0x8, 0xa4, 0x3, 0xa3, 0x76,
    0x10, 0x2, 0x80, 0x7f, 0xf0, 0x7c, 0x3, 0xff,
    0x83, 0xa0, 0x1f, 0xfc, 0x15, 0x10, 0xf, 0xfe,
    0xe, 0x10, 0x7, 0xff, 0x0, 0xb6, 0x9c, 0x80,
    0x3f, 0xe5, 0x85, 0x0, 0xff, 0xff, 0x80, 0x7f,
    0xff, 0xc0, 0x2a, 0xa3, 0x80, 0x55, 0x40,

    /* U+00B7 "·" */
    0x2, 0x40, 0x2d, 0xb8, 0x70, 0x1, 0xa1, 0x8f,
    0x0,

    /* U+00B8 "¸" */
    0x0, 0x1a, 0x0, 0x68, 0xd0, 0xc, 0x8d, 0x40,
    0x17, 0xda, 0xb8, 0xa0, 0x88, 0x0, 0x97, 0xd4,
    0x6e, 0xbd, 0x9b, 0x80,

    /* U+00B9 "¹" */
    0xd, 0xff, 0x9c, 0x2, 0x89, 0x70, 0xe, 0x56,
    0xc0, 0xf, 0xff, 0xb, 0x33, 0x3, 0x59, 0x46,
    0x64, 0xe0, 0xb3, 0x60,

    /* U+00BA "º" */
    0x0, 0x2e, 0x7f, 0xb1, 0x40, 0x27, 0xa0, 0x89,
    0xa, 0x70, 0x4, 0x26, 0x3b, 0x62, 0x40, 0x98,
    0x68, 0x6, 0xd0, 0x22, 0x7, 0x80, 0x6f, 0x1,
    0x12, 0xb4, 0x11, 0x1d, 0x94, 0x82, 0x99, 0xf7,
    0x50, 0xd4, 0x1, 0x4f, 0x66, 0x3a, 0x40, 0x0,

    /* U+00BB "»" */
    0x4, 0x40, 0x0, 0x90, 0xc0, 0x36, 0xdc, 0x1,
    0xd6, 0x10, 0x5, 0x24, 0xe8, 0x34, 0x1e, 0x1,
    0xbc, 0x28, 0x51, 0xca, 0x40, 0x22, 0x91, 0xa0,
    0x83, 0x65, 0x0, 0x98, 0x10, 0xc2, 0x82, 0x40,
    0x2a, 0x7, 0x31, 0x80, 0xe0, 0x2, 0xa8, 0xe0,
    0x28, 0x64, 0x80, 0xa8, 0x74, 0x1d, 0x15, 0x80,
    0x1c, 0x14, 0x27, 0x5, 0x40, 0x0,

    /* U+00BC "¼" */
    0x1, 0x1c, 0x1, 0xff, 0x8, 0x80, 0x3e, 0xce,
    0xe9, 0xc0, 0x3f, 0x8f, 0xac, 0x3, 0xe9, 0xb8,
    0x0, 0xff, 0xb8, 0x6c, 0x3, 0xe4, 0x41, 0x80,
    0x7f, 0xa0, 0xa8, 0x40, 0x3f, 0xf8, 0xe6, 0xec,
    0x80, 0x1f, 0xfc, 0x8e, 0x19, 0x0, 0xff, 0xe4,
    0x49, 0x50, 0x7, 0xff, 0x21, 0x19, 0x88, 0x1,
    0x25, 0xa8, 0x6, 0x11, 0x80, 0x2, 0x20, 0xa,
    0x8a, 0x40, 0x21, 0xa6, 0x50, 0x8, 0x7b, 0x94,
    0x11, 0xde, 0x0, 0x91, 0xe0, 0xd, 0x43, 0xc0,
    0x18, 0x6e, 0xfd, 0x40, 0x8c, 0xe6, 0x1, 0x32,
    0x41, 0x80, 0x72, 0x27, 0xc3, 0x45, 0x0, 0x11,
    0x4a, 0x38, 0xb8, 0x80, 0x7f, 0xac, 0x78, 0x3,
    0x70, 0xd0, 0x2c, 0x10, 0x7, 0xf2, 0xaa, 0xc,
    0x2, 0x83, 0x90, 0x11, 0x3, 0x88, 0x7, 0xc3,
    0x66, 0xe0, 0x19, 0xc2, 0x3b, 0x94, 0x17, 0xc4,
    0x1, 0xeb, 0x1e, 0x0, 0xeb, 0xbe, 0x60, 0x8b,
    0x20, 0xe, 0x55, 0x41, 0x0, 0x72, 0x27, 0x70,
    0x22, 0x0, 0x3d, 0xca, 0xe0, 0x1f, 0xf1, 0x18,
    0x80, 0x0,

    /* U+00BD "½" */
    0x1, 0x1c, 0x1, 0xff, 0x8, 0x80, 0x3d, 0x9d,
    0xd3, 0x80, 0x7f, 0x1f, 0x58, 0x7, 0xa6, 0xe0,
    0x3, 0xfe, 0xf1, 0xb0, 0xf, 0x22, 0xc, 0x3,
    0xfc, 0xe7, 0x62, 0x1, 0xff, 0xc6, 0x28, 0x55,
    0x0, 0x7f, 0xf1, 0xf8, 0x6c, 0x3, 0xff, 0x8e,
    0xe7, 0x62, 0x1, 0xff, 0xc6, 0x28, 0x45, 0x0,
    0x8, 0x80, 0x3f, 0xf8, 0x7c, 0x34, 0x11, 0xdd,
    0x7c, 0x88, 0x0, 0x46, 0x0, 0x8, 0x80, 0xe,
    0x70, 0x30, 0xe9, 0x54, 0x66, 0x68, 0xf, 0x72,
    0x82, 0x3b, 0xc0, 0xa1, 0x18, 0x22, 0xe9, 0x55,
    0x2a, 0x62, 0x2b, 0xbf, 0x50, 0x70, 0x50, 0x4,
    0x80, 0x1e, 0x10, 0x44, 0xf9, 0x8e, 0x44, 0x3,
    0xe5, 0x53, 0x0, 0x7e, 0x19, 0x46, 0x0, 0xf9,
    0x68, 0xe4, 0x3, 0xf5, 0x4, 0x80, 0x7c, 0xf4,
    0x98, 0x1, 0xf9, 0x92, 0x48, 0x3, 0xd1, 0x5,
    0xb0, 0xf, 0xc3, 0x26, 0xc0, 0x1e, 0x97, 0x5b,
    0x11, 0xc0, 0x1d, 0x41, 0xc0, 0x1e, 0x66, 0x2,
    0xf7, 0x68, 0x0, 0xef, 0xc2, 0x0, 0xf3, 0xdd,
    0xfe,

    /* U+00BE "¾" */
    0x1, 0x1f, 0xc0, 0x1f, 0x84, 0x40, 0x1f, 0x77,
    0x7d, 0x60, 0x1f, 0x1f, 0x58, 0x7, 0xd7, 0x7c,
    0x41, 0x20, 0x1f, 0x70, 0xd8, 0x7, 0xc8, 0x9b,
    0x4a, 0xcc, 0x3, 0xd0, 0x54, 0x20, 0x1f, 0xe7,
    0x69, 0x40, 0xf, 0x1b, 0xb2, 0x0, 0x7f, 0x8a,
    0x3, 0x54, 0x3, 0xdc, 0x32, 0x1, 0xff, 0x1c,
    0x3b, 0xaa, 0x0, 0x34, 0x95, 0x0, 0x7f, 0xf0,
    0x5, 0xe3, 0x11, 0xc0, 0x24, 0x66, 0x20, 0x7,
    0xff, 0x10, 0x80, 0x40, 0x14, 0x52, 0x1, 0xa3,
    0xd4, 0x2, 0x1e, 0x94, 0x23, 0x76, 0x31, 0x9,
    0x1e, 0x0, 0xca, 0xee, 0x50, 0xc, 0xed, 0x7b,
    0x90, 0x9a, 0x8, 0xce, 0x60, 0x11, 0x52, 0x40,
    0x6, 0x19, 0xfc, 0xbb, 0x6d, 0x88, 0xa8, 0xa0,
    0x3, 0x79, 0x50, 0x7, 0xe3, 0x44, 0x10, 0x2,
    0xc7, 0x80, 0x35, 0x17, 0x9, 0xe9, 0x0, 0x7f,
    0x95, 0x50, 0x60, 0x13, 0xac, 0x10, 0xb1, 0x30,
    0x80, 0x7e, 0x1b, 0x37, 0x0, 0xd0, 0x11, 0xdc,
    0xa0, 0xbe, 0x20, 0xf, 0xac, 0x78, 0x3, 0xae,
    0xf9, 0x82, 0x2c, 0x80, 0x3c, 0xaa, 0x82, 0x0,
    0xe4, 0x4e, 0xe0, 0x44, 0x0, 0x7d, 0xca, 0xe0,
    0x1f, 0xf1, 0x18, 0x80, 0x0,

    /* U+00BF "¿" */
    0x0, 0xc3, 0xbc, 0x60, 0x1f, 0xcc, 0x43, 0x40,
    0x1f, 0xca, 0x21, 0xa0, 0x1f, 0xc5, 0xde, 0x80,
    0x1f, 0xfc, 0xa1, 0x77, 0x8, 0x7, 0xf2, 0x44,
    0xc, 0x3, 0xf0, 0xc0, 0x21, 0x0, 0x7c, 0x3a,
    0x43, 0x40, 0x1f, 0xe, 0x19, 0x60, 0x80, 0x7d,
    0x64, 0x38, 0x40, 0x1f, 0x12, 0x85, 0x8, 0x7,
    0xe7, 0x0, 0x28, 0x7, 0xf0, 0x80, 0x1c, 0x3,
    0xd4, 0xe0, 0x82, 0x13, 0x4, 0x24, 0xda, 0xb0,
    0x61, 0xa0, 0x7, 0xde, 0xd9, 0x21, 0xb3, 0x3,
    0xe7, 0x30, 0x0, 0xa4, 0xf2, 0x0,

    /* U+00C0 "À" */
    0x0, 0xe2, 0x78, 0x40, 0xf, 0xfe, 0x19, 0x11,
    0xed, 0x80, 0x3f, 0xf8, 0x6b, 0xa7, 0x2e, 0x1,
    0xff, 0xc3, 0x2c, 0x9f, 0x20, 0xf, 0xfe, 0x23,
    0x41, 0x0, 0x7f, 0xf0, 0xeb, 0xfc, 0x40, 0x1f,
    0xfc, 0x21, 0x50, 0x4, 0x0, 0x7f, 0xf0, 0xa4,
    0x4, 0x14, 0x40, 0x3f, 0xf8, 0x2e, 0x16, 0x41,
    0x20, 0x1f, 0xfc, 0x7, 0x1, 0x5b, 0x6, 0x0,
    0xff, 0xe0, 0x50, 0x48, 0x30, 0x89, 0x80, 0x3f,
    0xca, 0x40, 0xc0, 0x6, 0xb, 0x0, 0xff, 0x48,
    0x28, 0x80, 0x24, 0x9, 0x40, 0x3f, 0x19, 0x82,
    0x40, 0x21, 0x50, 0x90, 0xf, 0xd2, 0x6, 0x60,
    0xd, 0xc0, 0x66, 0x0, 0xf1, 0x28, 0x48, 0x7,
    0x21, 0x4, 0x80, 0x7a, 0xc0, 0x15, 0xff, 0xe2,
    0x5, 0x20, 0xc, 0x2c, 0x1, 0xff, 0xc0, 0xb0,
    0xc, 0xc0, 0xe, 0xff, 0xfc, 0xe0, 0xc2, 0x1,
    0x48, 0x30, 0x80, 0x7e, 0x90, 0x3, 0x0, 0x14,
    0x42, 0xc0, 0x3f, 0x85, 0x82, 0x40, 0x12, 0xa,
    0x40, 0x1f, 0xeb, 0x1, 0x50,

    /* U+00C1 "Á" */
    0x0, 0xff, 0x9e, 0x18, 0x3, 0xff, 0x84, 0x39,
    0x6, 0xe0, 0x1f, 0xfc, 0x11, 0xc3, 0x8b, 0x10,
    0xf, 0xfe, 0xa, 0x2e, 0x38, 0x7, 0xff, 0xd,
    0x60, 0xc0, 0x3f, 0xf8, 0x95, 0xfe, 0x20, 0xf,
    0xfe, 0x10, 0xa8, 0x2, 0x0, 0x3f, 0xf8, 0x52,
    0x2, 0xa, 0x20, 0x1f, 0xfc, 0x17, 0xb, 0x20,
    0x90, 0xf, 0xfe, 0x3, 0x80, 0xad, 0x83, 0x0,
    0x7f, 0xf0, 0x28, 0x24, 0x18, 0x44, 0xc0, 0x1f,
    0xe5, 0x20, 0x60, 0x3, 0x5, 0x80, 0x7f, 0xa4,
    0x14, 0x40, 0x12, 0x4, 0xa0, 0x1f, 0x8c, 0xc1,
    0x20, 0x10, 0xa8, 0x48, 0x7, 0xe9, 0x3, 0x30,
    0x6, 0xe0, 0x33, 0x0, 0x78, 0x94, 0x24, 0x3,
    0x90, 0x82, 0x40, 0x3d, 0x60, 0xa, 0xff, 0xf1,
    0x2, 0x90, 0x6, 0x16, 0x0, 0xff, 0xe0, 0x58,
    0x6, 0x60, 0x7, 0x7f, 0xfe, 0x70, 0x61, 0x0,
    0xa4, 0x18, 0x40, 0x3f, 0x48, 0x1, 0x80, 0xa,
    0x21, 0x60, 0x1f, 0xc2, 0xc1, 0x20, 0x9, 0x5,
    0x20, 0xf, 0xf5, 0x80, 0xa8,

    /* U+00C2 "Â" */
    0x0, 0xfc, 0x90, 0xe2, 0x1, 0xff, 0xc2, 0x6b,
    0x68, 0xc1, 0x0, 0xff, 0xe0, 0x3c, 0xa7, 0xd9,
    0x61, 0x0, 0x7f, 0x84, 0x26, 0xc5, 0x35, 0x50,
    0x3, 0xfc, 0x2e, 0xc0, 0x11, 0x43, 0x0, 0x7f,
    0xf0, 0x6b, 0xfc, 0x40, 0x1f, 0xfc, 0x21, 0x50,
    0x4, 0x0, 0x7f, 0xf0, 0xa4, 0x4, 0x14, 0x40,
    0x3f, 0xf8, 0x2e, 0x16, 0x41, 0x20, 0x1f, 0xfc,
    0x7, 0x1, 0x5b, 0x6, 0x0, 0xff, 0xe0, 0x50,
    0x48, 0x30, 0x89, 0x80, 0x3f, 0xca, 0x40, 0xc0,
    0x6, 0xb, 0x0, 0xff, 0x48, 0x28, 0x80, 0x24,
    0x9, 0x40, 0x3f, 0x19, 0x82, 0x40, 0x21, 0x50,
    0x90, 0xf, 0xd2, 0x6, 0x60, 0xd, 0xc0, 0x66,
    0x0, 0xf1, 0x28, 0x48, 0x7, 0x21, 0x4, 0x80,
    0x7a, 0xc0, 0x15, 0xff, 0xe2, 0x5, 0x20, 0xc,
    0x2c, 0x1, 0xff, 0xc0, 0xb0, 0xc, 0xc0, 0xe,
    0xff, 0xfc, 0xe0, 0xc2, 0x1, 0x48, 0x30, 0x80,
    0x7e, 0x90, 0x3, 0x0, 0x14, 0x42, 0xc0, 0x3f,
    0x85, 0x82, 0x40, 0x12, 0xa, 0x40, 0x1f, 0xeb,
    0x1, 0x50,

    /* U+00C3 "Ã" */
    0x0, 0xf0, 0xbb, 0x8, 0x0, 0xa0, 0x3, 0xfe,
    0xf8, 0x9e, 0x61, 0x87, 0x0, 0xff, 0x30, 0xde,
    0xac, 0xf2, 0xc0, 0x7, 0xf8, 0xa1, 0xa, 0xae,
    0x29, 0xc0, 0x3f, 0xc8, 0xe0, 0x12, 0x3a, 0x80,
    0x7f, 0xf0, 0xab, 0xfc, 0x40, 0x1f, 0xfc, 0x21,
    0x50, 0x4, 0x0, 0x7f, 0xf0, 0xa4, 0x4, 0x14,
    0x40, 0x3f, 0xf8, 0x2e, 0x16, 0x41, 0x20, 0x1f,
    0xfc, 0x7, 0x1, 0x5b, 0x6, 0x0, 0xff, 0xe0,
    0x50, 0x48, 0x30, 0x89, 0x80, 0x3f, 0xca, 0x40,
    0xc0, 0x6, 0xb, 0x0, 0xff, 0x48, 0x28, 0x80,
    0x24, 0x9, 0x40, 0x3f, 0x19, 0x82, 0x40, 0x21,
    0x50, 0x90, 0xf, 0xd2, 0x6, 0x60, 0xd, 0xc0,
    0x66, 0x0, 0xf1, 0x28, 0x48, 0x7, 0x21, 0x4,
    0x80, 0x7a, 0xc0, 0x15, 0xff, 0xe2, 0x5, 0x20,
    0xc, 0x2c, 0x1, 0xff, 0xc0, 0xb0, 0xc, 0xc0,
    0xe, 0xff, 0xfc, 0xe0, 0xc2, 0x1, 0x48, 0x30,
    0x80, 0x7e, 0x90, 0x3, 0x0, 0x14, 0x42, 0xc0,
    0x3f, 0x85, 0x82, 0x40, 0x12, 0xa, 0x40, 0x1f,
    0xeb, 0x1, 0x50,

    /* U+00C4 "Ä" */
    0x0, 0xf0, 0xb9, 0x0, 0x15, 0x40, 0x1f, 0xfc,
    0x8, 0x84, 0x81, 0x55, 0x8, 0x3, 0xfe, 0xc0,
    0xc0, 0x22, 0xc0, 0x1f, 0xf2, 0xfb, 0x80, 0x37,
    0x40, 0x1f, 0xfd, 0x5a, 0xff, 0x10, 0x7, 0xff,
    0x8, 0x54, 0x1, 0x0, 0x1f, 0xfc, 0x29, 0x1,
    0x5, 0x10, 0xf, 0xfe, 0xb, 0x85, 0x90, 0x48,
    0x7, 0xff, 0x1, 0xc0, 0x56, 0xc1, 0x80, 0x3f,
    0xf8, 0x14, 0x12, 0xc, 0x22, 0x60, 0xf, 0xf2,
    0x90, 0x30, 0x1, 0x82, 0xc0, 0x3f, 0xd2, 0xa,
    0x20, 0x9, 0x2, 0x50, 0xf, 0xc6, 0x60, 0x90,
    0x8, 0x54, 0x24, 0x3, 0xf4, 0x81, 0x98, 0x3,
    0x70, 0x19, 0x80, 0x3c, 0x4a, 0x12, 0x1, 0xc8,
    0x41, 0x20, 0x1e, 0xb0, 0x5, 0x7f, 0xf8, 0x81,
    0x48, 0x3, 0xb, 0x0, 0x7f, 0xf0, 0x2c, 0x3,
    0x30, 0x3, 0xbf, 0xff, 0x38, 0x30, 0x80, 0x52,
    0xc, 0x20, 0x1f, 0xa4, 0x0, 0xc0, 0x5, 0x10,
    0xb0, 0xf, 0xe1, 0x60, 0x90, 0x4, 0x82, 0x90,
    0x7, 0xfa, 0xc0, 0x54,

    /* U+00C5 "Å" */
    0x0, 0xfd, 0x3b, 0x88, 0x1, 0xff, 0xc2, 0x82,
    0xf9, 0xa2, 0x0, 0xff, 0xe0, 0xaf, 0x92, 0xa9,
    0xc0, 0x3f, 0xf8, 0x2f, 0xa0, 0x4a, 0xc0, 0x1f,
    0xfc, 0x1b, 0x5f, 0xd8, 0x30, 0xf, 0xfe, 0x8,
    0xe7, 0xf9, 0x80, 0x3f, 0xf8, 0x75, 0xfe, 0x20,
    0xf, 0xfe, 0x10, 0xa8, 0x2, 0x0, 0x3f, 0xf8,
    0x52, 0x2, 0xa, 0x20, 0x1f, 0xfc, 0x17, 0xb,
    0x20, 0x90, 0xf, 0xfe, 0x3, 0x80, 0xad, 0x83,
    0x0, 0x7f, 0xf0, 0x28, 0x24, 0x18, 0x44, 0xc0,
    0x1f, 0xe5, 0x20, 0x60, 0x3, 0x5, 0x80, 0x7f,
    0xa4, 0x14, 0x40, 0x12, 0x4, 0xa0, 0x1f, 0x8c,
    0xc1, 0x20, 0x10, 0xa8, 0x48, 0x7, 0xe9, 0x3,
    0x30, 0x6, 0xe0, 0x33, 0x0, 0x78, 0x94, 0x24,
    0x3, 0x90, 0x82, 0x40, 0x3d, 0x60, 0xa, 0xff,
    0xf1, 0x2, 0x90, 0x6, 0x16, 0x0, 0xff, 0xe0,
    0x58, 0x6, 0x60, 0x7, 0x7f, 0xfe, 0x70, 0x61,
    0x0, 0xa4, 0x18, 0x40, 0x3f, 0x48, 0x1, 0x80,
    0xa, 0x21, 0x60, 0x1f, 0xc2, 0xc1, 0x20, 0x9,
    0x5, 0x20, 0xf, 0xf5, 0x80, 0xa8,

    /* U+00C6 "Æ" */
    0x0, 0xff, 0x2f, 0xff, 0xff, 0x5, 0xc0, 0x3f,
    0xd0, 0x1, 0xff, 0xcb, 0x72, 0x24, 0x0, 0x3b,
    0xbf, 0x9c, 0x3, 0xf0, 0xc0, 0x40, 0x80, 0x4,
    0x7f, 0x80, 0x3f, 0xac, 0x11, 0x40, 0x3f, 0xf9,
    0x8, 0xa1, 0x0, 0x1f, 0xfc, 0x99, 0x6, 0x30,
    0xf, 0xfe, 0x43, 0x10, 0x40, 0x7, 0x7f, 0xfe,
    0x60, 0xf, 0xc, 0x84, 0x8, 0x7, 0xff, 0x22,
    0x0, 0x9c, 0x3, 0xdd, 0xdf, 0x98, 0x3, 0x8d,
    0x82, 0x0, 0x3e, 0x11, 0xfc, 0x1, 0xef, 0x0,
    0x57, 0xfe, 0x90, 0xf, 0xfe, 0x1b, 0x18, 0x7,
    0xff, 0x2e, 0x1, 0xbf, 0xfd, 0x20, 0x1f, 0xfc,
    0x28, 0x11, 0x48, 0x7, 0xf0, 0x8f, 0xf8, 0x9,
    0xc2, 0xc0, 0x3f, 0xdd, 0xdf, 0xda, 0x12, 0x6,
    0xa0, 0x1f, 0xfc, 0x80,

    /* U+00C7 "Ç" */
    0x0, 0xe5, 0xad, 0xff, 0x6d, 0x28, 0x7, 0x8f,
    0x69, 0x48, 0x0, 0x4b, 0x5a, 0x60, 0x12, 0xe1,
    0x2, 0x4d, 0xe5, 0x30, 0x16, 0x10, 0x1d, 0x1,
    0x65, 0xb2, 0x1a, 0xcf, 0x1b, 0x90, 0x70, 0xe,
    0x18, 0x7, 0x87, 0x20, 0x10, 0x82, 0x84, 0x3,
    0xfe, 0xd0, 0x14, 0x0, 0xff, 0xe0, 0x28, 0x20,
    0x7, 0xff, 0x4, 0x40, 0xc0, 0x3f, 0xf8, 0x22,
    0x6, 0x1, 0xff, 0xc1, 0x50, 0x70, 0xf, 0xfe,
    0xe, 0x81, 0x20, 0x7, 0xff, 0x1, 0x8, 0x28,
    0x40, 0x3f, 0xf8, 0x1c, 0x3, 0x86, 0x1, 0xe1,
    0xc8, 0x0, 0x1d, 0x1, 0x65, 0xa9, 0x99, 0x27,
    0x8d, 0xc8, 0x0, 0xb8, 0x40, 0x95, 0x98, 0xb6,
    0x2, 0xc2, 0x0, 0x8f, 0x69, 0x48, 0x0, 0x4b,
    0x5a, 0x60, 0x1e, 0x5a, 0xd0, 0xbd, 0xa5, 0x0,
    0xff, 0x20, 0x53, 0x80, 0x7f, 0xf0, 0x13, 0xde,
    0x8, 0x3, 0xfc, 0x44, 0x13, 0x0, 0xff, 0xe0,
    0x46, 0xf2, 0xb9, 0x0, 0x7f, 0xab, 0x73, 0xa0,
    0x3, 0x80,

    /* U+00C8 "È" */
    0x0, 0x24, 0x39, 0x0, 0x7f, 0x20, 0xc6, 0x10,
    0x7, 0xf4, 0xd0, 0x61, 0x80, 0x7f, 0x2e, 0x4a,
    0x0, 0x7f, 0x89, 0xdc, 0x1, 0xcf, 0xff, 0xff,
    0x30, 0x7, 0xff, 0xc, 0x7b, 0xbf, 0x98, 0x2,
    0x11, 0xfe, 0x0, 0xff, 0xef, 0xf, 0xff, 0xe5,
    0x0, 0xff, 0xe2, 0xf, 0x77, 0xe5, 0x0, 0xc2,
    0x3f, 0x80, 0x3f, 0xfc, 0x2, 0x3f, 0xe0, 0x0,
    0xf7, 0x7f, 0x50, 0x7, 0xff, 0x4,

    /* U+00C9 "É" */
    0x0, 0xf8, 0xa2, 0x8, 0x1, 0xf8, 0xf5, 0xc1,
    0x0, 0x3e, 0x4c, 0x1b, 0x80, 0xf, 0xc7, 0x1e,
    0x80, 0x1f, 0xce, 0xe1, 0x0, 0xe7, 0xff, 0xff,
    0x98, 0x3, 0xff, 0x86, 0x3d, 0xdf, 0xcc, 0x1,
    0x8, 0xff, 0x0, 0x7f, 0xf7, 0x87, 0xff, 0xf2,
    0x80, 0x7f, 0xf1, 0x7, 0xbb, 0xf2, 0x80, 0x61,
    0x1f, 0xc0, 0x1f, 0xfe, 0x1, 0x1f, 0xf0, 0x0,
    0x7b, 0xbf, 0xa8, 0x3, 0xff, 0x82,

    /* U+00CA "Ê" */
    0x0, 0xe7, 0x86, 0x0, 0xfe, 0xb8, 0x69, 0x90,
    0x7, 0xd6, 0x91, 0xcc, 0xca, 0x0, 0xe4, 0x3b,
    0x70, 0x9a, 0x23, 0x0, 0xc9, 0x8, 0x1, 0x2c,
    0x18, 0x1, 0xff, 0xff, 0xe6, 0x0, 0xff, 0xe1,
    0x8f, 0x77, 0xf3, 0x0, 0x42, 0x3f, 0xc0, 0x1f,
    0xfd, 0xe1, 0xff, 0xfc, 0xa0, 0x1f, 0xfc, 0x41,
    0xee, 0xfc, 0xa0, 0x18, 0x47, 0xf0, 0x7, 0xff,
    0x80, 0x47, 0xfc, 0x0, 0x1e, 0xef, 0xea, 0x0,
    0xff, 0xe0, 0x80,

    /* U+00CB "Ë" */
    0x0, 0x8d, 0x80, 0x26, 0x20, 0xf, 0x64, 0xa8,
    0x3c, 0xf8, 0x7, 0x94, 0x5c, 0xc, 0x10, 0x3,
    0xd5, 0xc4, 0x9, 0xf2, 0x1, 0xff, 0xc4, 0x7f,
    0xff, 0xf9, 0x80, 0x3f, 0xf8, 0x63, 0xdd, 0xfc,
    0xc0, 0x10, 0x8f, 0xf0, 0x7, 0xff, 0x78, 0x7f,
    0xff, 0x28, 0x7, 0xff, 0x10, 0x7b, 0xbf, 0x28,
    0x6, 0x11, 0xfc, 0x1, 0xff, 0xe0, 0x11, 0xff,
    0x0, 0x7, 0xbb, 0xfa, 0x80, 0x3f, 0xf8, 0x20,

    /* U+00CC "Ì" */
    0x28, 0x82, 0x0, 0x45, 0xaf, 0x6a, 0x1, 0x2e,
    0x95, 0x30, 0x4, 0x5b, 0x2, 0x20, 0xc, 0xee,
    0x10, 0x9, 0xff, 0x80, 0x3f, 0xff, 0xe0, 0x1f,
    0xfd, 0xa0,

    /* U+00CD "Í" */
    0x0, 0xcf, 0xc, 0x1, 0xe, 0x41, 0xb8, 0x0,
    0xb0, 0xe2, 0xc4, 0x0, 0x8b, 0x8e, 0x1, 0x9a,
    0xc, 0x3, 0x9f, 0xf8, 0x3, 0xff, 0xfe, 0x1,
    0xff, 0xed,

    /* U+00CE "Î" */
    0x0, 0x96, 0x1c, 0x3, 0xcf, 0x4d, 0x18, 0x20,
    0x14, 0x41, 0x3a, 0x8f, 0x4, 0x8, 0x26, 0xc1,
    0x71, 0x50, 0xa, 0x18, 0x2, 0x38, 0x50, 0xc,
    0xff, 0xc0, 0x1f, 0xff, 0xf0, 0xf, 0xff, 0xf8,
    0x7, 0xff, 0x8,

    /* U+00CF "Ï" */
    0x17, 0x10, 0x2, 0xa0, 0x5c, 0x58, 0x1d, 0x58,
    0xe0, 0x60, 0x11, 0xc, 0x5b, 0xd8, 0x7, 0x70,
    0x3, 0xfe, 0x7f, 0xe0, 0xf, 0xff, 0xf8, 0x7,
    0xff, 0xb0,

    /* U+00D0 "Ð" */
    0x0, 0x27, 0xff, 0xed, 0xa5, 0x0, 0xff, 0xe2,
    0x12, 0xd7, 0x18, 0x7, 0xec, 0xee, 0xd9, 0x4a,
    0x3, 0x8c, 0x1, 0xf1, 0x8, 0xe3, 0x5a, 0xd3,
    0x9, 0x40, 0xf, 0xfe, 0x11, 0x61, 0x5, 0x0,
    0x7f, 0xf1, 0x38, 0x5, 0x40, 0x3f, 0xf8, 0x66,
    0x41, 0xf7, 0xd6, 0x0, 0xee, 0xd8, 0x1, 0xe7,
    0x6, 0x71, 0x0, 0xc2, 0x38, 0x3, 0xc4, 0x3,
    0x9f, 0x60, 0xe, 0xff, 0xb4, 0x3, 0xc4, 0x2,
    0x1, 0xff, 0xc4, 0x70, 0x60, 0xf, 0xfe, 0x19,
    0x90, 0x78, 0x7, 0xff, 0xf, 0x80, 0x54, 0x3,
    0xff, 0x82, 0x58, 0x41, 0x40, 0x1e, 0x21, 0x1c,
    0x6b, 0x5a, 0x61, 0x8, 0x1, 0xec, 0xee, 0xd9,
    0x4a, 0x3, 0x6e, 0x1, 0xff, 0xc1, 0x25, 0xae,
    0x40, 0x8,

    /* U+00D1 "Ñ" */
    0x0, 0xc2, 0xec, 0x20, 0x3, 0x80, 0xf, 0xf,
    0xc4, 0xfa, 0x8c, 0x30, 0x7, 0x98, 0x73, 0x56,
    0xb9, 0x20, 0x3, 0xc5, 0x6, 0x57, 0x68, 0xb6,
    0x0, 0xf2, 0xb8, 0x4, 0x8e, 0x80, 0x19, 0xff,
    0x40, 0x3f, 0x9f, 0xfc, 0x0, 0x2a, 0x0, 0xff,
    0xe1, 0x2b, 0x80, 0x7f, 0xf0, 0xa1, 0x0, 0x3f,
    0xf8, 0x4, 0x14, 0x40, 0x1f, 0xe1, 0xe0, 0x1f,
    0x0, 0xff, 0x8e, 0x80, 0xa8, 0x3, 0xfe, 0x57,
    0x5, 0x70, 0xf, 0xfa, 0x10, 0x21, 0x0, 0x3f,
    0xea, 0x10, 0xa1, 0x0, 0xff, 0xe, 0x80, 0xe8,
    0x7, 0xfc, 0x72, 0x7, 0x40, 0x1f, 0xf3, 0x30,
    0x16, 0x80, 0x3f, 0xe9, 0x30, 0x20, 0xf, 0xfe,
    0x6, 0x88, 0x7, 0xff, 0x4, 0x74, 0x3, 0xff,
    0x84, 0x72, 0x0,

    /* U+00D2 "Ò" */
    0x0, 0xe7, 0x87, 0x0, 0xff, 0xe2, 0x2a, 0x45,
    0x80, 0x7f, 0xf0, 0xcb, 0x19, 0x30, 0x3, 0xff,
    0x89, 0x36, 0x8a, 0x1, 0xff, 0xc4, 0x48, 0x50,
    0xf, 0xfe, 0xa, 0xd6, 0xff, 0xba, 0x98, 0x3,
    0xf8, 0xf6, 0x94, 0x80, 0x2, 0xb3, 0xca, 0x1,
    0xe5, 0xc2, 0x4, 0xac, 0xc5, 0x28, 0xd, 0x40,
    0x6, 0x3a, 0x2, 0xcb, 0x53, 0x32, 0xd7, 0x18,
    0x3b, 0x0, 0x5c, 0x3, 0x86, 0x1, 0xe1, 0xc3,
    0x8, 0x10, 0x42, 0xa, 0x10, 0xf, 0xee, 0x1,
    0x60, 0xd0, 0x24, 0x0, 0xff, 0x12, 0x5, 0x82,
    0x83, 0x80, 0x7f, 0xf0, 0xc, 0x8, 0x4, 0xc,
    0x3, 0xff, 0x81, 0xc0, 0x20, 0x20, 0x60, 0x1f,
    0xfc, 0xe, 0x1, 0x5, 0x7, 0x0, 0xff, 0xe0,
    0x18, 0x10, 0x68, 0x12, 0x0, 0x7f, 0x89, 0x2,
    0xc1, 0x8, 0x28, 0x40, 0x3f, 0xb8, 0x5, 0x80,
    0x1c, 0x3, 0x84, 0x1, 0xe1, 0xc3, 0x8, 0x10,
    0x1, 0xd0, 0x16, 0xd2, 0x99, 0x96, 0x78, 0xc1,
    0xd8, 0x3, 0x2e, 0x10, 0x2d, 0x66, 0x29, 0x80,
    0x6a, 0x0, 0x3c, 0x7b, 0x4a, 0x40, 0x1, 0x49,
    0xe5, 0x0, 0xc0,

    /* U+00D3 "Ó" */
    0x0, 0xff, 0x2c, 0x38, 0x80, 0x7f, 0xf0, 0xa2,
    0x98, 0xc4, 0x3, 0xff, 0x83, 0x2e, 0x9e, 0x80,
    0x1f, 0xfc, 0x13, 0x19, 0xb1, 0x0, 0xff, 0xe1,
    0x1c, 0x30, 0x7, 0xff, 0x9, 0x6b, 0x7f, 0xdd,
    0x4c, 0x1, 0xfc, 0x7b, 0x4a, 0x40, 0x1, 0x59,
    0xe5, 0x0, 0xf2, 0xe1, 0x2, 0x56, 0x62, 0x94,
    0x6, 0xa0, 0x3, 0x1d, 0x1, 0x65, 0xa9, 0x99,
    0x6b, 0x8c, 0x1d, 0x80, 0x2e, 0x1, 0xc3, 0x0,
    0xf0, 0xe1, 0x84, 0x8, 0x21, 0x5, 0x8, 0x7,
    0xf7, 0x0, 0xb0, 0x68, 0x12, 0x0, 0x7f, 0x89,
    0x2, 0xc1, 0x41, 0xc0, 0x3f, 0xf8, 0x6, 0x4,
    0x2, 0x6, 0x1, 0xff, 0xc0, 0xe0, 0x10, 0x10,
    0x30, 0xf, 0xfe, 0x7, 0x0, 0x82, 0x83, 0x80,
    0x7f, 0xf0, 0xc, 0x8, 0x34, 0x9, 0x0, 0x3f,
    0xc4, 0x81, 0x60, 0x84, 0x14, 0x20, 0x1f, 0xdc,
    0x2, 0xc0, 0xe, 0x1, 0xc2, 0x0, 0xf0, 0xe1,
    0x84, 0x8, 0x0, 0xe8, 0xb, 0x69, 0x4c, 0xcb,
    0x3c, 0x60, 0xec, 0x1, 0x97, 0x8, 0x16, 0xb3,
    0x14, 0xc0, 0x35, 0x0, 0x1e, 0x3d, 0xa5, 0x20,
    0x0, 0xa4, 0xf2, 0x80, 0x60,

    /* U+00D4 "Ô" */
    0x0, 0xf8, 0xa2, 0x6, 0x1, 0xff, 0xc2, 0x2c,
    0x76, 0xc4, 0x0, 0xff, 0xe0, 0x1e, 0x6, 0x79,
    0xda, 0x80, 0x7f, 0xc9, 0x3e, 0x63, 0x90, 0x42,
    0x1, 0xfe, 0x77, 0x8, 0x4, 0xee, 0x10, 0xf,
    0xf2, 0xd6, 0xff, 0xba, 0x98, 0x3, 0xf8, 0xf6,
    0x94, 0x80, 0x2, 0xb3, 0xca, 0x1, 0xe5, 0xc2,
    0x4, 0xac, 0xc5, 0x28, 0xd, 0x40, 0x6, 0x3a,
    0x2, 0xcb, 0x53, 0x32, 0xd7, 0x18, 0x3b, 0x0,
    0x5c, 0x3, 0x86, 0x1, 0xe1, 0xc3, 0x8, 0x10,
    0x42, 0xa, 0x10, 0xf, 0xee, 0x1, 0x60, 0xd0,
    0x24, 0x0, 0xff, 0x12, 0x5, 0x82, 0x83, 0x80,
    0x7f, 0xf0, 0xc, 0x8, 0x4, 0xc, 0x3, 0xff,
    0x81, 0xc0, 0x20, 0x20, 0x60, 0x1f, 0xfc, 0xe,
    0x1, 0x5, 0x7, 0x0, 0xff, 0xe0, 0x18, 0x10,
    0x68, 0x12, 0x0, 0x7f, 0x89, 0x2, 0xc1, 0x8,
    0x28, 0x40, 0x3f, 0xb8, 0x5, 0x80, 0x1c, 0x3,
    0x84, 0x1, 0xe1, 0xc3, 0x8, 0x10, 0x1, 0xd0,
    0x16, 0xd2, 0x99, 0x96, 0x78, 0xc1, 0xd8, 0x3,
    0x2e, 0x10, 0x2d, 0x66, 0x29, 0x80, 0x6a, 0x0,
    0x3c, 0x7b, 0x4a, 0x40, 0x1, 0x49, 0xe5, 0x0,
    0xc0,

    /* U+00D5 "Õ" */
    0x0, 0xe3, 0xdf, 0x90, 0xb, 0xd8, 0x3, 0xfd,
    0xe6, 0xcc, 0xc1, 0x60, 0x50, 0xf, 0xe2, 0x38,
    0x9c, 0x2e, 0x94, 0x30, 0xf, 0xf3, 0xb8, 0xf,
    0xe2, 0x16, 0x1, 0xfe, 0x28, 0x10, 0x0, 0xbb,
    0x80, 0x3f, 0xf8, 0xb, 0x5b, 0xfe, 0xea, 0x60,
    0xf, 0xe3, 0xda, 0x52, 0x0, 0xa, 0xcf, 0x28,
    0x7, 0x97, 0x8, 0x12, 0xb3, 0x14, 0xa0, 0x35,
    0x0, 0x18, 0xe8, 0xb, 0x2d, 0x4c, 0xcb, 0x5c,
    0x60, 0xec, 0x1, 0x70, 0xe, 0x18, 0x7, 0x87,
    0xc, 0x20, 0x41, 0x8, 0x28, 0x40, 0x3f, 0xb8,
    0x5, 0x83, 0x40, 0x90, 0x3, 0xfc, 0x48, 0x16,
    0xa, 0xe, 0x1, 0xff, 0xc0, 0x30, 0x20, 0x10,
    0x30, 0xf, 0xfe, 0x7, 0x0, 0x80, 0x81, 0x80,
    0x7f, 0xf0, 0x38, 0x4, 0x14, 0x1c, 0x3, 0xff,
    0x80, 0x60, 0x41, 0xa0, 0x48, 0x1, 0xfe, 0x24,
    0xb, 0x4, 0x20, 0xa1, 0x0, 0xfe, 0xe0, 0x16,
    0x0, 0x70, 0xe, 0x10, 0x7, 0x87, 0xc, 0x20,
    0x40, 0x7, 0x40, 0x5b, 0x4a, 0x66, 0x59, 0xe3,
    0x7, 0x60, 0xc, 0xb8, 0x40, 0xb5, 0x98, 0xa6,
    0x1, 0xa8, 0x0, 0xf1, 0xed, 0x29, 0x0, 0x5,
    0x27, 0x94, 0x3, 0x0,

    /* U+00D6 "Ö" */
    0x0, 0xf3, 0x20, 0x0, 0x9c, 0x3, 0xff, 0x80,
    0x93, 0x60, 0xf, 0x87, 0x0, 0xff, 0x98, 0x4c,
    0x0, 0x80, 0x60, 0x1f, 0xf1, 0x76, 0x0, 0x27,
    0xd0, 0x3, 0xff, 0xa4, 0xb5, 0xbf, 0xee, 0xa6,
    0x0, 0xfe, 0x3d, 0xa5, 0x20, 0x0, 0xac, 0xf2,
    0x80, 0x79, 0x70, 0x81, 0x2b, 0x31, 0x4a, 0x3,
    0x50, 0x1, 0x8e, 0x80, 0xb2, 0xd4, 0xcc, 0xb5,
    0xc6, 0xe, 0xc0, 0x17, 0x0, 0xe1, 0x80, 0x78,
    0x70, 0xc2, 0x4, 0x10, 0x82, 0x84, 0x3, 0xfb,
    0x80, 0x58, 0x34, 0x9, 0x0, 0x3f, 0xc4, 0x81,
    0x60, 0xa0, 0xe0, 0x1f, 0xfc, 0x3, 0x2, 0x1,
    0x3, 0x0, 0xff, 0xe0, 0x70, 0x8, 0x8, 0x18,
    0x7, 0xff, 0x3, 0x80, 0x41, 0x41, 0xc0, 0x3f,
    0xf8, 0x6, 0x4, 0x1a, 0x4, 0x80, 0x1f, 0xe2,
    0x40, 0xb0, 0x42, 0xa, 0x10, 0xf, 0xee, 0x1,
    0x60, 0x7, 0x0, 0xe1, 0x0, 0x78, 0x70, 0xc2,
    0x4, 0x0, 0x74, 0x5, 0xb4, 0xa6, 0x65, 0x9e,
    0x30, 0x76, 0x0, 0xcb, 0x84, 0xb, 0x59, 0x8a,
    0x60, 0x1a, 0x80, 0xf, 0x1e, 0xd2, 0x90, 0x0,
    0x52, 0x79, 0x40, 0x30,

    /* U+00D7 "×" */
    0x0, 0xff, 0xa9, 0x80, 0x33, 0x50, 0x1a, 0xcb,
    0x0, 0x1a, 0x54, 0x8e, 0x82, 0x55, 0xa4, 0x2c,
    0x81, 0x68, 0x2a, 0x42, 0x90, 0x2, 0x56, 0x0,
    0x32, 0x80, 0x65, 0x60, 0x3, 0x28, 0x4, 0xb4,
    0x15, 0x21, 0x48, 0x7, 0x41, 0x2a, 0xd2, 0x16,
    0x46, 0xb2, 0xc0, 0x6, 0x95, 0x20, 0xa6, 0x0,
    0xcd, 0x40,

    /* U+00D8 "Ø" */
    0x0, 0xff, 0xe0, 0xd7, 0xb0, 0x7, 0xff, 0xc,
    0x94, 0x98, 0x3, 0xf2, 0xd6, 0xff, 0xba, 0xb4,
    0x20, 0x3, 0xe3, 0xda, 0x52, 0x0, 0xa, 0x80,
    0x7f, 0x2e, 0x10, 0x25, 0x66, 0x28, 0x2, 0xa8,
    0x0, 0xc7, 0x40, 0x59, 0x6a, 0x66, 0x0, 0x11,
    0x83, 0xb0, 0x5, 0xc0, 0x38, 0x60, 0x1a, 0x3,
    0xf0, 0xc2, 0x4, 0x10, 0x82, 0x84, 0x3, 0x31,
    0x29, 0x7, 0x0, 0xb0, 0x68, 0x12, 0x0, 0x74,
    0x5, 0x80, 0x9, 0x2, 0xc1, 0x41, 0xc0, 0x3a,
    0x5, 0xc4, 0x2, 0x30, 0x20, 0x10, 0x30, 0xc,
    0x2e, 0x32, 0x1, 0xb8, 0x4, 0x4, 0xc, 0x3,
    0x40, 0x48, 0x80, 0x6e, 0x1, 0x5, 0x7, 0x0,
    0x89, 0x85, 0xc0, 0x38, 0xc0, 0x83, 0x40, 0x90,
    0x1, 0x1, 0x0, 0x1c, 0x48, 0x16, 0x8, 0x41,
    0x42, 0x6a, 0x4c, 0x1, 0xdc, 0x2, 0xc0, 0xe,
    0x1, 0xcd, 0x9, 0x0, 0xc3, 0x86, 0x10, 0x20,
    0x3, 0xa0, 0x21, 0x1, 0x33, 0x2c, 0xf1, 0x83,
    0xb0, 0x6, 0x5c, 0x0, 0xab, 0x31, 0x4c, 0x3,
    0x50, 0x1, 0xe5, 0x0, 0x29, 0x0, 0x5, 0x27,
    0x94, 0x3, 0xe8, 0xd, 0xad, 0xff, 0x75, 0xb0,
    0x7, 0xe2, 0x6a, 0x20, 0xf, 0xfe, 0x8,

    /* U+00D9 "Ù" */
    0x0, 0x92, 0x20, 0x40, 0x1f, 0xf2, 0x3, 0xe1,
    0x80, 0x7f, 0xd1, 0x61, 0x88, 0x1, 0xff, 0x27,
    0xc1, 0x80, 0x7f, 0xf0, 0x5, 0xdc, 0x1, 0xea,
    0xfc, 0x0, 0xfe, 0xcf, 0x90, 0xf, 0xff, 0xf8,
    0x7, 0xff, 0x84, 0xc0, 0x3f, 0xf8, 0x82, 0x1,
    0xfc, 0x20, 0x3c, 0x4, 0x1, 0xfc, 0x41, 0xc8,
    0x0, 0x50, 0xf, 0x94, 0x0, 0x86, 0x41, 0x64,
    0x1, 0xc3, 0x60, 0x64, 0x1c, 0x3, 0x90, 0x64,
    0x71, 0xe2, 0x1e, 0x0, 0x3b, 0x1, 0x7c, 0xdc,
    0x71, 0x15, 0x98, 0x4, 0x9d, 0x6, 0x20, 0x27,
    0x1e, 0x80, 0x0,

    /* U+00DA "Ú" */
    0x0, 0xfc, 0x51, 0x4, 0x0, 0xff, 0x1e, 0x38,
    0x20, 0x7, 0xf2, 0x60, 0x5c, 0x0, 0x7f, 0x8e,
    0x3d, 0x0, 0x3f, 0xe7, 0x70, 0x80, 0x7a, 0xbf,
    0x0, 0x3f, 0xb3, 0xe4, 0x3, 0xff, 0xfe, 0x1,
    0xff, 0xe1, 0x30, 0xf, 0xfe, 0x20, 0x80, 0x7f,
    0x8, 0xf, 0x1, 0x0, 0x7f, 0x10, 0x72, 0x0,
    0x14, 0x3, 0xe5, 0x0, 0x21, 0x90, 0x59, 0x0,
    0x70, 0xd8, 0x19, 0x7, 0x0, 0xe4, 0x19, 0x1c,
    0x78, 0x87, 0x80, 0xe, 0xc0, 0x5f, 0x37, 0x1c,
    0x45, 0x66, 0x1, 0x27, 0x41, 0x88, 0x9, 0xc7,
    0xa0, 0x0,

    /* U+00DB "Û" */
    0x0, 0xf3, 0x43, 0x0, 0x7f, 0xd5, 0x2d, 0x34,
    0x1, 0xfd, 0x6a, 0xfc, 0xeb, 0x60, 0x1f, 0x21,
    0xdc, 0x4, 0x59, 0xa0, 0x7, 0x92, 0x10, 0x2,
    0x48, 0x40, 0xa, 0xbf, 0x0, 0x3f, 0xb3, 0xe4,
    0x3, 0xff, 0xfe, 0x1, 0xff, 0xe1, 0x30, 0xf,
    0xfe, 0x20, 0x80, 0x7f, 0x8, 0xf, 0x1, 0x0,
    0x7f, 0x10, 0x72, 0x0, 0x14, 0x3, 0xe5, 0x0,
    0x21, 0x90, 0x59, 0x0, 0x70, 0xd8, 0x19, 0x7,
    0x0, 0xe4, 0x19, 0x1c, 0x78, 0x87, 0x80, 0xe,
    0xc0, 0x5f, 0x37, 0x1c, 0x45, 0x66, 0x1, 0x27,
    0x41, 0x88, 0x9, 0xc7, 0xa0, 0x0,

    /* U+00DC "Ü" */
    0x0, 0xc6, 0xc0, 0x13, 0x18, 0x7, 0xed, 0x96,
    0x6, 0x9d, 0x0, 0xfc, 0xe2, 0xa0, 0xa2, 0xe0,
    0x1f, 0xa7, 0x8c, 0xf, 0xa4, 0x3, 0xff, 0x8f,
    0x5f, 0x80, 0x1f, 0xd9, 0xf2, 0x1, 0xff, 0xff,
    0x0, 0xff, 0xf0, 0x98, 0x7, 0xff, 0x10, 0x40,
    0x3f, 0x84, 0x7, 0x80, 0x80, 0x3f, 0x88, 0x39,
    0x0, 0xa, 0x1, 0xf2, 0x80, 0x10, 0xc8, 0x2c,
    0x80, 0x38, 0x6c, 0xc, 0x83, 0x80, 0x72, 0xc,
    0x8e, 0x3c, 0x43, 0xc0, 0x7, 0x60, 0x2f, 0x9b,
    0x8e, 0x22, 0xb3, 0x0, 0x93, 0xa0, 0xc4, 0x4,
    0xe3, 0xd0, 0x0,

    /* U+00DD "Ý" */
    0x0, 0xff, 0x3c, 0x30, 0x7, 0xff, 0x0, 0x72,
    0xd, 0xc0, 0x3f, 0xe1, 0xc3, 0x8b, 0x10, 0xf,
    0xf9, 0xd7, 0x1c, 0x3, 0xff, 0x82, 0xd0, 0x60,
    0x1f, 0xb3, 0xf0, 0x3, 0xf8, 0x7f, 0xca, 0x1e,
    0x6, 0xa0, 0x1f, 0xac, 0x11, 0x40, 0xd8, 0x2c,
    0x3, 0xe4, 0x50, 0x90, 0xa, 0x4, 0x52, 0x1,
    0xe9, 0x7, 0x20, 0x8, 0x60, 0x18, 0x80, 0x33,
    0x90, 0xc0, 0x7, 0x31, 0x87, 0x0, 0x43, 0x1,
    0x40, 0x1f, 0x78, 0x1b, 0x0, 0x2c, 0x11, 0x0,
    0x1f, 0x1b, 0x4, 0xa, 0x28, 0x48, 0x7, 0xf4,
    0x8, 0xa2, 0x41, 0xc8, 0x3, 0xf8, 0x60, 0x18,
    0x89, 0x0, 0x1f, 0xf3, 0x18, 0x2, 0x40, 0x3f,
    0xf8, 0x34, 0x0, 0x40, 0xf, 0xff, 0xf8, 0x7,
    0xff, 0x10,

    /* U+00DE "Þ" */
    0x7f, 0xe0, 0xf, 0xfe, 0x88, 0xff, 0xf7, 0x5b,
    0x0, 0x7f, 0xf0, 0x5, 0x27, 0x48, 0x3, 0xe,
    0xef, 0x5b, 0x1, 0x60, 0x80, 0x62, 0x2e, 0x49,
    0xc0, 0x18, 0x0, 0xff, 0x8d, 0x81, 0xc0, 0x3f,
    0xf8, 0x18, 0x2, 0x1, 0xff, 0xcf, 0xc0, 0x10,
    0xf, 0xf8, 0xd8, 0x1c, 0x3, 0x8, 0xf1, 0xc6,
    0x0, 0xc0, 0x4, 0x3d, 0xdd, 0x8e, 0x5, 0x82,
    0x1, 0xfc, 0x29, 0x3a, 0x40, 0x18, 0x7f, 0xfb,
    0xad, 0x80, 0x3f, 0xfa, 0xc0,

    /* U+00DF "ß" */
    0x0, 0x9f, 0x3b, 0xf6, 0x48, 0x3, 0x8b, 0x60,
    0xc4, 0x9, 0xb5, 0x80, 0x37, 0x10, 0xce, 0xf5,
    0xa0, 0x49, 0x0, 0x14, 0xc3, 0x58, 0x85, 0x2c,
    0x82, 0xc0, 0x1e, 0x8, 0x60, 0x1c, 0xa0, 0x40,
    0x6, 0x3, 0x0, 0xfc, 0x20, 0x1b, 0xc0, 0x38,
    0x58, 0x30, 0x0, 0x20, 0x1c, 0x2b, 0x82, 0x8c,
    0x1, 0xf2, 0xf5, 0x10, 0xc8, 0x7, 0xe1, 0x0,
    0x87, 0x5c, 0x3, 0xe4, 0xff, 0x6b, 0x4, 0x30,
    0x7, 0xf1, 0x4b, 0x84, 0x0, 0x7f, 0xd4, 0x2,
    0x20, 0xf, 0xf0, 0x80, 0x7f, 0xf0, 0x68, 0x0,
    0x20, 0x1c, 0x62, 0x23, 0x96, 0x7, 0x0, 0xe2,
    0xce, 0xe6, 0x30, 0x2c, 0x0, 0x70, 0x98, 0x0,
    0x52, 0xa8, 0x0,

    /* U+00E0 "à" */
    0x1, 0xbf, 0xe2, 0x0, 0xf8, 0x6d, 0xc7, 0x8,
    0x3, 0xf4, 0x50, 0xe1, 0x0, 0x7e, 0x5e, 0xd0,
    0xf, 0xf0, 0x99, 0x0, 0x79, 0xaf, 0xbf, 0xdb,
    0x2, 0x0, 0x2e, 0x94, 0x10, 0x1, 0x3e, 0x8,
    0x10, 0x25, 0x77, 0xec, 0x1, 0x50, 0x3, 0xed,
    0x44, 0x9, 0xe4, 0x10, 0x0, 0x20, 0x1e, 0x70,
    0x1, 0x80, 0xd, 0xe6, 0xaa, 0xb0, 0x3, 0x84,
    0xe4, 0x32, 0xae, 0x0, 0x99, 0x81, 0x5d, 0xff,
    0x80, 0x2d, 0x6, 0x51, 0x0, 0xf9, 0xc0, 0x3e,
    0x60, 0x9, 0x1, 0x8c, 0x2, 0x69, 0x0, 0xa4,
    0x83, 0x3b, 0x7e, 0x50, 0x2, 0x1c, 0x72, 0x12,
    0x38, 0xb1, 0x0, 0x0,

    /* U+00E1 "á" */
    0x0, 0xf1, 0x77, 0xd8, 0x7, 0xc5, 0x82, 0xf6,
    0x1, 0xe2, 0xc1, 0xb8, 0x0, 0xfd, 0xbc, 0x80,
    0x1f, 0x88, 0xc4, 0x3, 0xe6, 0xbe, 0xff, 0x6c,
    0x8, 0x0, 0xba, 0x50, 0x40, 0x4, 0xf8, 0x20,
    0x40, 0x95, 0xdf, 0xb0, 0x5, 0x40, 0xf, 0xb5,
    0x10, 0x27, 0x90, 0x40, 0x0, 0x80, 0x79, 0xc0,
    0x6, 0x0, 0x37, 0x9a, 0xaa, 0xc0, 0xe, 0x13,
    0x90, 0xca, 0xb8, 0x2, 0x66, 0x5, 0x77, 0xfe,
    0x0, 0xb4, 0x19, 0x44, 0x3, 0xe7, 0x0, 0xf9,
    0x80, 0x24, 0x6, 0x30, 0x9, 0xa4, 0x2, 0x92,
    0xc, 0xed, 0xf9, 0x40, 0x8, 0x71, 0xc8, 0x48,
    0xe2, 0xc4, 0x0,

    /* U+00E2 "â" */
    0x0, 0xd3, 0xfe, 0x90, 0xf, 0xa5, 0x91, 0xd,
    0x20, 0x1d, 0x2c, 0xcb, 0xb3, 0x32, 0x40, 0x35,
    0x64, 0x80, 0x27, 0x28, 0x3, 0x19, 0x80, 0x31,
    0x98, 0x3, 0x35, 0xf7, 0xfb, 0x60, 0x40, 0x5,
    0xd2, 0x82, 0x0, 0x27, 0xc1, 0x2, 0x4, 0xae,
    0xfd, 0x80, 0x2a, 0x0, 0x7d, 0xa8, 0x81, 0x3c,
    0x82, 0x0, 0x4, 0x3, 0xce, 0x0, 0x30, 0x1,
    0xbc, 0xd5, 0x56, 0x0, 0x70, 0x9c, 0x86, 0x55,
    0xc0, 0x13, 0x30, 0x2b, 0xbf, 0xf0, 0x5, 0xa0,
    0xca, 0x20, 0x1f, 0x38, 0x7, 0xcc, 0x1, 0x20,
    0x31, 0x80, 0x4d, 0x20, 0x14, 0x90, 0x67, 0x6f,
    0xca, 0x0, 0x43, 0x8e, 0x42, 0x47, 0x16, 0x20,
    0x0,

    /* U+00E3 "ã" */
    0x0, 0xe, 0x7c, 0x0, 0x17, 0xc0, 0x35, 0x93,
    0xb5, 0x9c, 0xa0, 0x6, 0x58, 0x86, 0x36, 0x1c,
    0x0, 0x6a, 0x70, 0x2d, 0xbe, 0x30, 0xc, 0xa2,
    0x1, 0x20, 0x80, 0x73, 0x5f, 0x7f, 0xb6, 0x4,
    0x0, 0x5d, 0x28, 0x20, 0x2, 0x7c, 0x10, 0x20,
    0x4a, 0xef, 0xd8, 0x2, 0xa0, 0x7, 0xda, 0x88,
    0x13, 0xc8, 0x20, 0x0, 0x40, 0x3c, 0xe0, 0x3,
    0x0, 0x1b, 0xcd, 0x55, 0x60, 0x7, 0x9, 0xc8,
    0x65, 0x5c, 0x1, 0x33, 0x2, 0xbb, 0xff, 0x0,
    0x5a, 0xc, 0xa2, 0x1, 0xf3, 0x80, 0x7c, 0xc0,
    0x12, 0x3, 0x18, 0x4, 0xd2, 0x1, 0x49, 0x6,
    0x76, 0xfc, 0xa0, 0x4, 0x38, 0xe4, 0x24, 0x71,
    0x62, 0x0,

    /* U+00E4 "ä" */
    0x0, 0x1f, 0x50, 0x2, 0xb8, 0x80, 0x32, 0x8a,
    0x0, 0x14, 0x5c, 0x3, 0x34, 0xe8, 0x3, 0x25,
    0x40, 0x39, 0x8c, 0x0, 0x6c, 0x1, 0xff, 0xc5,
    0x6b, 0xef, 0xf6, 0xc0, 0x80, 0xb, 0xa5, 0x4,
    0x0, 0x4f, 0x82, 0x4, 0x9, 0x5d, 0xfb, 0x0,
    0x54, 0x0, 0xfb, 0x51, 0x2, 0x79, 0x4, 0x0,
    0x8, 0x7, 0x9c, 0x0, 0x60, 0x3, 0x79, 0xaa,
    0xac, 0x0, 0xe1, 0x39, 0xc, 0xab, 0x80, 0x26,
    0x60, 0x57, 0x7f, 0xe0, 0xb, 0x41, 0x94, 0x40,
    0x3e, 0x70, 0xf, 0x98, 0x2, 0x40, 0x63, 0x0,
    0x9a, 0x40, 0x29, 0x20, 0xce, 0xdf, 0x94, 0x0,
    0x87, 0x1c, 0x84, 0x8e, 0x2c, 0x40, 0x0,

    /* U+00E5 "å" */
    0x0, 0xcf, 0xba, 0x60, 0xf, 0x96, 0xba, 0x61,
    0x0, 0x3d, 0xf4, 0x68, 0xda, 0x1, 0xed, 0xc0,
    0x14, 0xf0, 0xf, 0x38, 0xff, 0x2b, 0x0, 0x7d,
    0x5f, 0xe9, 0x0, 0xff, 0xe3, 0x35, 0xf7, 0xfb,
    0x60, 0x40, 0x5, 0xd2, 0x82, 0x0, 0x27, 0xc1,
    0x2, 0x4, 0xae, 0xfd, 0x80, 0x2a, 0x0, 0x7d,
    0xa8, 0x81, 0x3c, 0x82, 0x0, 0x4, 0x3, 0xce,
    0x0, 0x30, 0x1, 0xbc, 0xd5, 0x56, 0x0, 0x70,
    0x9c, 0x86, 0x55, 0xc0, 0x13, 0x30, 0x2b, 0xbf,
    0xf0, 0x5, 0xa0, 0xca, 0x20, 0x1f, 0x38, 0x7,
    0xcc, 0x1, 0x20, 0x31, 0x80, 0x4d, 0x20, 0x14,
    0x90, 0x67, 0x6f, 0xca, 0x0, 0x43, 0x8e, 0x42,
    0x47, 0x16, 0x20, 0x0,

    /* U+00E6 "æ" */
    0x0, 0x35, 0xf7, 0xfb, 0x1c, 0x2, 0x4b, 0xef,
    0xda, 0x30, 0x8, 0xba, 0x50, 0x40, 0x7, 0x1a,
    0x35, 0x68, 0x20, 0x4b, 0x90, 0x0, 0x20, 0x4a,
    0xef, 0xd8, 0x2, 0xe5, 0x18, 0xef, 0xd6, 0x7,
    0x70, 0x3, 0xed, 0x44, 0x9, 0xe4, 0x2, 0xc7,
    0x10, 0x29, 0xa0, 0x81, 0x1, 0x0, 0xf3, 0x80,
    0x1c, 0x80, 0x39, 0x4c, 0x18, 0x0, 0x71, 0x35,
    0x76, 0xa0, 0x2, 0x5d, 0xfc, 0x21, 0xa1, 0x58,
    0xec, 0xa8, 0x90, 0x0, 0xd1, 0x3e, 0x20, 0x16,
    0x50, 0xae, 0xff, 0xc0, 0x9, 0xff, 0xfe, 0xbd,
    0x6, 0x51, 0x0, 0x88, 0x1, 0xa0, 0x1f, 0xe7,
    0x0, 0xf9, 0x40, 0x8, 0xa0, 0x1e, 0x60, 0x2,
    0x3, 0x20, 0x4, 0xd0, 0x8, 0x15, 0x26, 0x2,
    0x99, 0x30, 0x10, 0x41, 0x7d, 0xbf, 0x21, 0x56,
    0xa0, 0xd9, 0xfd, 0x66, 0x18, 0x0, 0xd8, 0x21,
    0x22, 0x36, 0xa8, 0x55, 0xa9, 0x0, 0x9, 0xf9,
    0x0,

    /* U+00E7 "ç" */
    0x0, 0x8e, 0xb7, 0xfb, 0x18, 0x3, 0x4e, 0x29,
    0x0, 0x9c, 0xe0, 0x84, 0xb0, 0x36, 0x76, 0xc0,
    0x1d, 0xa3, 0x4, 0xc8, 0xc4, 0x9f, 0x1a, 0xf8,
    0xd, 0x80, 0x38, 0xe4, 0x5c, 0x2c, 0x3, 0xf8,
    0x80, 0x80, 0x3f, 0x88, 0x8, 0x3, 0xf9, 0xc2,
    0xc0, 0x3f, 0xb8, 0xd, 0x80, 0x38, 0xe4, 0x51,
    0x82, 0x64, 0x62, 0x4f, 0x8d, 0x61, 0x2c, 0xd,
    0x9d, 0xb0, 0x7, 0x60, 0x9, 0xc5, 0x0, 0x9,
    0xce, 0x8, 0x4, 0x74, 0xe7, 0xd8, 0xc0, 0x1f,
    0x21, 0xd8, 0x80, 0x7e, 0xcc, 0x25, 0x80, 0x7c,
    0x82, 0x1, 0xfc, 0x77, 0xd8, 0x50, 0x1, 0xe3,
    0xec, 0xdd, 0x10, 0x4,

    /* U+00E8 "è" */
    0x0, 0x37, 0xf9, 0x80, 0x3f, 0x9b, 0x6, 0x58,
    0x3, 0xf8, 0xfc, 0xe5, 0xc0, 0x3f, 0x87, 0x30,
    0x80, 0x1f, 0xf1, 0x98, 0x3, 0xf2, 0xdf, 0x7e,
    0xd1, 0x80, 0x75, 0xd2, 0x8, 0x12, 0xe4, 0x0,
    0x56, 0x83, 0x3d, 0xfa, 0xe0, 0xee, 0x4, 0x40,
    0x63, 0x8, 0x14, 0x50, 0x40, 0xf8, 0x31, 0x0,
    0x72, 0x98, 0x3b, 0x2, 0xcc, 0xfc, 0x21, 0xe4,
    0x6, 0xcd, 0xf1, 0x1, 0x90, 0x4f, 0xff, 0xf5,
    0x38, 0x50, 0x7, 0xfb, 0x80, 0xd8, 0x3, 0xca,
    0x0, 0x45, 0x9, 0xa3, 0x11, 0x25, 0xd4, 0x0,
    0x29, 0x81, 0x73, 0xb9, 0x68, 0x18, 0x1, 0x4e,
    0x29, 0x0, 0x9, 0xf9, 0x0,

    /* U+00E9 "é" */
    0x0, 0xfa, 0xbf, 0x8c, 0x3, 0xf5, 0x29, 0xf9,
    0x80, 0x7d, 0x4a, 0xd8, 0x20, 0x1f, 0xc, 0xe4,
    0x80, 0x7f, 0x9, 0x98, 0x3, 0xf9, 0x6f, 0xbf,
    0x68, 0xc0, 0x3a, 0xe9, 0x4, 0x9, 0x72, 0x0,
    0x2b, 0x41, 0x9e, 0xfd, 0x70, 0x77, 0x2, 0x20,
    0x31, 0x84, 0xa, 0x28, 0x20, 0x7c, 0x18, 0x80,
    0x39, 0x4c, 0x1d, 0x81, 0x66, 0x7e, 0x10, 0xf2,
    0x3, 0x66, 0xf8, 0x80, 0xc8, 0x27, 0xff, 0xfa,
    0x9c, 0x28, 0x3, 0xfd, 0xc0, 0x6c, 0x1, 0xe5,
    0x0, 0x22, 0x84, 0xd1, 0x88, 0x92, 0xea, 0x0,
    0x14, 0xc0, 0xb9, 0xdc, 0xb4, 0xc, 0x0, 0xa7,
    0x14, 0x80, 0x4, 0xfc, 0x80,

    /* U+00EA "ê" */
    0x0, 0xc9, 0xfe, 0xd1, 0x0, 0xf9, 0x2c, 0x5c,
    0xb0, 0x40, 0x39, 0x2c, 0xb2, 0x2c, 0xb0, 0x40,
    0x33, 0x66, 0x90, 0x27, 0x70, 0x3, 0x88, 0xc0,
    0x30, 0x98, 0x80, 0x72, 0xdf, 0x7e, 0xd1, 0x80,
    0x75, 0xd2, 0x8, 0x12, 0xe4, 0x0, 0x56, 0x83,
    0x3d, 0xfa, 0xe0, 0xee, 0x4, 0x40, 0x63, 0x8,
    0x14, 0x50, 0x40, 0xf8, 0x31, 0x0, 0x72, 0x98,
    0x3b, 0x2, 0xcc, 0xfc, 0x21, 0xe4, 0x6, 0xcd,
    0xf1, 0x1, 0x90, 0x4f, 0xff, 0xf5, 0x38, 0x50,
    0x7, 0xfb, 0x80, 0xd8, 0x3, 0xca, 0x0, 0x45,
    0x9, 0xa3, 0x11, 0x25, 0xd4, 0x0, 0x29, 0x81,
    0x73, 0xb9, 0x68, 0x18, 0x1, 0x4e, 0x29, 0x0,
    0x9, 0xf9, 0x0,

    /* U+00EB "ë" */
    0x0, 0xaf, 0x84, 0x17, 0xdc, 0x3, 0xc8, 0x2a,
    0x1a, 0x16, 0x1, 0xeb, 0x94, 0x9, 0x8e, 0x0,
    0xf2, 0x30, 0x0, 0x5c, 0x80, 0x3f, 0xf8, 0xeb,
    0x7d, 0xfb, 0x46, 0x1, 0xd7, 0x48, 0x20, 0x4b,
    0x90, 0x1, 0x5a, 0xc, 0xf7, 0xeb, 0x83, 0xb8,
    0x11, 0x1, 0x8c, 0x20, 0x51, 0x41, 0x3, 0xe0,
    0xc4, 0x1, 0xca, 0x60, 0xec, 0xb, 0x33, 0xf0,
    0x87, 0x90, 0x1b, 0x37, 0xc4, 0x6, 0x41, 0x3f,
    0xff, 0xd4, 0xe1, 0x40, 0x1f, 0xee, 0x3, 0x60,
    0xf, 0x28, 0x1, 0x14, 0x26, 0x8c, 0x44, 0x97,
    0x50, 0x0, 0xa6, 0x5, 0xce, 0xe5, 0xa0, 0x60,
    0x5, 0x38, 0xa4, 0x0, 0x27, 0xe4, 0x0,

    /* U+00EC "ì" */
    0x7, 0xff, 0x30, 0x6, 0x7c, 0x19, 0x60, 0xc,
    0x7e, 0x72, 0xe0, 0x18, 0x73, 0x54, 0x3, 0xc4,
    0x40, 0xe, 0xdf, 0x70, 0xf, 0xff, 0xf8, 0x7,
    0xff, 0x28,

    /* U+00ED "í" */
    0x0, 0xaf, 0xf8, 0xc0, 0x16, 0x88, 0xf3, 0xc,
    0x47, 0xb1, 0x0, 0x77, 0x20, 0x3, 0x10, 0x80,
    0x76, 0xfb, 0x80, 0x7f, 0xff, 0xc0, 0x3f, 0xf8,
    0x0,

    /* U+00EE "î" */
    0x0, 0x1f, 0xfb, 0x0, 0x30, 0xe8, 0x29, 0xd0,
    0x5, 0xa3, 0x74, 0xea, 0xe0, 0xe, 0xe2, 0x4,
    0x6a, 0x80, 0x8, 0x40, 0x22, 0x20, 0x6, 0xdf,
    0x70, 0xf, 0xff, 0xf8, 0x7, 0xff, 0x60,

    /* U+00EF "ï" */
    0x4f, 0x70, 0xcd, 0x3, 0xc, 0x13, 0x22, 0x3c,
    0xc8, 0x6e, 0xc4, 0xc, 0x40, 0x88, 0x0, 0xff,
    0x6f, 0xb8, 0x7, 0xff, 0xfc, 0x3, 0xfe,

    /* U+00F0 "ð" */
    0x0, 0xc2, 0x1, 0xff, 0xc0, 0x5e, 0xb2, 0x0,
    0xc6, 0x1, 0xce, 0x88, 0xd6, 0x17, 0xed, 0x0,
    0xe2, 0xba, 0x9, 0xe8, 0x7c, 0x0, 0xf1, 0x78,
    0x4, 0xb2, 0x40, 0x18, 0x6f, 0x52, 0x74, 0x55,
    0xc0, 0x38, 0x42, 0xb9, 0x8b, 0x2, 0xc, 0x3,
    0xad, 0x40, 0x22, 0x90, 0xf0, 0xe, 0x28, 0xbc,
    0xa6, 0x61, 0x1a, 0x0, 0x4d, 0xae, 0x86, 0xb3,
    0xa8, 0x1c, 0x0, 0x39, 0x3, 0xbe, 0xe5, 0x3,
    0x2, 0x80, 0x20, 0xb, 0x10, 0x44, 0xb8, 0x20,
    0x1, 0x4, 0xb, 0x0, 0xe1, 0x60, 0x1, 0x80,
    0x44, 0x1, 0xed, 0x0, 0x18, 0x8, 0x10, 0x7,
    0x88, 0x0, 0x20, 0x81, 0x60, 0x1e, 0xa0, 0x60,
    0x4, 0x81, 0x59, 0x80, 0xf, 0x8, 0x60, 0x0,
    0x72, 0x9, 0x9f, 0xec, 0x31, 0xd1, 0x0, 0x9b,
    0x18, 0x80, 0x4e, 0x3c, 0xc0, 0x0,

    /* U+00F1 "ñ" */
    0x0, 0xa7, 0xec, 0x40, 0x7c, 0xc0, 0x33, 0x31,
    0xdb, 0xe, 0x0, 0xc0, 0x36, 0xac, 0x6b, 0x63,
    0x48, 0x7, 0x44, 0x0, 0x17, 0x9a, 0xc0, 0x1c,
    0x64, 0x1, 0x19, 0x0, 0x6d, 0xf6, 0x18, 0xdf,
    0xf6, 0x38, 0x7, 0x7f, 0x9c, 0x80, 0x7, 0x18,
    0x1, 0x98, 0x63, 0xbf, 0x58, 0xe, 0x0, 0x35,
    0xb8, 0x81, 0x4b, 0x3, 0x0, 0x46, 0x80, 0x1d,
    0x40, 0x24, 0x0, 0x40, 0xf, 0x10, 0x0, 0x40,
    0x1e, 0x1, 0xe1, 0x0, 0x38, 0x7, 0xff, 0xfc,
    0x2,

    /* U+00F2 "ò" */
    0x0, 0x1f, 0x7d, 0x0, 0x7f, 0x8f, 0xcd, 0x68,
    0x3, 0xfc, 0x38, 0xcb, 0x40, 0x1f, 0xf4, 0xe4,
    0x88, 0x7, 0xfc, 0x66, 0x10, 0xf, 0xc9, 0x5b,
    0xfd, 0x6a, 0x1, 0xe9, 0xb5, 0x20, 0x14, 0xac,
    0x10, 0xa, 0x98, 0x1b, 0x3b, 0x60, 0xf, 0x0,
    0x8, 0xa1, 0x32, 0x31, 0x27, 0xc0, 0x28, 0xe,
    0x3, 0x60, 0xe, 0x37, 0x6, 0x7, 0xb, 0x0,
    0xfa, 0xc0, 0x44, 0x40, 0x40, 0x1f, 0x10, 0x0,
    0x88, 0x4, 0x1, 0xf1, 0x0, 0x9, 0xc2, 0xc0,
    0x3e, 0xb0, 0x11, 0x70, 0x1b, 0x0, 0x71, 0xb8,
    0x30, 0x22, 0x84, 0xc8, 0xc4, 0x9f, 0x0, 0xa0,
    0x1, 0x4c, 0xd, 0x9d, 0xb0, 0x7, 0x80, 0x1a,
    0x6d, 0x48, 0x5, 0x2b, 0x4, 0x0,

    /* U+00F3 "ó" */
    0x0, 0xf9, 0xbf, 0xcc, 0x1, 0xfc, 0xf2, 0x38,
    0xc0, 0x1f, 0x9e, 0xf, 0xcc, 0x3, 0xf9, 0x33,
    0x2, 0x1, 0xfe, 0x33, 0x0, 0x7f, 0x92, 0xb7,
    0xfa, 0xd4, 0x3, 0xd3, 0x6a, 0x40, 0x29, 0x58,
    0x20, 0x15, 0x30, 0x36, 0x76, 0xc0, 0x1e, 0x0,
    0x11, 0x42, 0x64, 0x62, 0x4f, 0x80, 0x50, 0x1c,
    0x6, 0xc0, 0x1c, 0x6e, 0xc, 0xe, 0x16, 0x1,
    0xf5, 0x80, 0x88, 0x80, 0x80, 0x3e, 0x20, 0x1,
    0x10, 0x8, 0x3, 0xe2, 0x0, 0x13, 0x85, 0x80,
    0x7d, 0x60, 0x22, 0xe0, 0x36, 0x0, 0xe3, 0x70,
    0x60, 0x45, 0x9, 0x91, 0x89, 0x3e, 0x1, 0x40,
    0x2, 0x98, 0x1b, 0x3b, 0x60, 0xf, 0x0, 0x34,
    0xda, 0x90, 0xa, 0x56, 0x8, 0x0,

    /* U+00F4 "ô" */
    0x0, 0xc3, 0xbf, 0xe4, 0x0, 0xfc, 0x38, 0x4e,
    0x36, 0x60, 0x1e, 0x1c, 0x2b, 0x8c, 0x2c, 0x30,
    0xe, 0x3e, 0xe2, 0x1, 0x66, 0x4, 0x3, 0x88,
    0xc4, 0x2, 0x13, 0x20, 0xf, 0x25, 0x6f, 0xf5,
    0xa8, 0x7, 0xa6, 0xd4, 0x80, 0x52, 0xb0, 0x40,
    0x2a, 0x60, 0x6c, 0xed, 0x80, 0x3c, 0x0, 0x22,
    0x84, 0xc8, 0xc4, 0x9f, 0x0, 0xa0, 0x38, 0xd,
    0x80, 0x38, 0xdc, 0x18, 0x1c, 0x2c, 0x3, 0xeb,
    0x1, 0x11, 0x1, 0x0, 0x7c, 0x40, 0x2, 0x20,
    0x10, 0x7, 0xc4, 0x0, 0x27, 0xb, 0x0, 0xfa,
    0xc0, 0x45, 0xc0, 0x6c, 0x1, 0xc6, 0xe0, 0xc0,
    0x8a, 0x13, 0x23, 0x12, 0x7c, 0x2, 0x80, 0x5,
    0x30, 0x36, 0x76, 0xc0, 0x1e, 0x0, 0x69, 0xb5,
    0x20, 0x14, 0xac, 0x10, 0x0,

    /* U+00F5 "õ" */
    0x0, 0x97, 0xb8, 0x80, 0xb, 0x90, 0xe, 0x1a,
    0x57, 0xb6, 0x44, 0x60, 0x7, 0x20, 0x5c, 0xcd,
    0x66, 0xa0, 0x1c, 0xf6, 0x0, 0x6d, 0xcc, 0x0,
    0x78, 0x90, 0x2, 0x23, 0x0, 0xfc, 0x95, 0xbf,
    0xd6, 0xa0, 0x1e, 0x9b, 0x52, 0x1, 0x4a, 0xc1,
    0x0, 0xa9, 0x81, 0xb3, 0xb6, 0x0, 0xf0, 0x0,
    0x8a, 0x13, 0x23, 0x12, 0x7c, 0x2, 0x80, 0xe0,
    0x36, 0x0, 0xe3, 0x70, 0x60, 0x70, 0xb0, 0xf,
    0xac, 0x4, 0x44, 0x4, 0x1, 0xf1, 0x0, 0x8,
    0x80, 0x40, 0x1f, 0x10, 0x0, 0x9c, 0x2c, 0x3,
    0xeb, 0x1, 0x17, 0x1, 0xb0, 0x7, 0x1b, 0x83,
    0x2, 0x28, 0x4c, 0x8c, 0x49, 0xf0, 0xa, 0x0,
    0x14, 0xc0, 0xd9, 0xdb, 0x0, 0x78, 0x1, 0xa6,
    0xd4, 0x80, 0x52, 0xb0, 0x40, 0x0,

    /* U+00F6 "ö" */
    0x0, 0xa3, 0xd0, 0xb, 0xac, 0x3, 0xe4, 0xc,
    0x7, 0x14, 0x0, 0xfb, 0xa2, 0x41, 0x66, 0xc0,
    0x3e, 0x27, 0x10, 0x3, 0x20, 0x7, 0xff, 0x25,
    0x2b, 0x7f, 0xad, 0x40, 0x3d, 0x36, 0xa4, 0x2,
    0x95, 0x82, 0x1, 0x53, 0x3, 0x67, 0x6c, 0x1,
    0xe0, 0x1, 0x14, 0x26, 0x46, 0x24, 0xf8, 0x5,
    0x1, 0xc0, 0x6c, 0x1, 0xc6, 0xe0, 0xc0, 0xe1,
    0x60, 0x1f, 0x58, 0x8, 0x88, 0x8, 0x3, 0xe2,
    0x0, 0x11, 0x0, 0x80, 0x3e, 0x20, 0x1, 0x38,
    0x58, 0x7, 0xd6, 0x2, 0x2e, 0x3, 0x60, 0xe,
    0x37, 0x6, 0x4, 0x50, 0x99, 0x18, 0x93, 0xe0,
    0x14, 0x0, 0x29, 0x81, 0xb3, 0xb6, 0x0, 0xf0,
    0x3, 0x4d, 0xa9, 0x0, 0xa5, 0x60, 0x80, 0x0,

    /* U+00F7 "÷" */
    0x0, 0xc3, 0x98, 0x10, 0xf, 0xc8, 0x66, 0x40,
    0xf, 0xc8, 0x44, 0x40, 0xf, 0xc3, 0xba, 0x10,
    0xf, 0xfe, 0x83, 0x7f, 0xff, 0x94, 0xc4, 0x7f,
    0xc0, 0xbd, 0xdf, 0xe5, 0x0, 0xff, 0xe2, 0xe,
    0x60, 0x40, 0x3f, 0x21, 0x99, 0x0, 0x3f, 0x21,
    0x11, 0x0, 0x30,

    /* U+00F8 "ø" */
    0x0, 0xfe, 0x28, 0x30, 0xf, 0xfa, 0x1c, 0x80,
    0x39, 0x2b, 0x7f, 0xb8, 0xae, 0x20, 0x1a, 0x6d,
    0x48, 0x4, 0x40, 0xa2, 0x1, 0x53, 0x3, 0x67,
    0x50, 0x0, 0xb0, 0x0, 0x8a, 0x13, 0x23, 0x1e,
    0xb, 0x2, 0x80, 0xe0, 0x36, 0x0, 0x1a, 0x3a,
    0x38, 0x30, 0x38, 0x58, 0x5, 0x3, 0x1, 0x60,
    0x22, 0x20, 0x20, 0x1, 0xa4, 0x80, 0x8, 0x0,
    0x44, 0x2, 0x0, 0x40, 0xb8, 0x0, 0x80, 0x4,
    0xe1, 0x60, 0x69, 0x20, 0x15, 0x80, 0x8b, 0x80,
    0xda, 0x5, 0xc0, 0x6, 0xe0, 0xc0, 0x8a, 0x12,
    0x88, 0x12, 0x7c, 0x2, 0x80, 0x5, 0x30, 0x1,
    0x7b, 0x60, 0xf, 0x0, 0x36, 0x80, 0x8, 0x5,
    0x2b, 0x4, 0x3, 0x40, 0xfe, 0xff, 0x5a, 0x80,
    0x72, 0x1c, 0x0, 0x7f, 0x80,

    /* U+00F9 "ù" */
    0x0, 0x57, 0xf1, 0x80, 0x7f, 0x54, 0x8e, 0x98,
    0x7, 0xf3, 0x60, 0x61, 0x80, 0x7f, 0x1f, 0x69,
    0x0, 0x7f, 0xc4, 0x20, 0x1d, 0xfe, 0x60, 0xf,
    0x27, 0xf8, 0x3, 0xff, 0xfe, 0x1, 0x84, 0x3,
    0xf0, 0x80, 0x46, 0x1e, 0x1, 0xec, 0x0, 0x9c,
    0x1c, 0x40, 0x31, 0x30, 0x5, 0x20, 0x38, 0xa4,
    0x46, 0xc0, 0xc, 0x70, 0x5, 0x5b, 0xa9, 0x18,
    0x0, 0xcf, 0x68, 0x20, 0x2b, 0xaa, 0x1, 0x0,

    /* U+00FA "ú" */
    0x0, 0xf0, 0xef, 0xd8, 0x80, 0x7c, 0x5e, 0x4f,
    0x62, 0x1, 0xe2, 0xc1, 0xb8, 0x0, 0xfc, 0x79,
    0xc8, 0x1, 0xfc, 0x24, 0x20, 0x1e, 0xff, 0x30,
    0x7, 0x93, 0xfc, 0x1, 0xff, 0xff, 0x0, 0xc2,
    0x1, 0xf8, 0x40, 0x23, 0xf, 0x0, 0xf6, 0x0,
    0x4e, 0xe, 0x20, 0x18, 0x98, 0x2, 0x90, 0x1c,
    0x52, 0x23, 0x60, 0x6, 0x38, 0x2, 0xad, 0xd4,
    0x8c, 0x0, 0x67, 0xb4, 0x10, 0x15, 0xd5, 0x0,
    0x80,

    /* U+00FB "û" */
    0x0, 0xd1, 0xfe, 0xa0, 0xf, 0xd2, 0xe8, 0xaa,
    0xa0, 0xf, 0x4b, 0x32, 0xea, 0x16, 0x80, 0x3a,
    0xf6, 0x40, 0xf, 0xd0, 0x1, 0xc4, 0x40, 0xc,
    0x24, 0x1, 0x7f, 0x98, 0x3, 0xc9, 0xfe, 0x0,
    0xff, 0xff, 0x80, 0x61, 0x0, 0xfc, 0x20, 0x11,
    0x87, 0x80, 0x7b, 0x0, 0x27, 0x7, 0x10, 0xc,
    0x4c, 0x1, 0x48, 0xe, 0x29, 0x11, 0xb0, 0x3,
    0x1c, 0x1, 0x56, 0xea, 0x46, 0x0, 0x33, 0xda,
    0x8, 0xa, 0xea, 0x80, 0x40,

    /* U+00FC "ü" */
    0x0, 0x17, 0x58, 0x2, 0x78, 0xc0, 0x39, 0xc5,
    0x0, 0x8, 0x28, 0x1, 0xcb, 0x36, 0x0, 0xe9,
    0x70, 0xf, 0x32, 0x0, 0xd, 0x80, 0x3f, 0xf8,
    0xbf, 0xe6, 0x0, 0xf2, 0x7f, 0x80, 0x3f, 0xff,
    0xe0, 0x18, 0x40, 0x3f, 0x8, 0x4, 0x61, 0xe0,
    0x1e, 0xc0, 0x9, 0xc1, 0xc4, 0x3, 0x13, 0x0,
    0x52, 0x3, 0x8a, 0x44, 0x6c, 0x0, 0xc7, 0x0,
    0x55, 0xba, 0x91, 0x80, 0xc, 0xf6, 0x82, 0x2,
    0xba, 0xa0, 0x10,

    /* U+00FD "ý" */
    0x0, 0xfd, 0x5f, 0xc6, 0x1, 0xfe, 0xb5, 0x3f,
    0x30, 0xf, 0xeb, 0x47, 0xc1, 0x0, 0xff, 0x4f,
    0x40, 0x7, 0xff, 0x0, 0x84, 0x3, 0xf6, 0xfc,
    0x80, 0x7c, 0x3f, 0xe3, 0xb, 0x6, 0x0, 0xf9,
    0x80, 0xcc, 0xc, 0x20, 0xc0, 0x1e, 0xa0, 0x90,
    0x9, 0x82, 0xc0, 0x39, 0x8, 0x54, 0x2, 0xa0,
    0x24, 0x0, 0xde, 0xc, 0x1, 0x89, 0x3, 0x80,
    0x22, 0x40, 0x90, 0xe, 0xf0, 0x51, 0x0, 0x58,
    0x28, 0x80, 0x72, 0x10, 0x48, 0x1, 0x82, 0x40,
    0x3e, 0xb0, 0x60, 0x60, 0x33, 0x0, 0x7c, 0xc2,
    0x25, 0xb0, 0x90, 0xf, 0xe6, 0xb, 0x21, 0x50,
    0xf, 0xea, 0x1, 0x9, 0x0, 0xff, 0x12, 0x0,
    0x18, 0x3, 0xfe, 0x10, 0x51, 0x0, 0xff, 0x12,
    0x84, 0x80, 0x7d, 0x48, 0x5, 0xc0, 0x86, 0x1,
    0xe5, 0x55, 0xfe, 0x98, 0xc8, 0x7, 0xcb, 0x4,
    0x2, 0xd8, 0x40, 0x1f, 0x0,

    /* U+00FE "þ" */
    0xdf, 0x70, 0xf, 0xff, 0xdb, 0xef, 0xf6, 0x38,
    0x80, 0x77, 0x6c, 0x10, 0x9, 0xc7, 0x98, 0x6,
    0x62, 0x5c, 0xed, 0x91, 0x16, 0x10, 0x6, 0x7a,
    0x31, 0x26, 0xf1, 0x8, 0x0, 0x86, 0x0, 0x38,
    0x60, 0x14, 0x40, 0xe, 0x1, 0xf3, 0x80, 0x8,
    0x1, 0xc0, 0x1f, 0x8, 0x1, 0x80, 0x1c, 0x1,
    0xf0, 0x80, 0x18, 0x0, 0xe0, 0x1f, 0x38, 0x0,
    0x80, 0x3, 0x0, 0x1c, 0x30, 0xa, 0x20, 0x13,
    0xd1, 0x89, 0x37, 0x88, 0xa0, 0x2, 0x62, 0x5c,
    0xed, 0x91, 0x16, 0x90, 0x5, 0xdb, 0x4, 0x2,
    0x71, 0xe6, 0x1, 0xe7, 0xdf, 0xec, 0x71, 0x0,
    0xff, 0xf7, 0x80,

    /* U+00FF "ÿ" */
    0x0, 0xd7, 0xc4, 0x9, 0xf0, 0x1, 0xf9, 0x5,
    0x83, 0x1, 0x0, 0x3f, 0x5c, 0xa0, 0x4c, 0x70,
    0x7, 0xe4, 0x60, 0x0, 0xb9, 0x0, 0x7f, 0xf2,
    0x37, 0xe4, 0x3, 0xe1, 0xff, 0x18, 0x58, 0x30,
    0x7, 0xcc, 0x6, 0x60, 0x61, 0x6, 0x0, 0xf5,
    0x4, 0x80, 0x4c, 0x16, 0x1, 0xc8, 0x42, 0xa0,
    0x15, 0x1, 0x20, 0x6, 0xf0, 0x60, 0xc, 0x48,
    0x1c, 0x1, 0x12, 0x4, 0x80, 0x77, 0x82, 0x88,
    0x2, 0xc1, 0x44, 0x3, 0x90, 0x82, 0x40, 0xc,
    0x12, 0x1, 0xf5, 0x83, 0x3, 0x1, 0x98, 0x3,
    0xe6, 0x11, 0x2d, 0x84, 0x80, 0x7f, 0x30, 0x59,
    0xa, 0x80, 0x7f, 0x50, 0x8, 0x48, 0x7, 0xf8,
    0x90, 0x0, 0xc0, 0x1f, 0xf0, 0x82, 0x88, 0x7,
    0xf8, 0x94, 0x24, 0x3, 0xea, 0x40, 0x2e, 0x4,
    0x30, 0xf, 0x2a, 0xaf, 0xf4, 0xc6, 0x40, 0x3e,
    0x58, 0x20, 0x16, 0xc2, 0x0, 0xf8,

    /* U+2013 "–" */
    0xaa, 0xff, 0xe0, 0x2a, 0xff, 0xf0, 0x0,

    /* U+2014 "—" */
    0xaa, 0xff, 0xe6, 0x2a, 0xff, 0xf3, 0x0,

    /* U+2018 "‘" */
    0x8, 0xf0, 0x2, 0x98, 0x11, 0x10, 0x28, 0x3c,
    0x10, 0x20, 0x84, 0x0, 0x3c, 0x8e, 0x60,

    /* U+2019 "’" */
    0x5e, 0xb0, 0x91, 0x44, 0x80, 0xd, 0x0, 0x24,
    0x40, 0x60, 0x40, 0xb0, 0x14, 0x30,

    /* U+201C "“" */
    0x8, 0xf0, 0xb, 0xe4, 0x14, 0xc0, 0x8, 0x18,
    0x44, 0x40, 0x7, 0x2, 0x50, 0x78, 0x1, 0x4,
    0x10, 0x20, 0x90, 0x45, 0x62, 0x0, 0x10, 0x9,
    0xb9, 0x1c, 0xd1, 0xd3, 0xc0,

    /* U+201D "”" */
    0x5e, 0xb0, 0x5, 0xfa, 0xc8, 0xa2, 0x60, 0x84,
    0x0, 0x32, 0x88, 0x34, 0x0, 0x90, 0xc0, 0x69,
    0x3, 0x0, 0x30, 0x1d, 0x2, 0xc0, 0xe, 0x82,
    0x24, 0x30, 0x11, 0x70, 0x0,

    /* U+2022 "•" */
    0x1, 0x64, 0x1, 0xf9, 0xb7, 0x41, 0x0, 0x50,
    0x80, 0x42, 0x8e, 0x5, 0xc0,

    /* U+2026 "…" */
    0x4, 0x10, 0x8, 0x50, 0x3, 0x19, 0x5, 0x5f,
    0x8, 0xf, 0x5d, 0x0, 0x1f, 0x34, 0xdc, 0x0,
    0xa0, 0xa0, 0x7, 0x0, 0x60, 0x1, 0x6c, 0x11,
    0x0, 0x88, 0xb, 0x0, 0x78, 0x9b, 0x80,

    /* U+20BF "₿" */
    0x0, 0x87, 0xdc, 0x17, 0xcc, 0x3, 0xff, 0xaf,
    0xbf, 0xee, 0x8, 0xfa, 0xe, 0xa4, 0x0, 0xff,
    0xe0, 0x12, 0xdc, 0x80, 0x67, 0xff, 0xee, 0xb3,
    0x6, 0x50, 0xf, 0xe1, 0x4c, 0x10, 0xf0, 0xf,
    0xfe, 0x2, 0x80, 0x80, 0x7f, 0xf0, 0x14, 0xc,
    0x3, 0xf8, 0x53, 0x4, 0x52, 0x1, 0x3f, 0xff,
    0x75, 0x99, 0x60, 0x80, 0x7f, 0xf0, 0xa, 0x0,
    0x33, 0xff, 0xfb, 0x60, 0x57, 0x0, 0x3f, 0xc4,
    0xfa, 0x6, 0x80, 0x1f, 0xf1, 0x90, 0x18, 0x7,
    0xff, 0xb, 0x80, 0x3f, 0xe2, 0x20, 0x78, 0x7,
    0xf0, 0xb6, 0x0, 0x1c, 0x0, 0xff, 0xfe, 0xe9,
    0x10, 0xb1, 0x0, 0xfe, 0x13, 0x7e, 0x40, 0xdf,
    0xf7, 0x4, 0x7d, 0x6, 0xe4, 0x8, 0x7, 0xff,
    0x50,

    /* U+4E2F "丯" */
    0x0, 0xfe, 0x56, 0x10, 0xf, 0xfe, 0xd, 0x48,
    0x80, 0x7f, 0xf0, 0xc, 0x8, 0x3, 0xff, 0x82,
    0x80, 0xe0, 0x1f, 0xfc, 0x1d, 0xd, 0x0, 0xfc,
    0x23, 0xc8, 0x4, 0x23, 0xc0, 0xb, 0xee, 0xe1,
    0xa, 0xee, 0xd4, 0x0, 0x50, 0xf, 0xfe, 0x1,
    0x80, 0x3b, 0xff, 0x40, 0x27, 0xff, 0x40, 0x7,
    0xdc, 0x18, 0x1, 0xff, 0xc1, 0x40, 0x30, 0xf,
    0xab, 0xff, 0x88, 0x2f, 0xff, 0x58, 0x1, 0xc0,
    0x3f, 0xf8, 0x4, 0x0, 0xfd, 0xdc, 0xe0, 0x5b,
    0xbd, 0x0, 0x2, 0x2e, 0x10, 0x52, 0x2e, 0x10,
    0xf, 0x94, 0x34, 0x3, 0xe9, 0xee, 0xe3, 0xa,
    0xee, 0xd4, 0x0, 0x41, 0x1e, 0x0, 0x84, 0x71,
    0x80, 0x3b, 0x33, 0x30, 0x3, 0x33, 0xa0, 0x0,
    0x67, 0xc0, 0x7, 0x33, 0xe1, 0x0, 0xf9, 0x43,
    0x40, 0x3f, 0xf8, 0x26, 0xe, 0x1, 0xff, 0xc0,
    0x20, 0x1, 0x0, 0x7f, 0xf0, 0x5e, 0x0, 0x3f,
    0x80,

    /* U+4E30 "丰" */
    0x0, 0xe1, 0x65, 0x0, 0xff, 0x8a, 0x6c, 0x3,
    0xff, 0xc8, 0x23, 0xce, 0x2, 0x3e, 0xc, 0xee,
    0xd6, 0x0, 0xee, 0xe9, 0x0, 0xff, 0xe1, 0x6f,
    0xfe, 0xc0, 0x1f, 0xfe, 0x90, 0xf, 0xfe, 0x86,
    0xff, 0xec, 0x1, 0xff, 0xe8, 0x0, 0xff, 0xe0,
    0x8f, 0xee, 0xea, 0x0, 0x6e, 0xf4, 0x11, 0x73,
    0x0, 0x91, 0x70, 0x80, 0x7f, 0xf0, 0xb3, 0xbb,
    0x60, 0xf, 0x77, 0x40, 0x8f, 0x0, 0x42, 0x3e,
    0xec, 0xcd, 0x20, 0xc, 0xce, 0xb3, 0x3e, 0x50,
    0x13, 0x3e, 0x20, 0xf, 0xff, 0x19, 0x3b, 0x0,
    0x78,

    /* U+F001 "" */
    0x0, 0xff, 0xef, 0x93, 0xdf, 0x40, 0x7, 0xff,
    0x11, 0x27, 0x75, 0x8, 0x2e, 0x1, 0xff, 0xc0,
    0x16, 0xbf, 0xb6, 0x20, 0xf, 0xfe, 0x11, 0xc6,
    0x74, 0xa0, 0x7, 0xff, 0xc, 0xeb, 0xb1, 0xcc,
    0x3, 0xff, 0x8d, 0xaa, 0x20, 0x1f, 0xfc, 0x91,
    0x0, 0xff, 0xe0, 0xa8, 0x7, 0xff, 0x1c, 0x9e,
    0xfe, 0x80, 0x3f, 0xf8, 0x89, 0x3b, 0xa8, 0x40,
    0xf, 0xfe, 0x10, 0xb5, 0xfd, 0xb1, 0x0, 0x7f,
    0xf1, 0x7a, 0x50, 0x3, 0xff, 0xfe, 0x1, 0xff,
    0xe5, 0x3a, 0xdf, 0xd0, 0xf, 0xfe, 0x33, 0x62,
    0x90, 0x10, 0x7, 0xff, 0x1a, 0x0, 0x3f, 0x8e,
    0xb7, 0xf4, 0x3, 0xff, 0x8a, 0x2d, 0x8a, 0x40,
    0x40, 0x1f, 0xd0, 0x1, 0xf4, 0x40, 0x3, 0xff,
    0x84, 0xd8, 0xa2, 0x2, 0xb8, 0xc0, 0x1f, 0x84,
    0x3, 0xe3, 0xae, 0xfe, 0xa3, 0x8, 0x0, 0xfa,
    0x0, 0x3f, 0xf8, 0x6d, 0x8a, 0x20, 0x2b, 0x8c,
    0x1, 0xff, 0xc3,

    /* U+F002 "" */
    0x0, 0xe1, 0x6b, 0xef, 0xed, 0x93, 0x0, 0xff,
    0xe1, 0xbf, 0xca, 0x8, 0x9, 0x36, 0x59, 0x0,
    0x7f, 0xf0, 0x2a, 0x4, 0x3, 0xf2, 0x62, 0x0,
    0x7f, 0xa9, 0x40, 0x30, 0x99, 0x0, 0x61, 0xb3,
    0x0, 0xfc, 0xca, 0x1, 0x26, 0x76, 0x6f, 0xc0,
    0x6, 0xd0, 0xf, 0x86, 0x0, 0x26, 0xb3, 0x0,
    0xcf, 0xa2, 0x0, 0x17, 0x0, 0xf3, 0x88, 0x1,
    0x24, 0x3, 0xe2, 0xd0, 0xa, 0x40, 0x3d, 0xa0,
    0x14, 0x0, 0x7f, 0x1a, 0x0, 0x4, 0xc0, 0x39,
    0x40, 0x2, 0x60, 0x1f, 0xed, 0x0, 0x94, 0x3,
    0x84, 0x0, 0x40, 0x1f, 0xf1, 0x0, 0x42, 0x1,
    0xff, 0xd2, 0x20, 0x1, 0x80, 0x7f, 0xc6, 0x1,
    0x10, 0x7, 0x20, 0x4, 0xc0, 0x1f, 0xea, 0x0,
    0x9c, 0x3, 0xb4, 0x2, 0x81, 0x0, 0xfd, 0x4,
    0x0, 0x32, 0x0, 0xe4, 0x30, 0x0, 0xe1, 0x0,
    0x79, 0xdc, 0x1, 0x48, 0x7, 0xde, 0x1, 0x16,
    0xca, 0x11, 0xb6, 0x40, 0x4, 0x68, 0x1, 0xf1,
    0xd0, 0x6, 0x6b, 0xdc, 0x93, 0x0, 0xc7, 0xca,
    0x1, 0xf2, 0xd8, 0x7, 0xfc, 0x40, 0x15, 0x28,
    0x7, 0xc9, 0xcc, 0x1, 0xf1, 0x57, 0x80, 0x6a,
    0x50, 0xf, 0x86, 0x7e, 0xa1, 0x9e, 0x33, 0x54,
    0xa0, 0x3, 0x52, 0x80, 0x7f, 0x2b, 0xcc, 0x39,
    0x80, 0x4e, 0xe0, 0xd, 0x4a, 0x1, 0xff, 0xc6,
    0x87, 0x0, 0xd4, 0x1, 0xff, 0xc7, 0x87, 0x0,
    0x98, 0x3, 0xff, 0x91, 0x10, 0x5, 0x90, 0xf,
    0xfe, 0x4b, 0xfd, 0x0, 0x0,

    /* U+F004 "" */
    0x0, 0xe3, 0x67, 0x51, 0x0, 0xf0, 0xab, 0xb1,
    0x80, 0x7e, 0x2c, 0xc4, 0xc5, 0x74, 0x88, 0x0,
    0x67, 0xaa, 0x27, 0x30, 0x40, 0x1c, 0x7a, 0x60,
    0x1c, 0xd8, 0x25, 0x8c, 0x1, 0xc7, 0xa6, 0x1,
    0xe, 0x80, 0x7e, 0x2c, 0xc1, 0x0, 0x7e, 0xd1,
    0x0, 0x30, 0x80, 0x7f, 0x10, 0x80, 0x7f, 0xb,
    0x0, 0x2c, 0x3, 0xff, 0x95, 0x60, 0x3, 0x0,
    0xff, 0xe5, 0x18, 0x7, 0xff, 0x40, 0x80, 0x3f,
    0xf9, 0x44, 0x0, 0x50, 0xf, 0xfe, 0x52, 0x80,
    0x24, 0x40, 0x3f, 0xf9, 0x3, 0x20, 0x1, 0xa0,
    0xf, 0xfe, 0x45, 0x8, 0x4, 0x94, 0x1, 0xff,
    0xc6, 0xa4, 0x0, 0xe5, 0xa0, 0xf, 0xfe, 0x25,
    0x28, 0x7, 0xcb, 0x20, 0x1f, 0xfc, 0x29, 0x50,
    0xf, 0xe6, 0x90, 0xf, 0xfe, 0x4, 0xb0, 0x7,
    0xfc, 0xd0, 0x1, 0xfe, 0x86, 0x0, 0xff, 0xe0,
    0xbc, 0x0, 0x7e, 0x87, 0x0, 0xff, 0xe1, 0xbb,
    0x80, 0x3c, 0xee, 0x0, 0xff, 0xe2, 0xc3, 0x80,
    0x67, 0x80, 0xf, 0xfe, 0x3c, 0x30, 0x1, 0xa0,
    0x3, 0xff, 0x93, 0x35, 0x49, 0x0, 0xff, 0x80,

    /* U+F005 "" */
    0x0, 0xff, 0xe0, 0x47, 0x40, 0x7, 0xff, 0x2c,
    0x9c, 0x5c, 0x80, 0x3f, 0xf9, 0x50, 0x1, 0x40,
    0x7, 0xff, 0x24, 0x94, 0x2, 0x52, 0x0, 0xff,
    0xe4, 0x40, 0x7, 0x40, 0x7, 0xff, 0x1c, 0x94,
    0x3, 0x94, 0x80, 0x3f, 0xf8, 0xd0, 0x1, 0xf4,
    0x0, 0x7f, 0xf0, 0x5, 0x1a, 0x6f, 0x94, 0x3,
    0xe5, 0xeb, 0x96, 0x41, 0x0, 0xd1, 0xfd, 0x72,
    0xc8, 0x20, 0x1f, 0xc2, 0x8d, 0x37, 0xdf, 0x0,
    0x7, 0x0, 0xff, 0xe5, 0xb8, 0x1, 0x80, 0x3f,
    0xf9, 0x6c, 0x0, 0x95, 0x0, 0xff, 0xe4, 0xac,
    0x80, 0x54, 0xc0, 0x1f, 0xfc, 0x76, 0xa0, 0xe,
    0x96, 0x0, 0xff, 0xe2, 0xb4, 0x80, 0x7d, 0x2c,
    0x1, 0xff, 0xc3, 0x69, 0x0, 0xfe, 0x94, 0x0,
    0xff, 0xe0, 0xa4, 0x80, 0x7f, 0xcc, 0x1, 0xff,
    0xc1, 0x70, 0xf, 0xfe, 0x1, 0x0, 0x7f, 0xf0,
    0x4c, 0x3, 0xfe, 0x20, 0xf, 0xfe, 0x19, 0x0,
    0x7f, 0x9c, 0x3, 0xff, 0x86, 0xe0, 0x1f, 0xe2,
    0x0, 0xf8, 0xc0, 0x3e, 0x20, 0xf, 0xf6, 0x80,
    0x72, 0xee, 0x6a, 0x80, 0x76, 0x80, 0x7f, 0x98,
    0x2, 0x4c, 0xa2, 0x2, 0xac, 0x40, 0x9, 0x80,
    0x3f, 0xd2, 0x9, 0x96, 0x60, 0x1c, 0x77, 0x88,
    0x32, 0x1, 0xfe, 0x5f, 0xb3, 0x0, 0xfe, 0x3b,
    0xe5, 0x0, 0xe0,

    /* U+F008 "" */
    0xb7, 0x0, 0x5f, 0xff, 0xff, 0x9, 0x0, 0xf,
    0x69, 0x51, 0x5, 0x0, 0xff, 0xe1, 0x7c, 0x42,
    0x90, 0x9, 0xdc, 0x20, 0x97, 0x7f, 0xd4, 0x0,
    0x47, 0x71, 0x0, 0x1b, 0xfc, 0x60, 0x68, 0x9f,
    0xca, 0x0, 0xaf, 0xf3, 0x0, 0x4, 0x0, 0xe0,
    0x1f, 0xfc, 0x21, 0x0, 0x8, 0x0, 0x40, 0xe,
    0x1, 0xff, 0xc2, 0x10, 0x0, 0x80, 0x1b, 0xfc,
    0x60, 0x1f, 0xfc, 0x2a, 0xff, 0x30, 0x0, 0x9d,
    0xc2, 0x4, 0x5f, 0xe3, 0x0, 0x23, 0xb8, 0x80,
    0xb, 0x10, 0x50, 0x5d, 0xdf, 0xec, 0x0, 0x7c,
    0x41, 0x40, 0x3f, 0xf9, 0xcb, 0x10, 0x50, 0x5d,
    0xdf, 0xec, 0x0, 0x7c, 0x41, 0x40, 0x4, 0xee,
    0x10, 0x22, 0xff, 0x18, 0x1, 0x1d, 0xc4, 0x0,
    0x6f, 0xf1, 0x80, 0x7f, 0xf0, 0xab, 0xfc, 0xc0,
    0x1, 0x0, 0x38, 0x7, 0xff, 0x8, 0x40, 0x2,
    0x0, 0x10, 0x3, 0x80, 0x7f, 0xf0, 0x84, 0x0,
    0x20, 0x6, 0xff, 0x18, 0x1a, 0x27, 0xf2, 0x80,
    0x2b, 0xfc, 0xc0, 0x2, 0x77, 0x8, 0x25, 0xdf,
    0xf5, 0x0, 0x11, 0xdc, 0x40, 0x95, 0x10, 0x50,
    0xf, 0xfe, 0x17, 0xc4, 0x29, 0x0,

    /* U+F00B "" */
    0x14, 0x4e, 0x10, 0x1, 0xa2, 0x7f, 0xf0, 0x47,
    0xee, 0xfb, 0xc1, 0xb2, 0xef, 0xff, 0x83, 0xe2,
    0x1, 0xc2, 0x1c, 0x1, 0xff, 0xc2, 0x10, 0xf,
    0xff, 0xe4, 0x22, 0x74, 0x85, 0x2a, 0x27, 0xff,
    0x6, 0x1e, 0xef, 0x98, 0xa, 0xae, 0xff, 0xf8,
    0x2f, 0x7f, 0xfd, 0x60, 0x9f, 0xff, 0xfc, 0x2b,
    0x40, 0xe, 0x40, 0xc0, 0xf, 0xfe, 0x12, 0x0,
    0x7f, 0xff, 0x10, 0x3, 0x90, 0x30, 0x3, 0xff,
    0x84, 0x97, 0xff, 0xd6, 0x9, 0xff, 0xff, 0xc2,
    0xb1, 0x44, 0xe1, 0x0, 0x1a, 0x27, 0xff, 0x4,
    0x7e, 0xef, 0xbc, 0x1b, 0x2e, 0xff, 0xf8, 0x3e,
    0x20, 0x1c, 0x21, 0xc0, 0x1f, 0xfc, 0x21, 0x0,
    0xff, 0xfe, 0x42, 0x27, 0x48, 0x52, 0xa2, 0x7f,
    0xf0, 0x60,

    /* U+F00C "" */
    0x0, 0xff, 0xe4, 0x5e, 0x90, 0x7, 0xff, 0x23,
    0x10, 0xb0, 0x80, 0x3f, 0xf8, 0xd8, 0x60, 0x1,
    0xf0, 0xf, 0xfe, 0x2e, 0x18, 0x7, 0xff, 0x27,
    0xc, 0x3, 0x16, 0x0, 0x7f, 0xf0, 0xf0, 0xc0,
    0x31, 0x60, 0x81, 0x6d, 0x80, 0x7f, 0xb0, 0xc0,
    0x31, 0x60, 0x81, 0x61, 0x26, 0x0, 0x7e, 0xc3,
    0x0, 0xc5, 0x82, 0x0, 0xf1, 0x0, 0x1e, 0x0,
    0x7b, 0xc, 0x3, 0x16, 0x8, 0x7, 0xe3, 0xc0,
    0xd, 0x86, 0x1, 0x8b, 0x4, 0x3, 0x61, 0x0,
    0x63, 0xc0, 0x6, 0x18, 0x6, 0x2c, 0x10, 0xe,
    0x1c, 0x20, 0xc, 0x79, 0x83, 0x0, 0xc5, 0x82,
    0x1, 0xf0, 0xe1, 0x0, 0x63, 0x30, 0x6, 0x2c,
    0x10, 0xf, 0xe1, 0xc2, 0x0, 0xfc, 0x58, 0x20,
    0x1f, 0xf0, 0xe1, 0x0, 0x78, 0xb0, 0x40, 0x3f,
    0xf8, 0x23, 0x84, 0x1, 0x8b, 0x4, 0x3, 0xff,
    0x86, 0x38, 0x40, 0x2, 0xc1, 0x0, 0xff, 0xe2,
    0x8e, 0x19, 0xb0, 0x40, 0x3f, 0xf8, 0x0,

    /* U+F00D "" */
    0x1, 0x41, 0x0, 0xfe, 0x33, 0x0, 0x7, 0x2f,
    0x4, 0x3, 0xe7, 0xcc, 0x38, 0x69, 0x1, 0x60,
    0x80, 0x73, 0xc0, 0x2, 0x10, 0x80, 0x22, 0xc1,
    0x0, 0x9e, 0x0, 0x31, 0x50, 0x6, 0x2c, 0x10,
    0x78, 0x0, 0xc8, 0xc9, 0x60, 0x18, 0xb2, 0x20,
    0x1, 0x92, 0xc0, 0x9, 0x60, 0x18, 0x9c, 0x3,
    0x25, 0x80, 0x64, 0xb0, 0xf, 0xc9, 0x60, 0x1e,
    0x4b, 0x0, 0xf1, 0xd8, 0x7, 0xe3, 0x0, 0xf0,
    0x88, 0x3, 0xe7, 0x80, 0xf, 0x16, 0x8, 0x7,
    0x3c, 0x0, 0x7e, 0x2c, 0x10, 0x9, 0xe0, 0x3,
    0x25, 0x0, 0x62, 0xc1, 0x7, 0x80, 0xc, 0x96,
    0xb6, 0x1, 0x8b, 0x6, 0x0, 0x32, 0x58, 0x1,
    0x2c, 0x3, 0x13, 0x28, 0x4, 0x96, 0x1, 0x92,
    0xc0, 0x32, 0x52, 0x2, 0x58, 0x7, 0x92, 0xc0,
    0x16, 0x61, 0x7d, 0x60, 0x1f, 0x93, 0xfc, 0x80,

    /* U+F00E "" */
    0x0, 0xe1, 0x6b, 0xef, 0xed, 0x93, 0x0, 0xff,
    0xe1, 0x3f, 0xca, 0x8, 0x9, 0x36, 0x59, 0x0,
    0x7f, 0xd5, 0x2, 0x1, 0xf9, 0x31, 0x0, 0x3f,
    0xa9, 0x40, 0x23, 0x79, 0x85, 0x0, 0x86, 0xcc,
    0x3, 0xe7, 0x50, 0x0, 0xde, 0x43, 0x3d, 0x72,
    0x80, 0x5a, 0x1, 0xe1, 0x80, 0x0, 0xe2, 0x3,
    0x6e, 0x0, 0xd3, 0x80, 0x6, 0x0, 0x39, 0xc0,
    0x2a, 0x20, 0x7, 0x91, 0x80, 0x50, 0x60, 0x6,
    0x0, 0xed, 0x0, 0x1a, 0x0, 0x7f, 0xa0, 0x0,
    0x26, 0x1, 0x94, 0x0, 0x80, 0xd5, 0x44, 0x0,
    0x55, 0x42, 0x80, 0x12, 0x80, 0x61, 0x0, 0x70,
    0x52, 0xa8, 0x80, 0xa, 0xb1, 0x0, 0x80, 0x4,
    0x3, 0x8, 0x0, 0x41, 0x80, 0x3e, 0x11, 0x0,
    0x80, 0x7c, 0x60, 0xd, 0xa, 0xff, 0x30, 0x3,
    0xfd, 0xc4, 0x40, 0x8, 0x80, 0x32, 0x0, 0x14,
    0x40, 0x3f, 0xd4, 0x1, 0x20, 0x6, 0xd0, 0xa,
    0xc0, 0x21, 0x0, 0xe2, 0x70, 0x2, 0x8, 0x6,
    0x44, 0x0, 0x16, 0x0, 0x11, 0xbc, 0x0, 0x2c,
    0x0, 0xa0, 0x3, 0xd2, 0x1, 0x3e, 0x20, 0x10,
    0x94, 0x68, 0x80, 0xc, 0x40, 0x3c, 0x56, 0x1,
    0x1d, 0xff, 0x7e, 0xb8, 0x6, 0x3d, 0x60, 0xf,
    0x26, 0x8, 0x6, 0x10, 0xe, 0x30, 0xa, 0x58,
    0x3, 0xc7, 0xce, 0x20, 0x1e, 0x4b, 0xe0, 0xd,
    0x2c, 0x1, 0xf4, 0x76, 0x4c, 0x42, 0xba, 0xd0,
    0xa4, 0x3, 0x4b, 0x0, 0x7e, 0x36, 0x77, 0x28,
    0x80, 0x4d, 0x20, 0x1a, 0x58, 0x3, 0xff, 0x8a,
    0xd2, 0x1, 0xa4, 0x3, 0xff, 0x8c, 0xd2, 0x1,
    0x38, 0x7, 0xff, 0x1d, 0xa4, 0x1e, 0x0,

    /* U+F010 "" */
    0x0, 0xe1, 0x6b, 0xef, 0xed, 0x93, 0x0, 0xff,
    0xe1, 0x3f, 0xca, 0x8, 0x9, 0x36, 0x59, 0x0,
    0x7f, 0xd5, 0x2, 0x1, 0xf9, 0x31, 0x0, 0x3f,
    0xa9, 0x40, 0x23, 0x79, 0x85, 0x0, 0x86, 0xcc,
    0x3, 0xe7, 0x50, 0x0, 0xde, 0x43, 0x3d, 0x72,
    0x80, 0x5a, 0x1, 0xe1, 0x80, 0x0, 0xe2, 0x0,
    0x70, 0xd3, 0x80, 0x6, 0x0, 0x39, 0xc0, 0x2a,
    0x20, 0xf, 0xd0, 0x60, 0x6, 0x0, 0xed, 0x0,
    0x1a, 0x0, 0x7f, 0xa0, 0x0, 0x26, 0x1, 0x94,
    0x0, 0x80, 0xb3, 0x3f, 0x40, 0xa0, 0x4, 0xa0,
    0x18, 0x40, 0x1c, 0x12, 0xcd, 0xf3, 0x90, 0x8,
    0x0, 0x40, 0x30, 0x80, 0x4, 0x1c, 0x3, 0xf0,
    0x80, 0x80, 0x7c, 0x60, 0xd, 0xb, 0xff, 0xfc,
    0x44, 0x0, 0x88, 0x3, 0x20, 0x1, 0x44, 0x3,
    0xfd, 0x40, 0x12, 0x0, 0x6d, 0x0, 0xac, 0x3,
    0xf8, 0x9c, 0x0, 0x82, 0x1, 0x91, 0x0, 0x5,
    0x80, 0xf, 0x8b, 0x0, 0x2f, 0x0, 0xf4, 0x80,
    0x4f, 0x88, 0x1, 0x14, 0x68, 0x80, 0xd, 0x80,
    0x3c, 0x56, 0x1, 0x1d, 0xff, 0x7e, 0xb8, 0x6,
    0x3d, 0x60, 0xf, 0x26, 0x8, 0x6, 0x10, 0xe,
    0x30, 0xa, 0x58, 0x3, 0xc7, 0xce, 0x20, 0x1e,
    0x4b, 0xe0, 0xd, 0x2c, 0x1, 0xf4, 0x76, 0x4c,
    0x42, 0xba, 0xd0, 0xa4, 0x3, 0x4b, 0x0, 0x7e,
    0x36, 0x77, 0x28, 0x80, 0x4d, 0x20, 0x1a, 0x58,
    0x3, 0xff, 0x8a, 0xd2, 0x1, 0xa4, 0x3, 0xff,
    0x8c, 0xd2, 0x1, 0x38, 0x7, 0xff, 0x1d, 0xa4,
    0x1e, 0x0,

    /* U+F011 "" */
    0x0, 0xff, 0x57, 0xfa, 0x0, 0x3f, 0xf9, 0x8,
    0x0, 0x50, 0xf, 0xfe, 0x1c, 0x30, 0x7, 0xf9,
    0xdc, 0x1, 0xf8, 0x71, 0xe4, 0xc0, 0x3f, 0x2c,
    0x42, 0xc0, 0x3e, 0xd3, 0x0, 0x40, 0x7, 0xe9,
    0x0, 0x25, 0x80, 0x74, 0x98, 0x5, 0xa0, 0x1f,
    0xac, 0x2, 0x47, 0x0, 0x8d, 0x80, 0x29, 0x60,
    0xf, 0xce, 0xe0, 0xa, 0x8, 0x1, 0x20, 0x13,
    0x30, 0x3, 0xfd, 0x8, 0x1, 0x58, 0xa, 0x80,
    0x6, 0x40, 0x3f, 0xf8, 0x14, 0x1, 0x30, 0x20,
    0x4, 0xe0, 0x1f, 0xfc, 0x11, 0x50, 0x8, 0xf4,
    0x2, 0xd0, 0xf, 0xfe, 0x16, 0x0, 0x4a, 0x20,
    0x13, 0x0, 0x7f, 0xf0, 0x88, 0x2, 0xe0, 0xf,
    0xfe, 0x8, 0x80, 0x7f, 0x78, 0x80, 0x4c, 0x1,
    0xdb, 0x10, 0xe0, 0xe, 0x20, 0x8, 0x74, 0x2,
    0xc0, 0xe, 0x37, 0x71, 0x0, 0x76, 0x0, 0x44,
    0x80, 0x13, 0x0, 0x7f, 0xf0, 0x45, 0x40, 0x24,
    0x14, 0x0, 0xc, 0x0, 0x7f, 0xf0, 0x2c, 0x2,
    0x50, 0x4, 0x0, 0x4e, 0xc0, 0x1f, 0xe7, 0x50,
    0xa, 0x0, 0x6, 0xa0, 0x14, 0xc0, 0x7, 0xc3,
    0x30, 0x1, 0x39, 0x0, 0x54, 0x40, 0x13, 0xf4,
    0x21, 0x11, 0x27, 0xd8, 0x2, 0x48, 0x0, 0xec,
    0x20, 0x8, 0x5e, 0xf7, 0x56, 0xc2, 0x1, 0x25,
    0x0, 0x78, 0x75, 0x40, 0x3f, 0xf8, 0xd, 0x62,
    0x1, 0xfa, 0xb1, 0x0, 0x3f, 0x26, 0x48, 0x7,
    0xfc, 0x77, 0xd4, 0xec, 0xc8, 0xae, 0xb3, 0x0,
    0xf0,

    /* U+F013 "" */
    0x0, 0xfe, 0x48, 0x99, 0x42, 0x0, 0x7f, 0xf1,
    0xad, 0xd9, 0x8f, 0x60, 0x1f, 0xfd, 0xd4, 0x0,
    0xf2, 0x0, 0x7f, 0xd9, 0x83, 0x2c, 0xb0, 0xf,
    0x5e, 0x11, 0xe6, 0x0, 0x3a, 0xc, 0xd9, 0xa6,
    0x1, 0xf8, 0xf7, 0xc, 0xd0, 0x1, 0x1b, 0x80,
    0x7f, 0xf1, 0x9c, 0xc0, 0x12, 0x1, 0xff, 0xc8,
    0x90, 0x2, 0x80, 0x7e, 0x6b, 0xb3, 0x0, 0x7e,
    0x50, 0x4, 0x88, 0x7, 0xae, 0x51, 0x13, 0x60,
    0x1e, 0x19, 0x0, 0x37, 0x88, 0x6, 0x64, 0x0,
    0xc8, 0xc0, 0x18, 0x7d, 0x80, 0x21, 0x10, 0x6,
    0xd0, 0xf, 0x68, 0x6, 0x11, 0x0, 0x7f, 0xf4,
    0x4, 0x40, 0x1b, 0x40, 0x3d, 0xa0, 0x18, 0x44,
    0x1, 0x37, 0x88, 0x6, 0x64, 0x0, 0xc8, 0xc0,
    0x18, 0x7d, 0x80, 0x12, 0x20, 0x1e, 0xb9, 0x44,
    0x4d, 0x80, 0x78, 0x64, 0x0, 0xa0, 0x1f, 0x9a,
    0xec, 0xc0, 0x1f, 0x94, 0x1, 0x20, 0x1f, 0xfc,
    0x89, 0x0, 0x1b, 0x80, 0x7f, 0xf1, 0x9c, 0xc0,
    0x28, 0x33, 0x66, 0x98, 0x7, 0xe3, 0xdc, 0x33,
    0x40, 0x7, 0x66, 0xc, 0xb2, 0xc0, 0x3d, 0x78,
    0x47, 0x98, 0x0, 0xff, 0x90, 0x3, 0xc8, 0x1,
    0xff, 0xdd, 0xb7, 0x66, 0x3d, 0x80, 0x7f, 0x0,

    /* U+F015 "" */
    0x0, 0xff, 0xe0, 0x9, 0x88, 0x6, 0x24, 0x41,
    0x0, 0x7f, 0xf0, 0xd7, 0xb3, 0xd0, 0x2, 0xfb,
    0xb7, 0x80, 0x7f, 0xf0, 0x9e, 0x80, 0x3, 0x6e,
    0x0, 0x30, 0x1, 0x80, 0x7f, 0xf0, 0x6a, 0x0,
    0x3a, 0x28, 0x3, 0xff, 0x88, 0x38, 0xa0, 0x4,
    0xc4, 0x0, 0x2e, 0x0, 0x7f, 0xf0, 0x8f, 0xcc,
    0x0, 0xd6, 0x76, 0xc0, 0x3, 0x10, 0xf, 0xfe,
    0x3, 0x60, 0x80, 0x26, 0x4b, 0xab, 0x32, 0x0,
    0xff, 0xe1, 0x44, 0x80, 0x7, 0x1a, 0x28, 0xaa,
    0x1b, 0x4, 0x3, 0xfc, 0x36, 0xe0, 0x2, 0xc3,
    0xa7, 0x0, 0x9e, 0x8f, 0x8, 0x0, 0x36, 0x1,
    0x8b, 0x10, 0x0, 0x9a, 0x78, 0xa0, 0x1c, 0xb8,
    0x7a, 0x80, 0x4, 0xd2, 0x4, 0xd2, 0x0, 0x3d,
    0x9f, 0x98, 0x7, 0xc7, 0xe7, 0x6e, 0x0, 0x2c,
    0x4a, 0x0, 0xaa, 0x17, 0x4, 0x3, 0xf8, 0x71,
    0x62, 0x80, 0x3, 0x54, 0x1, 0xc5, 0x8a, 0x0,
    0xff, 0xe0, 0xd4, 0x2e, 0x8, 0x52, 0x5f, 0x9b,
    0xb8, 0x3, 0xff, 0x86, 0xee, 0x3f, 0xb4, 0x4,
    0x10, 0xf0, 0xf, 0xfe, 0x2f, 0x80, 0xa0, 0x7,
    0xff, 0x0, 0x51, 0x21, 0x0, 0xff, 0xe5, 0x55,
    0xdd, 0x40, 0x1f, 0xff, 0xf0, 0xf, 0xfe, 0x4f,
    0x80, 0x79, 0xc0, 0x27, 0x0, 0xf7, 0x80, 0x7e,
    0x44, 0xf2, 0x90, 0x4, 0x4a, 0x89, 0xe0, 0xc,

    /* U+F019 "" */
    0x0, 0xfe, 0x9d, 0xdd, 0x20, 0x1f, 0xfc, 0x66,
    0x22, 0xcc, 0x1, 0xff, 0xff, 0x0, 0xff, 0xff,
    0x80, 0x7f, 0xf4, 0xeb, 0x77, 0x0, 0x7b, 0x77,
    0x50, 0x7, 0xe7, 0x22, 0xc0, 0x1e, 0x22, 0xce,
    0x1, 0xfb, 0x8, 0x3, 0xff, 0x80, 0x58, 0x1,
    0xf8, 0x70, 0x80, 0x3f, 0xc5, 0x82, 0x1, 0xfc,
    0x38, 0x40, 0x1f, 0x8b, 0x4, 0x3, 0xfe, 0x1c,
    0x20, 0xf, 0x16, 0x8, 0x7, 0xff, 0x4, 0x70,
    0x80, 0x31, 0x60, 0x80, 0x7c, 0x4a, 0xbf, 0x6,
    0x10, 0x0, 0xb0, 0x15, 0x7e, 0x2c, 0xaa, 0xfb,
    0x3, 0x8, 0x98, 0x19, 0x55, 0xf6, 0x8, 0x7,
    0xc5, 0x81, 0xba, 0xc, 0x20, 0xf, 0x84, 0x3,
    0xf8, 0xba, 0x65, 0xc4, 0x1, 0xff, 0xc8, 0x66,
    0x0, 0x7f, 0xf3, 0xe3, 0x86, 0x38, 0x40, 0x3f,
    0xf8, 0xd8, 0xe3, 0x8e, 0x20, 0x4, 0x0, 0xff,
    0xe1, 0xa4, 0x82, 0x48, 0x1, 0x0,

    /* U+F01C "" */
    0x0, 0xe3, 0xcf, 0xff, 0xfe, 0xe, 0x98, 0x7,
    0xf0, 0xe9, 0x80, 0x7f, 0xf0, 0x4b, 0x44, 0x3,
    0xf5, 0x88, 0x7, 0xff, 0xc, 0x6c, 0x3, 0xe5,
    0x50, 0x2, 0xff, 0xff, 0xeb, 0x0, 0x2a, 0x80,
    0x38, 0x6c, 0x0, 0xc8, 0x1, 0xff, 0x23, 0x0,
    0x2c, 0x40, 0x35, 0x88, 0xc, 0x80, 0x7f, 0xf0,
    0x64, 0x40, 0x6c, 0x2, 0x55, 0x0, 0x28, 0x3,
    0xff, 0x87, 0x40, 0x5, 0x50, 0xd, 0x80, 0x19,
    0x0, 0x3f, 0xf8, 0x68, 0xc0, 0xb, 0x1b, 0x10,
    0x19, 0x0, 0xff, 0xe2, 0xc8, 0x80, 0xda, 0x80,
    0x7, 0xff, 0xa4, 0x3, 0xea, 0xff, 0xe1, 0x0,
    0x28, 0x7, 0xf3, 0x10, 0x7, 0x12, 0x80, 0x7f,
    0xf1, 0xec, 0x3, 0xa0, 0x3, 0xff, 0x90, 0xdf,
    0xfc, 0xa0, 0x1f, 0xff, 0xf0, 0xf, 0xfe, 0x21,
    0x0, 0x7f, 0xf3, 0x4b, 0x88, 0x3, 0xff, 0x96,
    0x5c,

    /* U+F021 "" */
    0x0, 0xff, 0xe4, 0x99, 0x88, 0x3, 0xf8, 0xd9,
    0xdc, 0xa4, 0x1, 0xc9, 0x98, 0xd0, 0xf, 0x14,
    0xfe, 0x4c, 0x42, 0xb7, 0x4e, 0x1, 0xff, 0xc0,
    0x8d, 0x60, 0xf, 0x8a, 0x39, 0x81, 0xc0, 0x3c,
    0x38, 0xe0, 0x1c, 0x22, 0x0, 0xc3, 0x36, 0x1,
    0xf6, 0x18, 0x4, 0x97, 0xfd, 0xcf, 0xa4, 0x0,
    0x93, 0x80, 0x3a, 0x88, 0x0, 0x37, 0x64, 0x0,
    0xcb, 0x76, 0x20, 0x1, 0x0, 0x64, 0x50, 0x1,
    0x7a, 0x0, 0x7e, 0x4d, 0x30, 0xf, 0x40, 0x5,
    0xe2, 0x1, 0xe6, 0xff, 0x77, 0x8, 0x3, 0x84,
    0xc0, 0xe, 0x40, 0x1f, 0x70, 0x0, 0x46, 0x0,
    0xe4, 0x0, 0xa4, 0x3, 0xf7, 0x80, 0x7f, 0x96,
    0xed, 0x82, 0x1, 0xf9, 0xae, 0xff, 0xb0, 0x11,
    0x6, 0x1, 0xfc, 0x28, 0x9f, 0xc6, 0x1, 0xff,
    0xcc, 0x34, 0x4f, 0xe0, 0xf, 0xf1, 0xa2, 0x3,
    0x2e, 0xff, 0x9c, 0x3, 0xf0, 0xe5, 0xd9, 0x40,
    0x3f, 0xde, 0x1, 0xfa, 0x40, 0x24, 0x0, 0xe2,
    0x11, 0x0, 0x38, 0x3, 0xe2, 0x70, 0x2, 0x8,
    0x7, 0x37, 0x73, 0xfc, 0xc0, 0x1e, 0x1f, 0x0,
    0xbc, 0x3, 0xc9, 0xa6, 0x1, 0xf9, 0x3c, 0x80,
    0xa, 0x80, 0x18, 0x40, 0x5, 0x96, 0xa0, 0x19,
    0x2e, 0xc2, 0x0, 0x2a, 0x0, 0xed, 0x40, 0x9,
    0x2b, 0xfb, 0x9f, 0x68, 0x1, 0x1e, 0x0, 0x7d,
    0x72, 0x1, 0xc2, 0x20, 0xe, 0x7c, 0x10, 0xf,
    0x38, 0x37, 0x41, 0x0, 0x7c, 0xbb, 0x0, 0x1f,
    0xf0, 0xbe, 0xea, 0x62, 0x13, 0x9f, 0x44, 0x1,
    0xed, 0xcc, 0x20, 0x7, 0x13, 0x3b, 0x98, 0xc0,
    0x3f, 0x80,

    /* U+F026 "" */
    0x0, 0xfe, 0x1a, 0x70, 0xf, 0xc3, 0xab, 0x0,
    0x1f, 0xe, 0x98, 0x7, 0xe1, 0xd3, 0x0, 0x85,
    0x13, 0xb4, 0xc0, 0x37, 0xdd, 0xf1, 0x80, 0x70,
    0x80, 0x7f, 0xff, 0xc0, 0x3f, 0x42, 0x27, 0x0,
    0x79, 0xee, 0xfa, 0x80, 0x3f, 0xe5, 0xa0, 0xf,
    0xf9, 0x68, 0x3, 0xfe, 0x5a, 0x2, 0x0, 0xfe,
    0x5e, 0xd0,

    /* U+F027 "" */
    0x0, 0xff, 0x4b, 0x0, 0x7f, 0xf0, 0xf1, 0xa4,
    0x3, 0xff, 0x85, 0x86, 0x1, 0xff, 0xc3, 0xc3,
    0x0, 0xfe, 0x13, 0x3e, 0xc3, 0x0, 0xff, 0x66,
    0x78, 0xc0, 0x3e, 0x4a, 0x20, 0x20, 0xf, 0xfe,
    0xc, 0x2e, 0x8, 0x7, 0xff, 0xb, 0xc4, 0x56,
    0x1, 0xff, 0xc2, 0x38, 0x4, 0x0, 0xff, 0xe1,
    0x98, 0x7, 0xff, 0x10, 0xac, 0x10, 0x3, 0xff,
    0x85, 0xc2, 0x10, 0x1, 0xff, 0xc2, 0x94, 0xc2,
    0x83, 0x3e, 0x0, 0xfc, 0xb6, 0x60, 0xf9, 0x9d,
    0x40, 0x1f, 0xfc, 0x55, 0xa0, 0xf, 0xfe, 0x2a,
    0xd0, 0x7, 0xff, 0x15, 0x68, 0x8, 0x3, 0xff,
    0x86, 0xbb, 0x80, 0x1e,

    /* U+F028 "" */
    0x0, 0xff, 0xe4, 0x18, 0x7, 0xff, 0x36, 0xb2,
    0xc4, 0x3, 0xff, 0x97, 0xa0, 0x98, 0x20, 0x1f,
    0xfc, 0x1, 0xa7, 0x0, 0xf9, 0xe4, 0xb, 0x0,
    0x3f, 0xe1, 0xd5, 0x80, 0xe, 0x63, 0x6, 0xa0,
    0x2a, 0x0, 0xfe, 0x1d, 0x30, 0xf, 0x1c, 0xe3,
    0x82, 0xb8, 0x2a, 0x0, 0x7c, 0x3a, 0x60, 0x1f,
    0x19, 0x82, 0x1c, 0x20, 0xc2, 0x0, 0x51, 0x3b,
    0x4c, 0x3, 0xfb, 0x14, 0x20, 0xc2, 0x0, 0xcd,
    0xf7, 0x7c, 0x60, 0x1f, 0x2d, 0x10, 0x51, 0x84,
    0x2, 0x10, 0x58, 0x80, 0x7f, 0xf0, 0x65, 0x70,
    0x82, 0x1, 0x4, 0x14, 0xc, 0x3, 0xff, 0x85,
    0xc2, 0x28, 0x4, 0x0, 0x20, 0x68, 0x28, 0x7,
    0xff, 0x8, 0xa0, 0x10, 0x0, 0x60, 0x40, 0x20,
    0x20, 0x1f, 0xfd, 0xd2, 0x80, 0x40, 0x1, 0x81,
    0x1, 0x0, 0x80, 0x7f, 0xf0, 0xb8, 0x45, 0x0,
    0x80, 0x4, 0xf, 0x5, 0x0, 0xff, 0xe1, 0x42,
    0xe1, 0x4, 0x2, 0x8, 0x20, 0x1c, 0x22, 0x70,
    0x7, 0xe4, 0xa2, 0xa, 0x30, 0x80, 0x42, 0xb,
    0x7b, 0xbe, 0xa0, 0xf, 0xf6, 0x28, 0x41, 0x84,
    0x1, 0x98, 0x3, 0xcb, 0x40, 0x1f, 0x8c, 0xc1,
    0xe, 0xc, 0x61, 0x0, 0x1f, 0x96, 0x80, 0x3e,
    0x3a, 0xc7, 0x4, 0x90, 0x54, 0x0, 0xfe, 0x5a,
    0x2, 0x0, 0xe5, 0x30, 0x6b, 0x2, 0xa0, 0xf,
    0xf9, 0x7b, 0x40, 0x3e, 0x79, 0x2, 0xc0, 0xf,
    0xfe, 0x8, 0x80, 0x7e, 0xe0, 0x4c, 0x10, 0xf,
    0xfe, 0x54, 0xe5, 0x88, 0x6,

    /* U+F029 "" */
    0x44, 0xfe, 0x0, 0x91, 0x3f, 0xae, 0xff, 0x80,
    0x2b, 0xbf, 0xe0, 0xf, 0xfe, 0x62, 0x24, 0x1,
    0xfc, 0x89, 0x0, 0x7a, 0xee, 0x0, 0xfe, 0xbb,
    0x80, 0x3f, 0xf9, 0xe8, 0x90, 0x7, 0xf2, 0x24,
    0x1, 0xeb, 0xb8, 0x3, 0xfa, 0xee, 0x0, 0xff,
    0xe6, 0x22, 0x7f, 0x0, 0x48, 0x9f, 0xd7, 0x7f,
    0xc0, 0x15, 0xdf, 0xf0, 0x7, 0xff, 0x26, 0x23,
    0xf8, 0x2, 0x88, 0xc8, 0x0, 0x48, 0x77, 0xfe,
    0x0, 0x9d, 0xf6, 0x0, 0x31, 0xc0, 0x3f, 0xf8,
    0x8f, 0xfe, 0x70, 0xc, 0xef, 0x0, 0x7f, 0xf1,
    0xa2, 0x20, 0xf, 0xfe, 0x97, 0xb8, 0x7, 0xc8,
    0x90, 0x7, 0xfb, 0x51, 0x30, 0x5, 0x77, 0x0,
    0x7f, 0x96, 0xef, 0x0, 0x7f, 0xf1, 0x1b, 0x1,
    0xb1, 0x13, 0xf8, 0x2, 0x44, 0x80, 0xdc, 0xd,
    0xc0,

    /* U+F030 "" */
    0x0, 0xfc, 0x8c, 0xde, 0x40, 0xf, 0xfe, 0x1d,
    0x5c, 0xcf, 0xae, 0xc0, 0x1f, 0xfc, 0x13, 0x50,
    0xf, 0xc8, 0x60, 0x1f, 0x1b, 0x36, 0x80, 0xf,
    0xf4, 0x33, 0x63, 0x8, 0xc9, 0x9c, 0x80, 0x1f,
    0xe4, 0x99, 0xd9, 0xe, 0x1, 0xff, 0xca, 0x60,
    0xf, 0xfe, 0x58, 0x80, 0x7f, 0x3e, 0xff, 0xb5,
    0xc0, 0x3f, 0xf8, 0x83, 0x90, 0x6a, 0xa3, 0x8c,
    0x10, 0xf, 0xfe, 0x15, 0x1c, 0x75, 0x53, 0xa0,
    0xe8, 0x3, 0xff, 0x82, 0x68, 0xee, 0x0, 0xce,
    0xc8, 0x60, 0x1f, 0xfc, 0xb, 0x9, 0x0, 0xf4,
    0x5, 0x80, 0x7f, 0xf0, 0x4, 0x60, 0xf, 0x8,
    0xc0, 0x1f, 0xfc, 0x1, 0x10, 0x7, 0xe1, 0x10,
    0x7, 0xff, 0x2, 0xc1, 0x0, 0x3c, 0x81, 0x60,
    0x1f, 0xfc, 0x3, 0x4a, 0x10, 0xc, 0x34, 0x86,
    0x1, 0xff, 0xc1, 0xa2, 0xf7, 0x33, 0x3f, 0x95,
    0x0, 0x7f, 0xf0, 0x87, 0x26, 0xb3, 0x15, 0x38,
    0x20, 0x1f, 0xfc, 0x47, 0xdf, 0xf6, 0xb8, 0x7,
    0xff, 0x50, 0x5c, 0x3, 0xff, 0x94, 0xd1, 0x73,
    0x3f, 0xfc, 0x8b, 0x80,

    /* U+F03E "" */
    0x3d, 0xff, 0xff, 0xe4, 0x69, 0xf1, 0x0, 0x7f,
    0xf2, 0xb, 0x88, 0x2, 0x35, 0x10, 0xf, 0xfe,
    0x21, 0x0, 0x53, 0x95, 0xe4, 0x1, 0xff, 0xc6,
    0x36, 0x0, 0xc, 0x80, 0x7f, 0xf1, 0x98, 0x3,
    0x30, 0x7, 0xe6, 0x0, 0xfe, 0x41, 0x0, 0xa8,
    0x3, 0xeb, 0x9b, 0x0, 0xfc, 0x3a, 0x85, 0xe,
    0x1, 0xeb, 0x40, 0x4b, 0x0, 0xfc, 0x77, 0xae,
    0x1, 0xeb, 0x40, 0x9, 0x2c, 0x3, 0xfd, 0x28,
    0x1, 0xad, 0x0, 0x39, 0x2c, 0x3, 0xf5, 0xb5,
    0xa0, 0x2, 0xd0, 0x3, 0xe4, 0x0, 0xfa, 0xd0,
    0x1, 0x69, 0x68, 0x1, 0xff, 0xc3, 0xb4, 0x0,
    0xd6, 0x80, 0x1f, 0xfc, 0x44, 0x0, 0xff, 0xf1,
    0xff, 0xff, 0xf1, 0x80, 0x22, 0x0, 0xff, 0xe5,
    0x17, 0x10, 0x7, 0xff, 0x20, 0xb8,

    /* U+F043 "" */
    0x0, 0xfb, 0x38, 0xc0, 0x3f, 0xf8, 0x2a, 0x63,
    0x20, 0x1f, 0xfc, 0x1e, 0x0, 0x28, 0x7, 0xff,
    0x0, 0x90, 0x2, 0x60, 0xf, 0xfa, 0xc0, 0x35,
    0x80, 0x7f, 0x85, 0x80, 0x31, 0x28, 0x7, 0xf5,
    0x80, 0x7a, 0xc0, 0x3f, 0x22, 0x80, 0x78, 0x60,
    0x3, 0xc3, 0x40, 0x1f, 0x9d, 0x0, 0x3a, 0xc4,
    0x3, 0xfa, 0x80, 0x32, 0xa8, 0x3, 0xfc, 0x32,
    0x1, 0x40, 0x7, 0xff, 0x1, 0x88, 0x14, 0x80,
    0x3f, 0xf8, 0x36, 0x1e, 0x1, 0xff, 0xc2, 0x70,
    0x40, 0xf, 0xfe, 0x10, 0x90, 0x80, 0x34, 0x80,
    0x3f, 0xe6, 0x10, 0x1, 0xb8, 0x7, 0xfc, 0xe4,
    0x0, 0x5e, 0x0, 0xff, 0x89, 0x0, 0x10, 0x90,
    0x1, 0xfc, 0x63, 0x20, 0x3, 0x97, 0xd8, 0x30,
    0xf, 0x48, 0xc, 0x0, 0x1a, 0xd9, 0xe8, 0x3,
    0x91, 0x40, 0xe, 0xa0, 0x4, 0xbf, 0x90, 0xc,
    0x54, 0x1, 0xa9, 0xc0, 0x3f, 0x26, 0x88, 0x7,
    0x46, 0xb9, 0x0, 0x9, 0x6e, 0xc0, 0x18,

    /* U+F048 "" */
    0x34, 0x40, 0x7, 0xf9, 0x3, 0x2e, 0xca, 0x1,
    0xf0, 0xed, 0xd8, 0x2, 0x30, 0xf, 0x16, 0x10,
    0x20, 0x7, 0xf1, 0x61, 0x0, 0x7f, 0xc7, 0xa2,
    0x1, 0xff, 0x26, 0x0, 0x7f, 0xf0, 0x16, 0xc0,
    0x3f, 0xf8, 0xd, 0x40, 0x1f, 0xfc, 0x8, 0x90,
    0xf, 0xfe, 0x5, 0xb8, 0x7, 0xff, 0x4, 0x80,
    0x3f, 0xfc, 0xe, 0x20, 0x1f, 0xfc, 0x1e, 0xf2,
    0x0, 0xff, 0xe0, 0x8e, 0x18, 0x7, 0xff, 0x4,
    0x71, 0x0, 0x3f, 0xf8, 0x56, 0xa0, 0x1f, 0xfc,
    0x2a, 0x60, 0xf, 0xfe, 0x14, 0xc0, 0x7, 0xff,
    0x9, 0xe4, 0x0, 0x2a, 0x88, 0x50, 0xf, 0x9a,
    0x92, 0x80,

    /* U+F04B "" */
    0x0, 0xff, 0xe4, 0x9e, 0xfc, 0x88, 0x7, 0xff,
    0x13, 0x88, 0x1b, 0xd8, 0x3, 0xff, 0x86, 0x40,
    0x10, 0xce, 0x18, 0x7, 0xff, 0x1c, 0xf2, 0x84,
    0x3, 0xff, 0x8e, 0xbc, 0xe0, 0x1f, 0xfc, 0x88,
    0xd4, 0x0, 0xff, 0xe3, 0x95, 0xd1, 0x0, 0x7f,
    0xf1, 0xd7, 0x60, 0x3, 0xff, 0x90, 0xfc, 0xa0,
    0x1f, 0xfc, 0x71, 0xab, 0x20, 0xf, 0xfe, 0x3a,
    0x6a, 0x80, 0x7f, 0xf2, 0x2c, 0x3, 0xff, 0xbb,
    0x0, 0x1f, 0xfc, 0x64, 0xd6, 0x0, 0xff, 0xe2,
    0xd, 0x59, 0x0, 0x7f, 0xf1, 0x1f, 0x94, 0x3,
    0xff, 0x88, 0x9b, 0x0, 0x1f, 0xfc, 0x42, 0xbb,
    0x10, 0x7, 0xff, 0x12, 0x35, 0x0, 0x3f, 0xf8,
    0x8b, 0xce, 0x1, 0xff, 0xc4, 0x2c, 0xa1, 0x0,
    0xff, 0x88, 0x2, 0x19, 0xd3, 0x0, 0xff, 0xe0,
    0xf1, 0x3, 0x7b, 0x0, 0x7f, 0xf0, 0xcf, 0x7e,
    0x44, 0x3, 0xff, 0x88,

    /* U+F04C "" */
    0x19, 0xcc, 0xe9, 0x10, 0x8, 0x67, 0x33, 0xa4,
    0x69, 0x8c, 0xf9, 0xa8, 0x2, 0xa6, 0x33, 0xe6,
    0xa4, 0x0, 0xf9, 0x0, 0x24, 0x0, 0xf9, 0x0,
    0x3f, 0xff, 0xe0, 0x1f, 0xff, 0xf0, 0xf, 0xff,
    0xf8, 0x7, 0xff, 0xfc, 0x3, 0xff, 0xb0, 0x20,
    0x1f, 0x8, 0x4, 0x20, 0x1f, 0xd, 0x80, 0x7d,
    0x60, 0x15, 0x80, 0x7d, 0x6b, 0xd9, 0x9d, 0xca,
    0x1, 0x2f, 0x66, 0x77, 0x28,

    /* U+F04D "" */
    0x1, 0x44, 0xff, 0xe2, 0x88, 0x37, 0x5d, 0xff,
    0xf1, 0x79, 0xa0, 0x3, 0xff, 0x8f, 0x2, 0x1,
    0xff, 0xc7, 0x10, 0xf, 0xff, 0xf8, 0x7, 0xff,
    0xfc, 0x3, 0xff, 0xfe, 0x1, 0xff, 0xff, 0x0,
    0xff, 0xec, 0x20, 0x7, 0xff, 0x1d, 0x29, 0xd1,
    0x3f, 0xf8, 0xaf, 0x40,

    /* U+F051 "" */
    0x4, 0x0, 0xff, 0x22, 0xe, 0xed, 0xa2, 0x1,
    0xf2, 0xdd, 0xb1, 0x0, 0xb0, 0x80, 0x3c, 0x60,
    0x1e, 0x2c, 0x30, 0xf, 0xfe, 0x8, 0xe2, 0x0,
    0x7f, 0xf0, 0xad, 0x40, 0x3f, 0xf8, 0x54, 0xc0,
    0x1f, 0xfc, 0x29, 0x70, 0xf, 0xfe, 0x14, 0x40,
    0x3, 0xff, 0x84, 0xf6, 0x1, 0xff, 0xc2, 0x20,
    0xf, 0xfe, 0xf9, 0x38, 0x7, 0xff, 0x0, 0xf3,
    0x80, 0x3f, 0xe3, 0xc1, 0x0, 0xff, 0x93, 0x0,
    0x3f, 0xf8, 0xb, 0x60, 0x1f, 0xfc, 0x7, 0xa0,
    0xf, 0xfe, 0x4, 0x40, 0x3, 0xf8, 0x40, 0x12,
    0xe0, 0x1f, 0xea, 0x4a, 0x60, 0xf, 0x95, 0x10,
    0xa0,

    /* U+F052 "" */
    0x0, 0xff, 0x1b, 0x98, 0x7, 0xff, 0x1d, 0x72,
    0x31, 0x40, 0x3f, 0xf8, 0xa9, 0x40, 0x15, 0x20,
    0x7, 0xff, 0xc, 0xec, 0x3, 0xac, 0xc0, 0x3f,
    0xf8, 0x25, 0x80, 0x1f, 0x69, 0x0, 0x7f, 0xc5,
    0x80, 0x1f, 0x87, 0x8, 0x3, 0xf8, 0x7c, 0x40,
    0x3f, 0x87, 0xc4, 0x3, 0xf6, 0x90, 0x7, 0xfc,
    0x5a, 0x1, 0xf6, 0x18, 0x7, 0xff, 0x4, 0xf0,
    0x3, 0xac, 0xc0, 0x3f, 0xf8, 0x67, 0x60, 0x14,
    0x20, 0x7, 0xff, 0x15, 0x20, 0x0, 0xe0, 0x1f,
    0xfc, 0x77, 0x0, 0x10, 0x7, 0xff, 0x1c, 0x80,
    0x1c, 0x40, 0x1f, 0xfc, 0x52, 0xe0, 0x1, 0xef,
    0xff, 0xff, 0x17, 0x4c, 0x2, 0x44, 0xff, 0xe3,
    0x80, 0x57, 0x7f, 0xfc, 0x90, 0x2, 0x0, 0x7f,
    0xf1, 0xd0, 0x3, 0xff, 0xc8, 0x20, 0x1f, 0xfc,
    0x71, 0x0, 0x52, 0x27, 0xff, 0x1e, 0x80,

    /* U+F053 "" */
    0x0, 0xff, 0x10, 0x7, 0xfd, 0x5b, 0x60, 0x1f,
    0xd4, 0xa0, 0x90, 0x1, 0xf5, 0x28, 0x7, 0xfa,
    0x94, 0x2, 0x58, 0x0, 0xea, 0x50, 0x9, 0x68,
    0x3, 0xa9, 0x40, 0x25, 0xa0, 0xe, 0xa5, 0x0,
    0x96, 0x80, 0x3a, 0x94, 0x2, 0x5a, 0x0, 0xea,
    0x50, 0x9, 0x68, 0x3, 0xa1, 0x40, 0x25, 0xa0,
    0xf, 0xfe, 0x3c, 0x28, 0x4, 0xb4, 0x1, 0xf5,
    0x28, 0x4, 0xb4, 0x1, 0xf5, 0x28, 0x4, 0xb4,
    0x1, 0xf5, 0x28, 0x4, 0xb4, 0x1, 0xf5, 0x28,
    0x4, 0xb4, 0x1, 0xf5, 0x28, 0x4, 0xb4, 0x1,
    0xf5, 0x28, 0x4, 0xb0, 0x1, 0xf5, 0x28, 0x7,
    0xff, 0x2, 0x94, 0x12, 0x0, 0x3f, 0xab, 0x6c,
    0x0,

    /* U+F054 "" */
    0x0, 0x10, 0x7, 0xfd, 0x7b, 0x40, 0x1f, 0xd0,
    0x80, 0xb4, 0x1, 0xff, 0xc0, 0x5a, 0x0, 0xfa,
    0x14, 0x2, 0x5a, 0x0, 0xfa, 0x94, 0x2, 0x5a,
    0x0, 0xfa, 0x94, 0x2, 0x5a, 0x0, 0xfa, 0x94,
    0x2, 0x5a, 0x0, 0xfa, 0x94, 0x2, 0x5a, 0x0,
    0xfa, 0x94, 0x2, 0x5a, 0x0, 0xfa, 0x94, 0x2,
    0x58, 0x0, 0xff, 0xe3, 0xd2, 0x80, 0x4b, 0x0,
    0x1d, 0x4a, 0x1, 0x2d, 0x0, 0x75, 0x28, 0x4,
    0xb4, 0x1, 0xd4, 0xa0, 0x12, 0xd0, 0x7, 0x52,
    0x80, 0x4b, 0x40, 0x1d, 0x4a, 0x1, 0x2d, 0x0,
    0x74, 0x28, 0x4, 0xb4, 0x1, 0xfe, 0x5a, 0x0,
    0xfa, 0x10, 0x16, 0x80, 0x3f, 0xaf, 0x68, 0x3,
    0xf8,

    /* U+F067 "" */
    0x0, 0xfe, 0x34, 0x30, 0xf, 0xfe, 0x2b, 0xe5,
    0xe3, 0x80, 0x7f, 0xf1, 0x30, 0x2, 0xc0, 0xf,
    0xfe, 0x23, 0x80, 0x4e, 0x1, 0xff, 0xff, 0x0,
    0xff, 0xed, 0x47, 0xff, 0xc6, 0x1, 0x1f, 0xff,
    0xd0, 0xe0, 0x1f, 0xfc, 0x77, 0x0, 0xff, 0xe4,
    0x90, 0x7, 0xff, 0x1c, 0xb2, 0x23, 0xe2, 0x0,
    0x8a, 0x23, 0xec, 0x17, 0x7f, 0x84, 0x2, 0x17,
    0x7f, 0x84, 0x3, 0xff, 0xfe, 0x1, 0xff, 0xda,
    0x60, 0x9, 0x80, 0x3f, 0xf8, 0x90, 0xa8, 0xb0,
    0x1, 0xf8,

    /* U+F068 "" */
    0x16, 0x77, 0xff, 0xe2, 0xb0, 0xe4, 0xc4, 0x7f,
    0xf1, 0x67, 0x8, 0x3, 0xff, 0x8e, 0x40, 0x1f,
    0xfc, 0x96, 0x0, 0xff, 0xe3, 0xbc, 0xff, 0xff,
    0xf1, 0xe0,

    /* U+F06E "" */
    0x0, 0xfc, 0x2d, 0x5b, 0xdf, 0xdb, 0x4c, 0x20,
    0x1f, 0xfc, 0x22, 0xbe, 0x95, 0x21, 0x1, 0x25,
    0x9e, 0xb2, 0x0, 0xff, 0xa7, 0x50, 0x0, 0x2d,
    0x57, 0x4c, 0x20, 0x4, 0xd9, 0x0, 0xfc, 0x5a,
    0xc0, 0x13, 0x74, 0xaa, 0x2c, 0xf3, 0x0, 0x4d,
    0xa4, 0x1, 0xc5, 0x84, 0x1, 0x44, 0x80, 0x5,
    0x8, 0x1, 0x30, 0x1, 0x16, 0x10, 0x4, 0x38,
    0x20, 0x12, 0x38, 0x4, 0xf7, 0xb8, 0x40, 0xe8,
    0x1, 0xe, 0x8, 0x2, 0x84, 0x3, 0x40, 0x6,
    0x30, 0x1, 0xe1, 0x4, 0x0, 0x61, 0xa0, 0x64,
    0x0, 0xc2, 0x60, 0x10, 0xc8, 0x4, 0x30, 0x6,
    0x20, 0x19, 0x16, 0x0, 0x38, 0x80, 0x1b, 0x9c,
    0x60, 0x19, 0x0, 0x4, 0x1, 0xd6, 0x1, 0xfc,
    0x46, 0x1, 0xe1, 0x0, 0xfe, 0xb0, 0xe, 0x20,
    0x1, 0x80, 0x7c, 0x60, 0x2, 0x0, 0xeb, 0x54,
    0x0, 0xc2, 0x61, 0x0, 0x1f, 0x48, 0x18, 0x80,
    0x64, 0x50, 0xa2, 0x0, 0xd0, 0x9, 0x0, 0x1c,
    0xea, 0x10, 0x1, 0x86, 0x80, 0x3, 0xe2, 0x1,
    0x23, 0x83, 0xe3, 0x23, 0x64, 0x3, 0xa0, 0x4,
    0x38, 0x20, 0x11, 0x61, 0x80, 0x51, 0x20, 0x73,
    0x72, 0x61, 0x30, 0x1, 0x16, 0x10, 0x7, 0x16,
    0x30, 0x4, 0xdd, 0x2a, 0x8b, 0x3c, 0xc0, 0x13,
    0x69, 0x0, 0x7e, 0x9d, 0x50, 0x0, 0xb5, 0x5d,
    0x30, 0x80, 0x13, 0x24, 0x3, 0xfe, 0x2a, 0xe9,
    0x52, 0x0, 0x9, 0x2c, 0x75, 0x98, 0x7, 0x80,

    /* U+F070 "" */
    0x5, 0xe6, 0x0, 0xff, 0xe7, 0x8d, 0xc, 0xc8,
    0x3, 0xff, 0x9c, 0x24, 0x0, 0x6c, 0x20, 0xf,
    0xfe, 0x6e, 0xa8, 0x0, 0xf1, 0x0, 0x24, 0x8c,
    0xef, 0xf7, 0x5b, 0x90, 0x7, 0xff, 0x2, 0xa4,
    0x0, 0x37, 0x10, 0xeb, 0x73, 0x10, 0x0, 0xa4,
    0x6e, 0x20, 0x7, 0xfc, 0xd8, 0x20, 0x7, 0x70,
    0x80, 0x12, 0x6e, 0xa0, 0x80, 0x7, 0x76, 0x10,
    0xf, 0xf1, 0xfa, 0x0, 0x62, 0xdb, 0x64, 0x57,
    0xd9, 0x0, 0x93, 0xd0, 0x3, 0xfc, 0x36, 0xe0,
    0x11, 0x20, 0xb, 0xb1, 0x3, 0x58, 0x4, 0x36,
    0x80, 0x1f, 0x84, 0x1, 0x16, 0x20, 0x9, 0xa0,
    0x89, 0xd9, 0x4, 0x70, 0xd, 0x66, 0x1, 0xe6,
    0xf4, 0x0, 0x26, 0x18, 0x1, 0x70, 0x2, 0x68,
    0x8, 0x0, 0xed, 0x10, 0xc, 0x52, 0x36, 0xe0,
    0x2, 0xc6, 0x0, 0x10, 0x6, 0x70, 0x2, 0x0,
    0x61, 0x80, 0xd, 0x60, 0x14, 0x58, 0x80, 0x26,
    0x40, 0x1f, 0x18, 0x10, 0x7, 0x30, 0x80, 0x7e,
    0x4c, 0x10, 0x3, 0x61, 0x0, 0x7f, 0xf1, 0xac,
    0x3, 0x89, 0x40, 0x23, 0xc4, 0x0, 0xce, 0x4,
    0x1, 0xcc, 0x20, 0x11, 0x40, 0x7, 0x68, 0x6,
    0x1b, 0x80, 0xa, 0xe1, 0x0, 0x31, 0x48, 0x7,
    0x3a, 0x80, 0x66, 0x10, 0xe, 0x7b, 0x10, 0x3,
    0x80, 0x77, 0x80, 0x7d, 0x48, 0x1, 0xb4, 0x3,
    0xc9, 0xe6, 0x1, 0xeb, 0x20, 0xf, 0xd6, 0xa0,
    0x11, 0xe1, 0x0, 0x70, 0xe3, 0x0, 0x67, 0x40,
    0xf, 0xf5, 0x48, 0x4, 0x7b, 0x6c, 0x8a, 0x20,
    0x9, 0xa0, 0x9, 0xe0, 0x3, 0xfe, 0x6e, 0x60,
    0x9, 0x26, 0xeb, 0xcc, 0x0, 0xba, 0x40, 0x7,
    0xc1, 0x0, 0xff, 0xc, 0xfd, 0x31, 0x8, 0x5,
    0x2, 0x0, 0x2d, 0x50, 0x1, 0xfa, 0x0, 0x7f,
    0xf0, 0x16, 0x77, 0xbf, 0xdd, 0x62, 0x1, 0xaa,
    0x0, 0x3, 0x6c, 0x1, 0xff, 0xcd, 0x7c, 0x10,
    0x7, 0x0, 0x7f, 0xf3, 0x8f, 0xd0, 0xe0,

    /* U+F071 "" */
    0x0, 0xff, 0xe0, 0xe, 0x7e, 0x8, 0x7, 0xff,
    0x32, 0xcc, 0xe, 0xc0, 0x3f, 0xf9, 0x68, 0xa0,
    0x12, 0xa0, 0x7, 0xff, 0x2a, 0x40, 0x3a, 0x40,
    0x3f, 0xf9, 0x2c, 0x40, 0x1c, 0x4c, 0x1, 0xff,
    0xc7, 0x18, 0x0, 0xfa, 0x4, 0x3, 0xff, 0x8d,
    0x2, 0x1, 0xf0, 0xc0, 0x7, 0xff, 0x14, 0x98,
    0x3, 0xf9, 0x88, 0x3, 0xff, 0x89, 0x20, 0x12,
    0xdd, 0xca, 0x1, 0x48, 0x7, 0xff, 0xd, 0x10,
    0x1, 0x6a, 0x25, 0xa0, 0x12, 0x20, 0x3, 0xff,
    0x85, 0x20, 0x1b, 0xc0, 0x2f, 0x0, 0xd2, 0x1,
    0xff, 0xc1, 0x72, 0x0, 0xc2, 0x1, 0x8, 0x6,
    0x27, 0x0, 0xff, 0x86, 0x0, 0x38, 0xc0, 0x23,
    0x0, 0xe8, 0x10, 0xf, 0xf4, 0x0, 0x78, 0x40,
    0x21, 0x0, 0xf4, 0x0, 0x7f, 0x1b, 0x0, 0x79,
    0xc0, 0x27, 0x0, 0xf3, 0x18, 0x7, 0xef, 0x0,
    0xf8, 0x40, 0x21, 0x0, 0xfb, 0xc0, 0x3e, 0x53,
    0x0, 0xf8, 0xbf, 0x7c, 0x80, 0x3e, 0x35, 0x0,
    0xf5, 0x80, 0x7e, 0x2e, 0xdd, 0x10, 0x7, 0xeb,
    0x0, 0xe7, 0x10, 0xf, 0xd6, 0x20, 0x56, 0x1,
    0xf8, 0x5c, 0x2, 0x18, 0x0, 0xfe, 0xe0, 0xb,
    0x80, 0x3f, 0xa0, 0x40, 0x16, 0x1, 0xfe, 0x75,
    0x26, 0x70, 0xf, 0xf5, 0x80, 0x14, 0x3, 0xfe,
    0xad, 0x90, 0xf, 0xf9, 0x40, 0x4, 0x1, 0xff,
    0xcd, 0x20, 0x7, 0x10, 0x7, 0xff, 0x2c, 0xb8,
    0x0,

    /* U+F074 "" */
    0x0, 0xff, 0xe3, 0x34, 0x80, 0x7f, 0xf2, 0xa5,
    0xb0, 0x3, 0xff, 0x96, 0x78, 0x0, 0x9b, 0xbe,
    0x30, 0xf, 0x8e, 0xee, 0x0, 0x8f, 0x1, 0x91,
    0x3b, 0xc, 0x3, 0x8b, 0x51, 0x20, 0xc, 0x76,
    0x1, 0xf6, 0x90, 0x4, 0x38, 0x20, 0x1f, 0x94,
    0x3, 0xe1, 0xc1, 0x1, 0xc1, 0x0, 0xfc, 0x3b,
    0xff, 0xb0, 0x40, 0x23, 0xd, 0x20, 0x0, 0xef,
    0x80, 0x43, 0xa6, 0x1, 0x8f, 0x40, 0x1a, 0x54,
    0x60, 0x16, 0x90, 0x4, 0x3a, 0x60, 0x1e, 0x3a,
    0xb3, 0x95, 0x0, 0xac, 0xc0, 0x8, 0x3a, 0x60,
    0x1f, 0x95, 0x1d, 0x80, 0x29, 0x40, 0xa, 0xf8,
    0xc0, 0x3f, 0xcd, 0x0, 0x14, 0x30, 0x7, 0xff,
    0x11, 0x24, 0x2, 0x67, 0x45, 0x0, 0xaf, 0x8c,
    0x3, 0xf1, 0xd8, 0x4, 0xb2, 0x77, 0x46, 0x0,
    0x41, 0xd3, 0x0, 0xf1, 0x68, 0x4, 0x74, 0x5a,
    0x0, 0xd3, 0x0, 0x87, 0x4c, 0x3f, 0xf6, 0x88,
    0x0, 0xb4, 0xc, 0x2, 0x1c, 0xf0, 0x8, 0x74,
    0xc0, 0x3e, 0x1c, 0x10, 0x1c, 0x10, 0xf, 0xc3,
    0xa0, 0x1e, 0x1c, 0x10, 0x8, 0xb4, 0x3, 0xf9,
    0x59, 0x13, 0xb4, 0x80, 0x38, 0xf1, 0x12, 0x0,
    0xc7, 0x73, 0x77, 0xc6, 0x1, 0xf1, 0xdd, 0xc0,
    0x11, 0xe0, 0x7, 0xff, 0x24, 0xf0, 0x3, 0xff,
    0x91, 0x2d, 0x80, 0x10,

    /* U+F077 "" */
    0x0, 0xff, 0x10, 0x7, 0xff, 0x1e, 0xb6, 0x40,
    0x3f, 0xf8, 0xb4, 0xa0, 0xd2, 0x1, 0xff, 0xc3,
    0xa5, 0x0, 0x9a, 0x40, 0x3f, 0xf8, 0x34, 0xa0,
    0x1c, 0xd2, 0x1, 0xff, 0x52, 0x80, 0x44, 0x1,
    0x34, 0x80, 0x7f, 0x52, 0x80, 0x4d, 0xaa, 0x1,
    0x34, 0x80, 0x7d, 0x4a, 0x1, 0x34, 0x85, 0x28,
    0x4, 0xd2, 0x1, 0xd4, 0xa0, 0x13, 0x48, 0x5,
    0x4a, 0x1, 0x34, 0x80, 0x54, 0xa0, 0x13, 0x48,
    0x7, 0x52, 0x80, 0x4d, 0x21, 0x2a, 0x1, 0x34,
    0x80, 0x7d, 0x4a, 0x1, 0x33, 0x80, 0x66, 0x90,
    0xf, 0xea, 0x50, 0xb, 0xe5, 0x1, 0xa4, 0x3,
    0xfe, 0xa5, 0x5, 0x80, 0xbd, 0x90, 0xf, 0xfe,
    0xd, 0x6d, 0x0,

    /* U+F078 "" */
    0x0, 0x10, 0x7, 0xff, 0xc, 0x80, 0x2b, 0xd9,
    0x0, 0xff, 0xe0, 0xd6, 0xd0, 0x4a, 0x3, 0x48,
    0x7, 0xfd, 0x4a, 0xb, 0x0, 0x19, 0xa4, 0x3,
    0xfa, 0x94, 0x2, 0xf9, 0x50, 0x9, 0xa4, 0x3,
    0xea, 0x50, 0x9, 0x9c, 0x29, 0x40, 0x26, 0x90,
    0xe, 0xa5, 0x0, 0x9a, 0x40, 0x2a, 0x50, 0x9,
    0xa4, 0x2, 0xa5, 0x0, 0x9a, 0x40, 0x3a, 0x94,
    0x2, 0x69, 0xa, 0x50, 0x9, 0xa4, 0x3, 0xea,
    0x50, 0x9, 0xb5, 0x40, 0x26, 0x90, 0xf, 0xea,
    0x50, 0x8, 0x80, 0x26, 0x90, 0xf, 0xfa, 0x94,
    0x3, 0x9a, 0x40, 0x3f, 0xf8, 0x34, 0xa0, 0x13,
    0x48, 0x7, 0xff, 0xe, 0x94, 0x1a, 0x40, 0x3f,
    0xf8, 0xb5, 0xb2, 0x1, 0xfc,

    /* U+F079 "" */
    0x0, 0xe3, 0xd9, 0x0, 0xff, 0xe7, 0x9e, 0x93,
    0x50, 0x6, 0x34, 0x4f, 0xf8, 0x40, 0x3f, 0x1e,
    0x88, 0x1, 0x68, 0x0, 0xf9, 0x77, 0xff, 0x70,
    0x7, 0xc7, 0xa2, 0x1, 0x96, 0x80, 0x80, 0x3f,
    0xf8, 0x22, 0x1, 0xc7, 0x82, 0x1, 0xe5, 0xb5,
    0xa4, 0x4f, 0xe0, 0xf, 0xed, 0x0, 0x9, 0x0,
    0x10, 0x0, 0x90, 0xb7, 0x7f, 0xc2, 0x1, 0xf8,
    0xc0, 0x71, 0x80, 0x1e, 0xe0, 0xe, 0x0, 0xff,
    0xe3, 0xe4, 0x61, 0x0, 0x68, 0xaa, 0x30, 0x7,
    0xff, 0x1c, 0x5c, 0x80, 0x3c, 0xaa, 0x0, 0xff,
    0xff, 0x80, 0x7f, 0xf3, 0x6b, 0xdc, 0x3, 0x93,
    0xf0, 0x3, 0xff, 0x8e, 0x6a, 0x10, 0xc0, 0x12,
    0x58, 0x1b, 0x0, 0x7e, 0x34, 0x4f, 0xc4, 0x66,
    0x0, 0x48, 0x80, 0x28, 0x0, 0x4e, 0x1, 0xfa,
    0x2e, 0xff, 0x6a, 0xe2, 0x0, 0x7c, 0x58, 0x20,
    0x1f, 0xfc, 0x6b, 0xb, 0x40, 0xe, 0x2c, 0x10,
    0xf, 0x7a, 0x27, 0xff, 0x2, 0x0, 0x16, 0x80,
    0x11, 0x60, 0x80, 0x7c, 0x97, 0x7f, 0xfc, 0x6,
    0x0, 0xad, 0x0, 0xb0, 0x40, 0x3f, 0xf9, 0xd7,
    0x6d, 0x10, 0xc,

    /* U+F07B "" */
    0x3d, 0xff, 0xfc, 0x80, 0x1f, 0xfc, 0x1e, 0x20,
    0xf, 0xd6, 0x80, 0x1f, 0xfc, 0x2, 0x0, 0xff,
    0x5a, 0x0, 0x7f, 0xf2, 0xef, 0xff, 0xfb, 0x4c,
    0x3, 0xff, 0x94, 0x5c, 0x1, 0xff, 0xcb, 0x20,
    0xf, 0xff, 0xf8, 0x7, 0xff, 0xfc, 0x3, 0xff,
    0xfe, 0x1, 0xff, 0xc3, 0x20, 0xf, 0xfe, 0x51,
    0x71, 0x0, 0x7f, 0xf2, 0xb, 0x80,

    /* U+F093 "" */
    0x0, 0xff, 0xaa, 0x80, 0x1f, 0xfc, 0x9b, 0x55,
    0x58, 0x7, 0xff, 0x1e, 0xd0, 0x0, 0x96, 0x1,
    0xff, 0xc5, 0xb4, 0x0, 0xc9, 0x60, 0x1f, 0xfc,
    0x3b, 0x40, 0xf, 0x25, 0x80, 0x7f, 0xf0, 0x6d,
    0x0, 0x3f, 0x25, 0x80, 0x7f, 0xd6, 0x80, 0x1f,
    0xe4, 0xb0, 0xf, 0xeb, 0x40, 0xf, 0xfe, 0x2,
    0x50, 0x7, 0xe5, 0x0, 0xff, 0xe1, 0x20, 0x7,
    0xee, 0xdd, 0xc0, 0x1e, 0xdd, 0xdc, 0x1, 0xfc,
    0x45, 0x80, 0x3c, 0x45, 0x80, 0x3f, 0xff, 0xe0,
    0x1f, 0xfe, 0x62, 0x55, 0xf1, 0x0, 0x7e, 0x25,
    0x5f, 0x16, 0x55, 0x7a, 0xc0, 0xc0, 0x31, 0x85,
    0xd5, 0x7b, 0x4, 0x3, 0xcc, 0x59, 0xfd, 0xcf,
    0xc2, 0x60, 0xf, 0x8, 0x7, 0xed, 0x98, 0x99,
    0x44, 0xe8, 0x7, 0xff, 0x15, 0x9d, 0xf3, 0x0,
    0x7f, 0xf3, 0x63, 0x86, 0x38, 0x40, 0x3f, 0xf8,
    0xd8, 0xe3, 0x8e, 0x20, 0x4, 0x0, 0xff, 0xe1,
    0xa4, 0x82, 0x48, 0x1, 0x0,

    /* U+F095 "" */
    0x0, 0xff, 0xef, 0xef, 0x53, 0x18, 0x7, 0xff,
    0x1d, 0x88, 0x56, 0x73, 0xe0, 0x3, 0xff, 0x8b,
    0x60, 0x1e, 0x70, 0xf, 0xfe, 0x22, 0x10, 0x7,
    0xff, 0x2f, 0x80, 0x3e, 0x10, 0xf, 0xfe, 0x18,
    0xa8, 0x7, 0xc4, 0x1, 0xff, 0xc3, 0x50, 0xf,
    0xca, 0x1, 0xff, 0xc3, 0x46, 0x0, 0xfb, 0xc0,
    0x3f, 0xf8, 0x93, 0x20, 0xf, 0x20, 0x7, 0xff,
    0x15, 0xa4, 0x3, 0x19, 0x0, 0x7f, 0xf1, 0xb0,
    0x3, 0x50, 0x7, 0xff, 0x19, 0x14, 0x2, 0x16,
    0x0, 0xff, 0xe2, 0x8c, 0x80, 0x69, 0x0, 0xff,
    0xe3, 0x51, 0x0, 0x44, 0xe0, 0x1f, 0x85, 0x0,
    0x3e, 0xa4, 0x0, 0xdc, 0x1, 0xf1, 0xd7, 0x5d,
    0x0, 0x61, 0xb5, 0x0, 0xd0, 0x60, 0x1c, 0xb9,
    0x85, 0x0, 0x2b, 0x80, 0xf, 0x10, 0x3, 0x2b,
    0x80, 0x76, 0xd1, 0x80, 0x74, 0x35, 0x61, 0x0,
    0x64, 0xa0, 0xf, 0x18, 0x7, 0xe9, 0x50, 0xe,
    0x5b, 0x0, 0xf9, 0x0, 0x3f, 0xf8, 0x51, 0x40,
    0x1f, 0xb0, 0x3, 0xff, 0x80, 0x58, 0xe0, 0x1f,
    0xca, 0x1, 0xfe, 0x18, 0xd3, 0x0, 0xff, 0x18,
    0x7, 0xe3, 0x9e, 0x70, 0xf, 0xfe, 0xb, 0x80,
    0x4, 0xda, 0x77, 0x18, 0x3, 0xff, 0x82,

    /* U+F0C4 "" */
    0x0, 0x89, 0x8, 0x3, 0xff, 0x8a, 0x59, 0xb7,
    0xb8, 0x40, 0x1f, 0x8d, 0xdc, 0x60, 0x2, 0xc3,
    0x0, 0x8f, 0x8, 0x3, 0xd1, 0x91, 0xc, 0x90,
    0x81, 0x0, 0x18, 0x0, 0x60, 0x3, 0xa5, 0xc0,
    0x31, 0x2, 0x0, 0x2f, 0x2c, 0x0, 0x80, 0x1a,
    0x58, 0x3, 0x25, 0x80, 0x80, 0x14, 0x14, 0x0,
    0x20, 0x14, 0xb0, 0x6, 0x4b, 0x0, 0x18, 0x2,
    0x96, 0x80, 0x6, 0x0, 0x96, 0x0, 0xc9, 0x60,
    0x14, 0x80, 0x12, 0x90, 0x0, 0x6b, 0x2c, 0x1,
    0x92, 0xc0, 0x32, 0xb8, 0x7, 0xd4, 0xc0, 0x19,
    0x2c, 0x3, 0xd1, 0x8c, 0x82, 0x1, 0xf9, 0x2c,
    0x3, 0xf1, 0xcd, 0xe0, 0x80, 0x79, 0x2c, 0x3,
    0xff, 0x80, 0x48, 0x1, 0xee, 0x0, 0xff, 0x89,
    0x29, 0x40, 0x3d, 0x4a, 0x1, 0xf8, 0xb3, 0x6d,
    0x40, 0x3f, 0x52, 0x80, 0x78, 0xb0, 0xc0, 0x3c,
    0x82, 0x1, 0xa9, 0x40, 0x3a, 0x4, 0x0, 0x60,
    0x11, 0x5e, 0x8, 0x6, 0xa5, 0x0, 0xc8, 0x0,
    0xbc, 0xb0, 0x1, 0x81, 0x60, 0x80, 0x6a, 0x50,
    0x8, 0x40, 0xa, 0xa, 0x0, 0x10, 0x1, 0x60,
    0x80, 0x6a, 0x50, 0x1, 0x80, 0x29, 0x68, 0x0,
    0x60, 0x11, 0x60, 0x80, 0x6a, 0x50, 0x90, 0x2,
    0x52, 0x0, 0x24, 0x3, 0x16, 0x8, 0x6, 0x80,
    0x57, 0x0, 0xe7, 0x50, 0xe, 0x2f, 0x51, 0x12,
    0xf8, 0x2, 0x31, 0x91, 0xb2, 0x0, 0x3e, 0x1a,
    0xee, 0x51, 0x0,

    /* U+F0C5 "" */
    0x0, 0xf5, 0xff, 0xfe, 0x7, 0xa0, 0xf, 0xe4,
    0x0, 0xfe, 0xf5, 0xb0, 0xf, 0xfe, 0x42, 0x58,
    0x7, 0xff, 0x21, 0x29, 0x1e, 0x20, 0x80, 0x1f,
    0xf6, 0x3b, 0xdb, 0x70, 0xee, 0xc0, 0xf, 0xf2,
    0x22, 0x22, 0x70, 0xf, 0xfe, 0x1d, 0xff, 0xf0,
    0x7, 0xff, 0xfc, 0x3, 0xff, 0xfe, 0x1, 0xff,
    0xff, 0x0, 0xff, 0xe9, 0xa0, 0x5c, 0x3b, 0xff,
    0xd1, 0x60, 0x18, 0xe9, 0x5e, 0x23, 0xfe, 0x74,
    0x0, 0xe5, 0xef, 0xff, 0xc0, 0x1f, 0xfc, 0xf4,
    0x0, 0xff, 0xe0, 0xa0, 0x7, 0x80,

    /* U+F0C7 "" */
    0x1, 0x44, 0xff, 0xe0, 0x90, 0x7, 0x37, 0x5d,
    0xff, 0xf0, 0x76, 0x0, 0x34, 0x0, 0x7f, 0xf0,
    0xde, 0x0, 0x21, 0x0, 0x1a, 0x27, 0xf8, 0x80,
    0xf, 0x0, 0x1d, 0x97, 0x7f, 0xed, 0x0, 0x9e,
    0x0, 0x3f, 0xf9, 0xe, 0xe0, 0xf, 0xfe, 0x44,
    0x80, 0x7f, 0xf2, 0x4, 0x3, 0xff, 0x98, 0xa8,
    0x9f, 0xe5, 0x0, 0xfe, 0xab, 0xbf, 0xf5, 0x0,
    0x7f, 0xf6, 0x4, 0xc4, 0x3, 0xff, 0x8a, 0xfd,
    0x9c, 0xe0, 0x1f, 0xfc, 0x33, 0x80, 0xa, 0xc,
    0x3, 0xff, 0x84, 0x80, 0x1c, 0x80, 0x1f, 0xfc,
    0x22, 0x0, 0xe2, 0x0, 0xff, 0xe1, 0x29, 0x0,
    0x44, 0xa0, 0x1f, 0xfc, 0x3d, 0x75, 0x7d, 0x0,
    0xff, 0xe2, 0xc5, 0x40, 0x7, 0xf2, 0x0, 0x7f,
    0xf1, 0xd2, 0x9d, 0x13, 0xff, 0x8a, 0xf4,

    /* U+F0C9 "" */
    0x13, 0x3f, 0xfe, 0x38, 0xf6, 0x67, 0xff, 0x1f,
    0xc0, 0x3f, 0xf9, 0x2, 0x1, 0xff, 0xc8, 0x1e,
    0xcc, 0xff, 0xe3, 0xf8, 0x99, 0xff, 0xf1, 0xc4,
    0x3, 0xff, 0xbc, 0xae, 0xff, 0xfc, 0x75, 0xa8,
    0x8f, 0xfe, 0x3d, 0x0, 0x7f, 0xf2, 0x4c, 0x47,
    0xff, 0x8e, 0x99, 0xdd, 0xff, 0xc7, 0xb0, 0xf,
    0xfe, 0xf0, 0x99, 0xff, 0xf1, 0xc7, 0xb3, 0x3f,
    0xf8, 0xfe, 0x1, 0xff, 0xc8, 0x10, 0xf, 0xfe,
    0x40, 0xf6, 0x67, 0xff, 0x1f, 0xc0,

    /* U+F0E0 "" */
    0x3d, 0xff, 0xff, 0xe4, 0x69, 0xf1, 0x0, 0x7f,
    0xf2, 0xb, 0x88, 0x3, 0xff, 0x94, 0x42, 0x1,
    0xff, 0xca, 0x1c, 0x20, 0xf, 0xfe, 0x41, 0x61,
    0x6b, 0x0, 0x7f, 0xf1, 0x9b, 0x4b, 0x92, 0x68,
    0x3, 0xff, 0x89, 0x52, 0x9c, 0x37, 0xb, 0xa6,
    0x1, 0xff, 0xc0, 0x3d, 0x58, 0xb1, 0x0, 0x3e,
    0x6, 0x38, 0x7, 0xf9, 0xb0, 0xf1, 0xc0, 0x38,
    0xf5, 0x62, 0xc4, 0x3, 0xc3, 0x72, 0xbe, 0x60,
    0x1f, 0xaa, 0x53, 0xcc, 0x3, 0x27, 0xa4, 0xd0,
    0x80, 0x7f, 0x9b, 0x4f, 0x24, 0x89, 0x36, 0x7a,
    0xc0, 0x1f, 0xfc, 0x12, 0xd6, 0x66, 0xe9, 0x99,
    0xa4, 0x1, 0xff, 0xc4, 0x9d, 0x99, 0x6c, 0x80,
    0x7f, 0xf1, 0xc9, 0x98, 0x40, 0x1f, 0xfd, 0x62,
    0x0, 0xff, 0xe5, 0x17, 0x10, 0x7, 0xff, 0x20,
    0xb8,

    /* U+F0E7 "" */
    0x0, 0x27, 0xff, 0xe3, 0x0, 0xfb, 0x40, 0x3f,
    0x28, 0x7, 0xc4, 0x1, 0xf9, 0xc0, 0x3e, 0x60,
    0xf, 0x8c, 0x40, 0x3e, 0x20, 0xf, 0xac, 0x3,
    0xe1, 0x0, 0xfc, 0xa0, 0x1f, 0x10, 0x7, 0xc6,
    0x40, 0x1f, 0x30, 0x7, 0xe8, 0x8c, 0xe6, 0x0,
    0xd0, 0xf, 0x8d, 0xdf, 0x46, 0x0, 0x8, 0x3,
    0xff, 0x82, 0xa0, 0x6, 0x0, 0xff, 0xe0, 0xc0,
    0x0, 0x80, 0x3f, 0xf8, 0xe, 0x40, 0x1, 0x0,
    0xff, 0x86, 0x0, 0x2c, 0x87, 0x7c, 0xa0, 0x1d,
    0x60, 0x18, 0xde, 0x23, 0x10, 0x6, 0x35, 0x0,
    0xff, 0x20, 0x6, 0xf0, 0xf, 0xf8, 0xc0, 0x25,
    0x30, 0xf, 0xf1, 0x80, 0x6b, 0x0, 0xff, 0x90,
    0x2, 0x81, 0x0, 0xff, 0xb0, 0x0, 0x4e, 0x1,
    0xff, 0xc0, 0x40, 0x4, 0x80, 0x7f, 0xf0, 0xc,
    0x0, 0x88, 0x0, 0xff, 0xe0, 0x28, 0x2, 0x40,
    0x3f, 0xf8, 0x24, 0x10, 0x40, 0x1f, 0x80,

    /* U+F0EA "" */
    0x0, 0xe3, 0xdf, 0xd3, 0x0, 0xff, 0x91, 0xe2,
    0x2c, 0x21, 0x2c, 0x88, 0x9d, 0x0, 0x3d, 0x70,
    0xef, 0x3, 0x73, 0x3, 0xbd, 0x16, 0x1, 0xff,
    0xd5, 0x6e, 0x60, 0xf, 0xfe, 0x38, 0x80, 0x7f,
    0xf1, 0xc6, 0xbf, 0xfe, 0x0, 0xff, 0xe0, 0x52,
    0xbc, 0x47, 0x80, 0xcc, 0x1, 0xfc, 0x8f, 0xe,
    0xfe, 0xb, 0xc4, 0x0, 0xfe, 0xf0, 0xf, 0xf5,
    0xa0, 0x7, 0xff, 0x22, 0xd0, 0x3, 0xff, 0x91,
    0x40, 0x1f, 0xfc, 0x48, 0xff, 0xb8, 0x3, 0xff,
    0x87, 0x71, 0x1c, 0x1, 0xff, 0xc3, 0x47, 0x7e,
    0x0, 0xff, 0xff, 0x80, 0x7f, 0x5c, 0x3b, 0xe0,
    0xf, 0xfe, 0x1a, 0x3c, 0x46, 0x0, 0xff, 0xef,
    0xf8, 0x7, 0xff, 0x20, 0xc0, 0x3f, 0xf8, 0x8,

    /* U+F0F3 "" */
    0x0, 0xfe, 0x8f, 0x80, 0xf, 0xfe, 0x33, 0x83,
    0x80, 0x7f, 0xf1, 0x5, 0x40, 0x25, 0x10, 0xf,
    0xfe, 0xc, 0x75, 0x0, 0x55, 0xd0, 0x1, 0xff,
    0x63, 0x80, 0x7c, 0xf6, 0x1, 0xfd, 0x46, 0x1,
    0xfc, 0x92, 0x1, 0xf2, 0x28, 0x7, 0xfc, 0xc6,
    0x1, 0xee, 0x0, 0xff, 0xe0, 0xd0, 0x7, 0x90,
    0x3, 0xff, 0x82, 0x80, 0x1e, 0x10, 0xf, 0xfe,
    0x9, 0x0, 0x7f, 0xf3, 0x84, 0x3, 0xff, 0x86,
    0x20, 0x19, 0x40, 0x3f, 0xf8, 0x6a, 0x1, 0xb0,
    0x3, 0xff, 0x87, 0x80, 0x19, 0x40, 0x3f, 0xf8,
    0x6a, 0x1, 0x29, 0x0, 0x7f, 0xf0, 0xc9, 0x40,
    0xe8, 0x3, 0xff, 0x8b, 0x47, 0xc0, 0x1f, 0xfc,
    0x7e, 0x0, 0xff, 0xe4, 0xfc, 0x3b, 0xff, 0xf1,
    0x63, 0xc9, 0xe2, 0x3f, 0xf8, 0xae, 0x40, 0x1f,
    0x37, 0xff, 0x30, 0x7, 0xff, 0x9, 0xc0, 0x30,
    0xb8, 0x7, 0xff, 0x8, 0x70, 0xc0, 0xf4, 0x40,
    0x3e,

    /* U+F11C "" */
    0x3d, 0xff, 0xff, 0xe5, 0xe9, 0xf1, 0x0, 0x7f,
    0xf2, 0xcb, 0x88, 0x3, 0xff, 0x9a, 0x40, 0x17,
    0x7f, 0x3, 0x7f, 0x98, 0x3b, 0xf8, 0x1b, 0xfc,
    0xc1, 0xdf, 0xc0, 0x1e, 0x10, 0x10, 0x10, 0x0,
    0x80, 0x80, 0x80, 0x80, 0x4, 0x4, 0x4, 0x3,
    0xc2, 0x2, 0x2, 0x0, 0x10, 0x10, 0x10, 0x10,
    0x0, 0x80, 0x80, 0x80, 0x7b, 0xbf, 0x81, 0xbf,
    0xcc, 0x1d, 0xfc, 0xd, 0xfe, 0x60, 0xef, 0xe0,
    0xf, 0xc8, 0xee, 0x1, 0x77, 0x20, 0x23, 0xb8,
    0x5, 0xdc, 0x80, 0x1f, 0xef, 0x88, 0x19, 0x44,
    0x3c, 0x3e, 0x20, 0x65, 0x10, 0xf0, 0xf, 0xfe,
    0xcf, 0xc4, 0xc, 0xa2, 0x1e, 0x1f, 0x10, 0x32,
    0x88, 0x78, 0x7, 0xf9, 0x1d, 0xc0, 0x2e, 0xe4,
    0x4, 0x77, 0x0, 0xbb, 0x90, 0x3, 0xf7, 0x7f,
    0x3, 0x7f, 0xff, 0xcc, 0x1d, 0xfc, 0x1, 0xe1,
    0x1, 0x1, 0x0, 0xff, 0x84, 0x4, 0x4, 0x3,
    0xc2, 0x2, 0x2, 0x1, 0xff, 0x8, 0x8, 0x8,
    0x7, 0xbb, 0xf8, 0x1b, 0xff, 0xfe, 0x60, 0xef,
    0xe0, 0x8, 0x80, 0x3f, 0xf9, 0xa5, 0xc4, 0x1,
    0xff, 0xcb, 0x2e,

    /* U+F124 "" */
    0x0, 0xff, 0xf1, 0x1d, 0x7e, 0x10, 0x7, 0xff,
    0x1d, 0x2f, 0x14, 0xf, 0x80, 0x3f, 0xf8, 0xab,
    0x96, 0x80, 0x18, 0xc0, 0x3f, 0xf8, 0x6d, 0xd4,
    0x60, 0x1e, 0x50, 0xf, 0xfe, 0x0, 0xc7, 0x48,
    0x80, 0x7e, 0x90, 0xf, 0xf1, 0x4f, 0x38, 0x80,
    0x7f, 0x21, 0x80, 0x7e, 0x3a, 0xd6, 0x0, 0xff,
    0xe0, 0x78, 0x7, 0xc9, 0x98, 0x50, 0xf, 0xfe,
    0x9, 0xa0, 0x7, 0x36, 0xd9, 0x80, 0x7f, 0xf0,
    0xe4, 0x3, 0x1f, 0x49, 0x0, 0x7f, 0xf1, 0x5,
    0x40, 0x37, 0x8, 0x7, 0xff, 0x1a, 0x0, 0x38,
    0x80, 0x3f, 0xf8, 0xc2, 0xc0, 0x1c, 0xc0, 0x1f,
    0xfc, 0x66, 0x0, 0xf4, 0xd4, 0x3b, 0xfc, 0x60,
    0x1f, 0xa4, 0x3, 0xe5, 0x78, 0x8f, 0x90, 0x3,
    0xe6, 0x10, 0xf, 0xfe, 0x65, 0x80, 0x7f, 0xf3,
    0x14, 0x80, 0x3f, 0xf9, 0x92, 0x1, 0xff, 0xcc,
    0x33, 0x0, 0x7f, 0xf3, 0x20, 0x3, 0xff, 0x98,
    0x48, 0x1, 0xff, 0xc7, 0xf0, 0xd, 0x60, 0x1f,
    0xfc, 0x82, 0x0, 0x85, 0x80, 0x3f, 0xf9, 0xa,
    0xc0, 0x5a, 0x1, 0xff, 0xca, 0x9f, 0xd3, 0x0,
    0xff, 0x0,

    /* U+F15A "" */
    0x0, 0xe3, 0x30, 0x0, 0xcc, 0x1, 0xff, 0xc0,
    0x4c, 0xc0, 0x1e, 0x60, 0x40, 0x3f, 0xfc, 0x2c,
    0xef, 0x70, 0x2, 0x64, 0x0, 0x94, 0x0, 0xf5,
    0xc4, 0x4a, 0x0, 0x65, 0x0, 0x3d, 0xfc, 0x80,
    0x66, 0x10, 0xf, 0xfe, 0x3, 0x58, 0x5, 0x7d,
    0xa0, 0x1b, 0x7b, 0x68, 0xc0, 0x24, 0x40, 0x6,
    0x22, 0x0, 0x46, 0x24, 0xb8, 0x40, 0x11, 0x80,
    0x7f, 0xf0, 0x9c, 0x2, 0x10, 0xf, 0xfe, 0x8,
    0xa0, 0x4, 0x80, 0x1f, 0xc4, 0x43, 0x6c, 0x10,
    0x3, 0x90, 0x7, 0xf6, 0x6e, 0x49, 0x0, 0x7,
    0x40, 0x3f, 0xf8, 0xa3, 0x56, 0x1, 0xfd, 0xbd,
    0xb9, 0x2, 0x1, 0x23, 0x0, 0x7e, 0x31, 0x23,
    0x7c, 0x0, 0xda, 0x1, 0xff, 0xc1, 0x24, 0x0,
    0x9c, 0x3, 0xff, 0x84, 0xa0, 0x13, 0x80, 0x42,
    0x60, 0x1e, 0x14, 0xc1, 0x0, 0xb0, 0x1b, 0xb8,
    0x20, 0x17, 0xf7, 0xf5, 0x98, 0x4, 0x2e, 0x1e,
    0x20, 0x1c, 0x22, 0x0, 0xf1, 0xe0, 0x4, 0x67,
    0x10, 0x0, 0x88, 0x0, 0x35, 0x8d, 0xc2, 0x0,
    0x4e, 0x65, 0x20, 0xd, 0xe0, 0x6, 0xd3, 0x90,
    0x7, 0xff, 0x4c, 0x40, 0x3f, 0xc0,

    /* U+F15B "" */
    0xbf, 0xff, 0xe8, 0xe, 0x40, 0xc, 0x80, 0x1f,
    0xf0, 0xda, 0x0, 0x7f, 0xf1, 0x6d, 0x0, 0x3f,
    0xf8, 0xb6, 0x80, 0x1f, 0xfc, 0x5b, 0x40, 0xf,
    0xfe, 0x2d, 0x0, 0x7f, 0xf0, 0x3f, 0xfb, 0x80,
    0x3f, 0xcf, 0x11, 0xf0, 0x7, 0xfc, 0xef, 0xf0,
    0x7, 0xff, 0xfc, 0x3, 0xff, 0xfe, 0x1, 0xff,
    0xff, 0x0, 0xff, 0xe7, 0xa0, 0x7, 0xff, 0x11,
    0x0,

    /* U+F164 "" */
    0x0, 0xff, 0xe0, 0x97, 0x6b, 0x80, 0x7f, 0xf2,
    0x2c, 0x4a, 0x1c, 0x3, 0xff, 0x8e, 0xe0, 0x15,
    0x0, 0x7f, 0xf1, 0x8c, 0x40, 0x22, 0x0, 0xff,
    0xe3, 0x50, 0x6, 0x10, 0xf, 0xfe, 0x29, 0xb0,
    0x6, 0x40, 0xf, 0xfe, 0x20, 0xe8, 0x7, 0x48,
    0x7, 0xff, 0x13, 0x44, 0x3, 0x19, 0x80, 0x3f,
    0xf8, 0x70, 0x60, 0x1c, 0x37, 0x7a, 0x50, 0x3,
    0xf9, 0x1c, 0x3, 0xc4, 0x89, 0x9a, 0xd8, 0xd9,
    0xb1, 0x81, 0x50, 0x7, 0xff, 0xa, 0x36, 0x67,
    0x68, 0x28, 0x80, 0x7f, 0xf0, 0xc4, 0x3, 0x8,
    0x78, 0x7, 0xff, 0xd, 0x0, 0x3f, 0xf9, 0x70,
    0x1, 0xff, 0xcb, 0x70, 0xf, 0xfe, 0x58, 0x80,
    0x7f, 0xf2, 0x85, 0x0, 0x3f, 0xf9, 0x4a, 0x1,
    0xff, 0xe3, 0xc0, 0xb, 0x74, 0x1, 0xff, 0xc6,
    0x70, 0x8, 0xcc, 0x1, 0x61, 0x0, 0x7f, 0xf0,
    0x4, 0x3, 0x77, 0x0, 0x24, 0xdd, 0x38, 0x80,
    0x7f, 0x38, 0x1, 0x0, 0x32, 0x0, 0x45, 0x1d,
    0x6c, 0x40, 0x10, 0x9c, 0xc8, 0x0,

    /* U+F165 "" */
    0x0, 0xff, 0xe0, 0x24, 0xef, 0xfd, 0xd8, 0xe0,
    0x12, 0x3c, 0x41, 0xd0, 0x2, 0x18, 0xeb, 0x62,
    0x0, 0x84, 0xe2, 0x40, 0x17, 0xe, 0xe8, 0xb0,
    0x4d, 0xe7, 0x10, 0xf, 0xe7, 0x0, 0xfe, 0xc2,
    0x0, 0xff, 0xe0, 0x8, 0x7, 0xff, 0x31, 0xc0,
    0x3f, 0xf9, 0x78, 0x1, 0xff, 0xe3, 0x50, 0xf,
    0xfe, 0x58, 0xa0, 0x7, 0xff, 0x2c, 0x40, 0x3f,
    0xf9, 0x6e, 0x0, 0xee, 0x0, 0x7f, 0xf1, 0xec,
    0x3, 0xef, 0x0, 0xff, 0xe1, 0xb8, 0x3, 0xb8,
    0x1, 0x28, 0x80, 0x7f, 0xf0, 0xd0, 0x3, 0x20,
    0x15, 0x0, 0x7f, 0xf0, 0xa6, 0xff, 0xf5, 0x80,
    0x11, 0xc0, 0x3c, 0x46, 0x79, 0x29, 0xc0, 0x3f,
    0xa0, 0xc0, 0x39, 0xb3, 0x35, 0xa8, 0x7, 0xfd,
    0xa2, 0x1, 0x90, 0xc0, 0x3f, 0xf8, 0x83, 0xa0,
    0x1d, 0x20, 0x1f, 0xfc, 0x53, 0x60, 0xc, 0x80,
    0x1f, 0xfc, 0x6a, 0x0, 0xc2, 0x1, 0xff, 0xc6,
    0x31, 0x0, 0x88, 0x3, 0xff, 0x8e, 0xe0, 0x15,
    0x0, 0x7f, 0xf1, 0xec, 0x45, 0xe, 0x1, 0xe0,

    /* U+F1E0 "" */
    0x0, 0xff, 0xe1, 0x46, 0xfe, 0xc0, 0x7, 0xff,
    0xf, 0x1c, 0x80, 0x9f, 0x0, 0x3f, 0xf8, 0x30,
    0x60, 0x1c, 0x70, 0x1, 0xff, 0xc0, 0x50, 0xf,
    0x94, 0x3, 0xff, 0x80, 0x40, 0x1f, 0x10, 0x7,
    0xfc, 0x40, 0x1f, 0x88, 0x3, 0xfd, 0x1a, 0x1,
    0xf9, 0x40, 0x2, 0xae, 0xa0, 0x4, 0xd7, 0x0,
    0xfc, 0x70, 0xb, 0xd5, 0x15, 0xd7, 0x62, 0x0,
    0x1e, 0x41, 0x1, 0x3e, 0x1, 0xd0, 0x6, 0x14,
    0x0, 0xc, 0xe1, 0xbe, 0xfe, 0xc0, 0x2, 0x0,
    0x3f, 0x2f, 0xb0, 0x7, 0xf2, 0x0, 0x7e, 0xa1,
    0x0, 0xff, 0xe9, 0xa0, 0x7, 0xea, 0x10, 0xf,
    0xf4, 0x0, 0x7e, 0x5f, 0x60, 0xf, 0xe3, 0xa0,
    0xc, 0x28, 0x0, 0x19, 0xc3, 0x7d, 0xfd, 0x80,
    0x9, 0x7a, 0xa2, 0xba, 0xec, 0x40, 0x3, 0xc8,
    0x20, 0x27, 0xc0, 0x8, 0x55, 0xd4, 0x0, 0x9a,
    0xe0, 0x1f, 0x8e, 0x0, 0x3f, 0xd1, 0xa0, 0x1f,
    0x94, 0x3, 0xfe, 0x20, 0xf, 0xc4, 0x1, 0xff,
    0xc0, 0x20, 0xf, 0x88, 0x3, 0xff, 0x80, 0xa0,
    0x1f, 0x28, 0x7, 0xff, 0x2, 0xc, 0x3, 0x8e,
    0x0, 0x3f, 0xf8, 0x38, 0xe4, 0x4, 0xf8, 0x0,

    /* U+F1EB "" */
    0x0, 0xff, 0xee, 0x9a, 0xb3, 0xb9, 0x94, 0xc0,
    0x3f, 0xf8, 0xc4, 0xf9, 0xf9, 0x53, 0x10, 0x9a,
    0xcf, 0xc7, 0x20, 0xf, 0xfe, 0x2, 0xe6, 0xc1,
    0x80, 0x7f, 0x8e, 0x37, 0x14, 0x3, 0xf1, 0xed,
    0x18, 0x7, 0xff, 0x10, 0xeb, 0x4c, 0x3, 0xa3,
    0x8, 0x3, 0x8d, 0xa6, 0xae, 0xd5, 0x2c, 0x60,
    0x1c, 0x59, 0x0, 0x1, 0xc7, 0x0, 0xc5, 0x3d,
    0x92, 0xca, 0x88, 0x56, 0x9c, 0xe9, 0x20, 0xc,
    0xf8, 0x38, 0x60, 0x10, 0xd6, 0xb0, 0x80, 0x7f,
    0x85, 0xb6, 0x84, 0x2, 0x3c, 0x40, 0x9, 0xb9,
    0x40, 0x3f, 0xf8, 0x8b, 0xcc, 0x1, 0x24, 0xb0,
    0x4c, 0x80, 0x39, 0x23, 0x37, 0xfd, 0xb9, 0x8,
    0x1, 0xd3, 0x20, 0x69, 0x9, 0xe6, 0x0, 0xcd,
    0xd6, 0xe6, 0x40, 0x2, 0x37, 0xbe, 0x60, 0xc,
    0xdd, 0x20, 0x10, 0x80, 0x47, 0xb2, 0x20, 0x1f,
    0xe1, 0x9d, 0x30, 0x8, 0x40, 0x3e, 0x5c, 0x20,
    0xe, 0x13, 0x30, 0x80, 0x71, 0x62, 0x80, 0x7f,
    0xb4, 0x3, 0x1d, 0x77, 0x33, 0x1d, 0xca, 0x30,
    0xd, 0xa0, 0x1f, 0xe8, 0x50, 0x1b, 0xc5, 0x10,
    0xc, 0x2b, 0x96, 0x20, 0xb0, 0x1, 0xff, 0x54,
    0xfa, 0x0, 0x7f, 0x93, 0xe6, 0x80, 0x3f, 0xf8,
    0x2c, 0x20, 0x1c, 0x44, 0x0, 0xe1, 0x60, 0xf,
    0xfe, 0x38, 0xee, 0xd8, 0x20, 0x1f, 0xfc, 0xca,
    0x20, 0x1, 0xd0, 0x7, 0xff, 0x31, 0x0, 0x32,
    0x0, 0x7f, 0xf3, 0x8, 0x3, 0x10, 0x7, 0xff,
    0x32, 0x0, 0x34, 0x0, 0x7f, 0xf3, 0x16, 0xd5,
    0x56, 0xa0, 0x1f, 0xfc, 0x0,

    /* U+F240 "" */
    0x1, 0x44, 0xff, 0xe6, 0x18, 0x4, 0xdd, 0x77,
    0xff, 0xcc, 0xcd, 0x0, 0x40, 0x7, 0xff, 0x38,
    0x98, 0x4, 0x0, 0x89, 0xff, 0xca, 0x20, 0x6,
    0x8, 0x5, 0x77, 0xff, 0xca, 0x50, 0x2, 0xf8,
    0x6, 0x8f, 0xff, 0xfe, 0x38, 0x7, 0x8, 0x7,
    0xff, 0x37, 0x50, 0x3, 0xff, 0xa0, 0xb6, 0x1,
    0xff, 0xee, 0x24, 0x0, 0xff, 0xe8, 0x55, 0x80,
    0x7d, 0x1f, 0xff, 0xfc, 0x70, 0xf, 0xe4, 0x4f,
    0xfe, 0x51, 0x0, 0xa, 0x0, 0x2b, 0xbf, 0xfe,
    0x52, 0x80, 0x29, 0xd0, 0x3, 0xff, 0x9e, 0x81,
    0x4e, 0x89, 0xff, 0xcc, 0x5b, 0x30,

    /* U+F241 "" */
    0x1, 0x44, 0xff, 0xe6, 0x18, 0x4, 0xdd, 0x77,
    0xff, 0xcc, 0xcd, 0x0, 0x40, 0x7, 0xff, 0x38,
    0x98, 0x4, 0x0, 0x89, 0xff, 0xca, 0x20, 0x6,
    0x8, 0x5, 0x77, 0xff, 0xca, 0x50, 0x2, 0xf8,
    0x6, 0xbf, 0xff, 0xfe, 0x12, 0x0, 0x7f, 0x8,
    0x7, 0xff, 0x37, 0x50, 0x3, 0xff, 0xa0, 0xb6,
    0x1, 0xff, 0xee, 0x24, 0x0, 0xff, 0xe8, 0x55,
    0x80, 0x7d, 0x7f, 0xff, 0xfc, 0x24, 0x0, 0xff,
    0xe0, 0xa2, 0x7f, 0xf2, 0x88, 0x0, 0x50, 0x1,
    0x5d, 0xff, 0xf2, 0x94, 0x1, 0x4e, 0x80, 0x1f,
    0xfc, 0xf4, 0xa, 0x74, 0x4f, 0xfe, 0x62, 0xd9,
    0x80,

    /* U+F242 "" */
    0x1, 0x44, 0xff, 0xe6, 0x18, 0x4, 0xdd, 0x77,
    0xff, 0xcc, 0xcd, 0x0, 0x40, 0x7, 0xff, 0x38,
    0x98, 0x4, 0x0, 0x89, 0xff, 0xca, 0x20, 0x6,
    0x8, 0x5, 0x77, 0xff, 0xca, 0x50, 0x2, 0xf8,
    0x6, 0x8f, 0xff, 0xf0, 0x7, 0xff, 0x8, 0x40,
    0x3f, 0xf9, 0xba, 0x80, 0x1f, 0xfd, 0x5, 0xb0,
    0xf, 0xff, 0x71, 0x20, 0x7, 0xff, 0x42, 0xac,
    0x3, 0xe8, 0xff, 0xff, 0x0, 0x7f, 0xf1, 0x91,
    0x3f, 0xf9, 0x44, 0x0, 0x28, 0x0, 0xae, 0xff,
    0xf9, 0x4a, 0x0, 0xa7, 0x40, 0xf, 0xfe, 0x7a,
    0x5, 0x3a, 0x27, 0xff, 0x31, 0x6c, 0xc0,

    /* U+F243 "" */
    0x1, 0x44, 0xff, 0xe6, 0x18, 0x4, 0xdd, 0x77,
    0xff, 0xcc, 0xcd, 0x0, 0x40, 0x7, 0xff, 0x38,
    0x98, 0x4, 0x0, 0x89, 0xff, 0xca, 0x20, 0x6,
    0x8, 0x5, 0x77, 0xff, 0xca, 0x50, 0x2, 0xf8,
    0x6, 0xbf, 0xfe, 0x40, 0xf, 0xfe, 0x30, 0x80,
    0x7f, 0xf3, 0x75, 0x0, 0x3f, 0xfa, 0xb, 0x60,
    0x1f, 0xfe, 0xe2, 0x40, 0xf, 0xfe, 0x85, 0x58,
    0x7, 0xd7, 0xff, 0xc8, 0x1, 0xff, 0xca, 0x44,
    0xff, 0xe5, 0x10, 0x0, 0xa0, 0x2, 0xbb, 0xff,
    0xe5, 0x28, 0x2, 0x9d, 0x0, 0x3f, 0xf9, 0xe8,
    0x14, 0xe8, 0x9f, 0xfc, 0xc5, 0xb3, 0x0,

    /* U+F244 "" */
    0x1, 0x44, 0xff, 0xe6, 0x18, 0x4, 0xdd, 0x77,
    0xff, 0xcc, 0xcd, 0x0, 0x40, 0x7, 0xff, 0x38,
    0x98, 0x4, 0x0, 0x89, 0xff, 0xca, 0x20, 0x6,
    0x8, 0x5, 0x77, 0xff, 0xca, 0x50, 0x2, 0xf8,
    0x7, 0xff, 0x44, 0x40, 0x3f, 0xf9, 0xba, 0x80,
    0x1f, 0xfd, 0x5, 0xb0, 0xf, 0xff, 0x71, 0x20,
    0x7, 0xff, 0x42, 0xac, 0x3, 0xff, 0xb0, 0x89,
    0xff, 0xca, 0x20, 0x1, 0x40, 0x5, 0x77, 0xff,
    0xca, 0x50, 0x5, 0x3a, 0x0, 0x7f, 0xf3, 0xd0,
    0x29, 0xd1, 0x3f, 0xf9, 0x8b, 0x66, 0x0,

    /* U+F287 "" */
    0x0, 0xff, 0xe2, 0x88, 0x7, 0xff, 0x40, 0xb7,
    0xb8, 0x60, 0x1f, 0xfc, 0xb2, 0x77, 0x79, 0x0,
    0xf0, 0x7, 0xff, 0x29, 0x36, 0x20, 0x40, 0x11,
    0x0, 0x7f, 0xf2, 0xa8, 0x2b, 0x14, 0x2, 0x40,
    0xf, 0xfe, 0x4b, 0x8c, 0xa9, 0xd3, 0x12, 0xd8,
    0x7, 0xff, 0x8, 0x80, 0x3d, 0x24, 0xc0, 0x14,
    0xed, 0x0, 0x7f, 0xf0, 0x67, 0xf7, 0x94, 0x2,
    0x61, 0xb0, 0xf, 0xfe, 0xd, 0x20, 0x6, 0x86,
    0x0, 0xd, 0x18, 0xc, 0xb, 0x0, 0x7f, 0xf0,
    0x56, 0xe8, 0x40, 0xc, 0x1, 0xdd, 0x7e, 0x21,
    0x77, 0xff, 0xc2, 0x0, 0x2f, 0x30, 0x7, 0xc4,
    0x82, 0x2, 0x89, 0xff, 0xc2, 0x0, 0xda, 0x8,
    0x1, 0xd5, 0xff, 0xb8, 0xc3, 0x3f, 0xff, 0xc0,
    0x2, 0xbb, 0x5, 0x98, 0x4, 0xca, 0x1, 0x87,
    0x82, 0x40, 0x3f, 0xc3, 0x1a, 0x80, 0x1, 0xcb,
    0x9c, 0x90, 0xf, 0x12, 0x29, 0x0, 0x7f, 0x73,
    0x80, 0x79, 0x18, 0xc0, 0x3f, 0x40, 0x48, 0x2,
    0x3f, 0xf2, 0x80, 0x7f, 0xf2, 0xd, 0x52, 0x10,
    0xc0, 0x31, 0x80, 0x7f, 0xf2, 0x69, 0x1e, 0xd0,
    0x3, 0xff, 0x9f, 0x79, 0x46, 0x1, 0xff, 0xd0,
    0x35, 0x50, 0x6, 0x30, 0xf, 0xfe, 0x6c, 0xf7,
    0x5e, 0xa0, 0x1f, 0x0,

    /* U+F293 "" */
    0x0, 0xe2, 0x8c, 0xef, 0xf7, 0x53, 0x0, 0x7f,
    0x4e, 0xb9, 0x88, 0x0, 0x56, 0x78, 0xc0, 0x3d,
    0x8c, 0x1, 0xac, 0x3, 0xe, 0x20, 0x6, 0xa3,
    0x0, 0xe4, 0xa0, 0xe, 0xa1, 0x0, 0x12, 0x80,
    0x7c, 0xb4, 0x1, 0x86, 0x40, 0x16, 0x1, 0xfc,
    0xb2, 0x1, 0x98, 0x0, 0xe0, 0x11, 0x80, 0x61,
    0x66, 0x40, 0x4, 0x24, 0x22, 0x0, 0x3e, 0x30,
    0x6, 0x96, 0x78, 0x0, 0x9d, 0x40, 0x25, 0x19,
    0x60, 0xc, 0x20, 0x20, 0x16, 0x90, 0x4, 0x58,
    0x33, 0x0, 0x8, 0x75, 0x90, 0x8, 0x44, 0x1,
    0x8b, 0x5, 0xc0, 0x5c, 0xe8, 0x3, 0x18, 0x7,
    0x8b, 0x44, 0x0, 0x5a, 0x1, 0xc2, 0x1, 0xf1,
    0x90, 0x1, 0xc4, 0x3, 0xff, 0x83, 0x66, 0x0,
    0x59, 0x0, 0xe1, 0x10, 0x7, 0x5a, 0x18, 0x0,
    0xda, 0x0, 0x38, 0x80, 0x35, 0xa2, 0x34, 0x7,
    0x49, 0xdc, 0x1, 0x13, 0x0, 0x50, 0x88, 0xb1,
    0x0, 0xd, 0x85, 0x0, 0x5c, 0x42, 0x0, 0x87,
    0xb0, 0xc, 0x92, 0x58, 0x1, 0x28, 0x20, 0x5,
    0x0, 0x18, 0x6c, 0xb0, 0x40, 0x23, 0xe, 0x0,
    0xfe, 0x2c, 0x10, 0x9, 0x80, 0x8, 0x80, 0xf,
    0x8b, 0x4, 0x3, 0x58, 0x5, 0x44, 0x1, 0xc7,
    0x82, 0x1, 0xa0, 0x80, 0x21, 0xd5, 0x0, 0xd8,
    0x20, 0x1a, 0x1c, 0x3, 0xd5, 0xae, 0x62, 0x0,
    0x13, 0x7d, 0x70, 0x8,

    /* U+F2EA "" */
    0x0, 0xfc, 0x2a, 0xf3, 0x28, 0x51, 0x0, 0xfe,
    0x50, 0xc, 0x77, 0xd5, 0xc, 0xc7, 0xae, 0xb3,
    0x0, 0xf4, 0x56, 0x8, 0x4e, 0x20, 0x7, 0xe4,
    0xc9, 0x0, 0xe2, 0x3, 0xdc, 0x60, 0xf, 0xfe,
    0x3, 0x60, 0x80, 0x78, 0xcc, 0x1, 0xb, 0xde,
    0xea, 0xdc, 0x40, 0x23, 0xd0, 0xf, 0xf3, 0xf4,
    0x21, 0x11, 0x23, 0x9c, 0x2, 0x39, 0x0, 0xfc,
    0x52, 0x1, 0xfa, 0x24, 0x2, 0x63, 0x0, 0xf8,
    0xb4, 0x40, 0x3f, 0x33, 0x80, 0x50, 0x1, 0xf8,
    0xe8, 0x3, 0xfa, 0x4, 0x0, 0x83, 0x80, 0x1f,
    0xfc, 0x66, 0x0, 0x91, 0xbb, 0x77, 0xba, 0xc0,
    0x3f, 0xd8, 0x1, 0x68, 0x9, 0x17, 0x8, 0x7,
    0xfc, 0xc0, 0x10, 0x80, 0x7f, 0xf7, 0xd8, 0x2,
    0xe0, 0xf, 0xfe, 0x3e, 0x80, 0x44, 0x1, 0xff,
    0xc7, 0x70, 0x9, 0x0, 0x3f, 0xf8, 0xd2, 0x20,
    0x4, 0x10, 0xf, 0x10, 0x7, 0xf9, 0x98, 0x1,
    0x40, 0x7, 0x9f, 0x64, 0x3, 0xf4, 0x48, 0x4,
    0xa6, 0x1, 0xcf, 0x0, 0xdd, 0x8, 0x44, 0x48,
    0xe7, 0x0, 0x8e, 0x80, 0x3d, 0x60, 0x10, 0xbd,
    0xee, 0xad, 0xc4, 0x2, 0x3d, 0x0, 0xfb, 0x18,
    0x3, 0xff, 0x80, 0xb8, 0x20, 0x1f, 0xa7, 0x10,
    0x3, 0xf2, 0x65, 0x0, 0x7f, 0xc7, 0x7d, 0x50,
    0xcc, 0x8a, 0xeb, 0x30, 0xf, 0x0,

    /* U+F2ED "" */
    0x0, 0xf0, 0xd6, 0x67, 0x50, 0x80, 0x78, 0x91,
    0x3a, 0x14, 0xcf, 0x96, 0x11, 0x38, 0xb6, 0xef,
    0x98, 0x3, 0xe6, 0xbb, 0xed, 0x0, 0xff, 0xe4,
    0xb2, 0x27, 0xff, 0x1d, 0xe6, 0xef, 0xff, 0x8f,
    0x1, 0x1f, 0xff, 0xfc, 0x58, 0x0, 0xff, 0xf2,
    0x4c, 0x80, 0x5, 0xc4, 0x0, 0x99, 0x0, 0x7f,
    0x88, 0x80, 0x1, 0x18, 0x0, 0x44, 0x0, 0xff,
    0xff, 0x80, 0x7f, 0xff, 0xc0, 0x3f, 0xfc, 0xa4,
    0x40, 0x0, 0x8c, 0x0, 0x22, 0x0, 0x7b, 0xc0,
    0x29, 0x90, 0x0, 0xb8, 0x80, 0x13, 0x20, 0xb,
    0xc0, 0x4, 0x1, 0xff, 0xc5, 0x20, 0x2, 0xb0,
    0x7, 0xff, 0xd, 0x94, 0x0,

    /* U+F304 "" */
    0x0, 0xff, 0xe3, 0x37, 0x71, 0x40, 0x3f, 0xf9,
    0xf, 0x22, 0x2a, 0x60, 0xf, 0xfe, 0x33, 0xc0,
    0x6, 0x96, 0x0, 0xff, 0xe2, 0xc, 0x0, 0x7a,
    0x54, 0x3, 0xff, 0x84, 0xa3, 0x80, 0x1f, 0x58,
    0x7, 0xff, 0x5, 0xea, 0xcf, 0x0, 0x3f, 0xf8,
    0xef, 0x0, 0x96, 0x78, 0x1, 0xd0, 0x1, 0xff,
    0x3c, 0x0, 0x49, 0x67, 0x80, 0x14, 0x30, 0x7,
    0xf9, 0xe0, 0x3, 0x92, 0xcf, 0x2, 0x1c, 0x3,
    0xfc, 0xf0, 0x1, 0xf2, 0x59, 0xf3, 0x80, 0x7f,
    0x9e, 0x0, 0x3f, 0x91, 0x44, 0x3, 0xfc, 0xf0,
    0x1, 0xfe, 0x85, 0x0, 0xff, 0x3c, 0x0, 0x7f,
    0xa1, 0xc0, 0x3f, 0xcf, 0x0, 0x1f, 0xe8, 0x70,
    0xf, 0xf3, 0xc0, 0x7, 0xfa, 0x1c, 0x3, 0xfc,
    0xf0, 0x1, 0xfe, 0x87, 0x0, 0xff, 0x3c, 0x0,
    0x7f, 0xa1, 0xc0, 0x3f, 0xcb, 0x0, 0x1f, 0xe8,
    0x70, 0xf, 0xfb, 0x40, 0x3f, 0xd0, 0xe0, 0x1f,
    0xfc, 0x2, 0x0, 0xfe, 0x87, 0x0, 0xff, 0xe0,
    0x88, 0x7, 0xe8, 0x70, 0xf, 0xfe, 0x13, 0x0,
    0x7d, 0xe, 0x1, 0xff, 0xc3, 0x20, 0xf, 0x43,
    0x80, 0x7f, 0xf1, 0x10, 0x9, 0x15, 0xe9, 0xc0,
    0x3f, 0xf8, 0xb7, 0xfb, 0x75, 0xa, 0x1, 0xff,
    0xc5,

    /* U+F379 "" */
    0x0, 0xfc, 0x2d, 0x13, 0x27, 0x50, 0xf, 0xfe,
    0x1a, 0x67, 0x4b, 0xb3, 0x22, 0xbe, 0x88, 0x3,
    0xfc, 0x37, 0x63, 0x0, 0xfc, 0xbb, 0x0, 0x1f,
    0x8b, 0xd0, 0x3, 0xff, 0x80, 0xf6, 0x1, 0xe1,
    0xc1, 0x0, 0xf3, 0x10, 0x7, 0x92, 0x80, 0x3b,
    0x44, 0x3, 0xe9, 0x78, 0x90, 0xe, 0x57, 0x0,
    0x94, 0xc0, 0x3b, 0xf2, 0x81, 0xd4, 0x40, 0x3d,
    0x2, 0x0, 0x80, 0xf, 0x49, 0x28, 0x69, 0x10,
    0x40, 0x3d, 0x0, 0x64, 0x1, 0xe6, 0x20, 0x48,
    0x25, 0xf3, 0x0, 0xe7, 0x4, 0x0, 0xfc, 0x61,
    0xcf, 0xa6, 0x30, 0x1, 0xc2, 0x7a, 0x1, 0xf2,
    0x0, 0x1c, 0x3, 0x38, 0x7, 0x98, 0x40, 0x3e,
    0xc0, 0x6, 0xeb, 0x8c, 0x24, 0x3, 0xc4, 0x1,
    0xf9, 0x1, 0x6d, 0xc4, 0x15, 0x40, 0x1e, 0x11,
    0x0, 0x7c, 0x61, 0xe9, 0x56, 0xa, 0xc0, 0x1e,
    0x3d, 0x0, 0xec, 0xd0, 0x2, 0x0, 0x18, 0x1,
    0xc0, 0x1e, 0x64, 0x0, 0xc2, 0xc6, 0x0, 0xfb,
    0xac, 0x0, 0x60, 0x7, 0x9, 0x98, 0x80, 0x21,
    0xae, 0x23, 0x24, 0x51, 0x7, 0x40, 0xe, 0x70,
    0x4, 0x0, 0x78, 0xa5, 0x4f, 0xb7, 0xa0, 0x3,
    0xd0, 0x0, 0x53, 0x0, 0xe9, 0x45, 0x41, 0x21,
    0x0, 0xf4, 0x8, 0x5, 0xa2, 0x1, 0x98, 0x72,
    0x0, 0x3f, 0x2b, 0x80, 0x61, 0xc2, 0x0, 0xff,
    0xe1, 0x25, 0x0, 0x78, 0xb1, 0x0, 0x3f, 0xf8,
    0xf, 0x60, 0x1f, 0x86, 0xec, 0x60, 0x1f, 0x97,
    0x60, 0x3, 0xfe, 0x4c, 0xea, 0x86, 0x78, 0xbf,
    0xa2, 0x0, 0xf0,

    /* U+F55A "" */
    0x0, 0xf8, 0xaf, 0xff, 0xff, 0x8d, 0xd0, 0x1,
    0xf1, 0xe2, 0x0, 0x7f, 0xf1, 0x85, 0xe0, 0x3,
    0x8f, 0x44, 0x3, 0xff, 0x92, 0xc0, 0x18, 0xf4,
    0x40, 0x3e, 0x30, 0xf, 0x18, 0x7, 0xc2, 0x1,
    0x1e, 0x88, 0x7, 0xd1, 0x92, 0x1, 0xa7, 0x1c,
    0x3, 0xf8, 0xf4, 0x40, 0x3e, 0x37, 0x6, 0x90,
    0x4, 0xb0, 0x41, 0x80, 0x7c, 0x7a, 0x20, 0x1f,
    0x8d, 0x80, 0xd, 0x32, 0x60, 0x3, 0x18, 0x7,
    0x8f, 0x4, 0x3, 0xfd, 0x2c, 0x0, 0x66, 0x0,
    0x1a, 0x40, 0x3e, 0xe0, 0xf, 0xfe, 0xc, 0xb0,
    0x6, 0x69, 0x0, 0xff, 0xed, 0x70, 0x7, 0xff,
    0x6, 0x58, 0x3, 0x34, 0x80, 0x7e, 0x3c, 0x0,
    0xff, 0xa5, 0x80, 0xc, 0xc0, 0x3, 0x48, 0x7,
    0xe3, 0xc1, 0x0, 0xfc, 0x6c, 0x0, 0x69, 0x93,
    0x0, 0x18, 0xc0, 0x3f, 0x1e, 0x88, 0x7, 0xc7,
    0x0, 0xd2, 0x0, 0x96, 0x7, 0x30, 0xf, 0xe3,
    0xd1, 0x0, 0xf9, 0xf2, 0x40, 0x34, 0xe4, 0x0,
    0x7f, 0xc7, 0xa2, 0x1, 0xf1, 0x80, 0x78, 0xc0,
    0x3e, 0x10, 0xe, 0x3d, 0x10, 0xf, 0xfe, 0x4b,
    0x0, 0x78, 0xf1, 0x0, 0x3f, 0xf8, 0xc2, 0xf0,

    /* U+F58F "" */
    0x0, 0xfe, 0x13, 0x55, 0x18, 0x80, 0x7f, 0xf1,
    0x5f, 0x7b, 0x2a, 0x99, 0xda, 0xe0, 0x1f, 0xfc,
    0x16, 0xe8, 0x20, 0x0, 0x88, 0x0, 0x51, 0xcc,
    0x1, 0xfe, 0x99, 0x8, 0x9f, 0x3f, 0xb9, 0xf8,
    0xe2, 0x29, 0x90, 0x7, 0xea, 0x60, 0x5f, 0x83,
    0x0, 0xc7, 0x1e, 0xc0, 0xd4, 0x1, 0xe7, 0x50,
    0x8a, 0x10, 0xf, 0xc3, 0x32, 0x5, 0x70, 0xc,
    0x50, 0xe, 0xe0, 0xf, 0xfe, 0x3, 0x40, 0x41,
    0x0, 0x52, 0x7, 0x0, 0x1f, 0xfc, 0x27, 0x40,
    0x90, 0x1, 0x20, 0x78, 0x7, 0xff, 0x12, 0x41,
    0x8, 0x14, 0xc, 0xc0, 0x1f, 0xfc, 0x42, 0x30,
    0x50, 0xc0, 0x40, 0xf, 0xfe, 0x35, 0x86, 0x3,
    0x6, 0x80, 0x7f, 0xf1, 0x88, 0x14, 0x8, 0x4,
    0x2, 0x34, 0x0, 0xfc, 0x86, 0x1, 0x8, 0x8,
    0x7, 0x27, 0x65, 0xd8, 0x3, 0xd7, 0x6c, 0xe3,
    0x7, 0x0, 0xfa, 0x84, 0x0, 0x80, 0x1e, 0x40,
    0x0, 0xe8, 0x7, 0xe3, 0x10, 0xf, 0xfe, 0x10,
    0x98, 0x7, 0xce, 0x1, 0xff, 0xc4, 0x70, 0xf,
    0x38, 0x7, 0xff, 0x29, 0x94, 0x9c, 0x3, 0xff,
    0x88, 0xe4, 0xac, 0x13, 0x42, 0x40, 0x1f, 0xfc,
    0x42, 0x1a, 0x90, 0xc, 0x2a, 0x1, 0x8, 0x7,
    0x84, 0x2, 0x61, 0x0, 0xfd, 0x52, 0xa9, 0x40,
    0x1e, 0xa4, 0x59, 0x90, 0x7, 0x0,

    /* U+F7C2 "" */
    0x0, 0xe7, 0xff, 0xfe, 0xe8, 0x0, 0xe7, 0x80,
    0xf, 0xe1, 0x78, 0x0, 0x9e, 0x0, 0x3f, 0xf8,
    0xc, 0x0, 0x78, 0xb, 0xf7, 0xf, 0xf0, 0xb7,
    0xf8, 0x0, 0x20, 0xf0, 0x1, 0xff, 0xc3, 0x78,
    0x0, 0xff, 0xe2, 0x40, 0x7, 0xff, 0x2b, 0xa1,
    0x2, 0x20, 0x2b, 0x10, 0x0, 0xfc, 0xae, 0x60,
    0xee, 0x3, 0x77, 0x0, 0x7f, 0xff, 0xc0, 0x3f,
    0xff, 0xe0, 0x1f, 0xff, 0x91, 0x0, 0xff, 0xe2,
    0xb, 0x0, 0x7f, 0xf1, 0x1a, 0x1c, 0x40, 0x3f,
    0xf8, 0x2, 0xf0,

    /* U+F8A2 "" */
    0x0, 0xff, 0xe5, 0x90, 0x7, 0xff, 0x2d, 0xf4,
    0x40, 0x3f, 0xf9, 0x2f, 0x0, 0x1f, 0x8c, 0x3,
    0xff, 0x82, 0xd0, 0x1, 0xf0, 0xe6, 0x1c, 0x3,
    0xff, 0x81, 0x80, 0x1f, 0xe, 0x18, 0x70, 0x7,
    0xff, 0x1c, 0xb0, 0x80, 0x3f, 0xf9, 0x25, 0x84,
    0x1, 0x19, 0x17, 0xff, 0x0, 0x40, 0x31, 0xe0,
    0x80, 0x65, 0xdd, 0xff, 0xe0, 0x20, 0x6, 0xe1,
    0x0, 0xff, 0xe5, 0xa8, 0x7, 0xff, 0x2c, 0x61,
    0xc0, 0x38, 0x99, 0xbf, 0xf8, 0x72, 0x0, 0x88,
    0x0, 0x64, 0x99, 0xff, 0xe1, 0xb0, 0x4, 0xf2,
    0x1, 0xff, 0xcc, 0x6a, 0x0, 0x8, 0x7, 0xff,
    0x25, 0x6d, 0x68, 0x3, 0xff, 0x8a
};


/*---------------------
 *  GLYPH DESCRIPTION
 *--------------------*/

static const lv_font_fmt_txt_glyph_dsc_t glyph_dsc[] = {
    {.bitmap_index = 0, .adv_w = 0, .box_w = 0, .box_h = 0, .ofs_x = 0, .ofs_y = 0} /* id = 0 reserved */,
    {.bitmap_index = 0, .adv_w = 103, .box_w = 0, .box_h = 0, .ofs_x = 0, .ofs_y = 0},
    {.bitmap_index = 0, .adv_w = 103, .box_w = 4, .box_h = 17, .ofs_x = 1, .ofs_y = 0},
    {.bitmap_index = 30, .adv_w = 150, .box_w = 7, .box_h = 7, .ofs_x = 1, .ofs_y = 10},
    {.bitmap_index = 51, .adv_w = 270, .box_w = 17, .box_h = 17, .ofs_x = 0, .ofs_y = 0},
    {.bitmap_index = 166, .adv_w = 238, .box_w = 14, .box_h = 23, .ofs_x = 0, .ofs_y = -3},
    {.bitmap_index = 279, .adv_w = 324, .box_w = 20, .box_h = 17, .ofs_x = 0, .ofs_y = 0},
    {.bitmap_index = 425, .adv_w = 263, .box_w = 16, .box_h = 18, .ofs_x = 1, .ofs_y = -1},
    {.bitmap_index = 549, .adv_w = 81, .box_w = 3, .box_h = 7, .ofs_x = 1, .ofs_y = 10},
    {.bitmap_index = 558, .adv_w = 129, .box_w = 6, .box_h = 23, .ofs_x = 2, .ofs_y = -5},
    {.bitmap_index = 625, .adv_w = 130, .box_w = 6, .box_h = 23, .ofs_x = 0, .ofs_y = -5},
    {.bitmap_index = 693, .adv_w = 154, .box_w = 10, .box_h = 10, .ofs_x = 0, .ofs_y = 8},
    {.bitmap_index = 738, .adv_w = 223, .box_w = 12, .box_h = 11, .ofs_x = 1, .ofs_y = 3},
    {.bitmap_index = 765, .adv_w = 87, .box_w = 4, .box_h = 7, .ofs_x = 1, .ofs_y = -4},
    {.bitmap_index = 779, .adv_w = 147, .box_w = 7, .box_h = 3, .ofs_x = 1, .ofs_y = 6},
    {.bitmap_index = 785, .adv_w = 87, .box_w = 4, .box_h = 4, .ofs_x = 1, .ofs_y = 0},
    {.bitmap_index = 794, .adv_w = 135, .box_w = 11, .box_h = 23, .ofs_x = -1, .ofs_y = -2},
    {.bitmap_index = 877, .adv_w = 256, .box_w = 14, .box_h = 17, .ofs_x = 1, .ofs_y = 0},
    {.bitmap_index = 979, .adv_w = 142, .box_w = 7, .box_h = 17, .ofs_x = 0, .ofs_y = 0},
    {.bitmap_index = 994, .adv_w = 220, .box_w = 13, .box_h = 17, .ofs_x = 0, .ofs_y = 0},
    {.bitmap_index = 1078, .adv_w = 220, .box_w = 13, .box_h = 17, .ofs_x = 0, .ofs_y = 0},
    {.bitmap_index = 1160, .adv_w = 257, .box_w = 16, .box_h = 17, .ofs_x = 0, .ofs_y = 0},
    {.bitmap_index = 1237, .adv_w = 220, .box_w = 13, .box_h = 17, .ofs_x = 0, .ofs_y = 0},
    {.bitmap_index = 1320, .adv_w = 237, .box_w = 14, .box_h = 17, .ofs_x = 1, .ofs_y = 0},
    {.bitmap_index = 1428, .adv_w = 230, .box_w = 14, .box_h = 17, .ofs_x = 0, .ofs_y = 0},
    {.bitmap_index = 1505, .adv_w = 247, .box_w = 14, .box_h = 17, .ofs_x = 1, .ofs_y = 0},
    {.bitmap_index = 1616, .adv_w = 237, .box_w = 14, .box_h = 17, .ofs_x = 0, .ofs_y = 0},
    {.bitmap_index = 1720, .adv_w = 87, .box_w = 4, .box_h = 13, .ofs_x = 1, .ofs_y = 0},
    {.bitmap_index = 1741, .adv_w = 87, .box_w = 4, .box_h = 17, .ofs_x = 1, .ofs_y = -4},
    {.bitmap_index = 1768, .adv_w = 223, .box_w = 12, .box_h = 11, .ofs_x = 1, .ofs_y = 3},
    {.bitmap_index = 1824, .adv_w = 223, .box_w = 12, .box_h = 8, .ofs_x = 1, .ofs_y = 5},
    {.bitmap_index = 1843, .adv_w = 223, .box_w = 12, .box_h = 11, .ofs_x = 1, .ofs_y = 3},
    {.bitmap_index = 1899, .adv_w = 220, .box_w = 13, .box_h = 17, .ofs_x = 0, .ofs_y = 0},
    {.bitmap_index = 1976, .adv_w = 397, .box_w = 23, .box_h = 22, .ofs_x = 1, .ofs_y = -5},
    {.bitmap_index = 2182, .adv_w = 281, .box_w = 19, .box_h = 17, .ofs_x = -1, .ofs_y = 0},
    {.bitmap_index = 2297, .adv_w = 291, .box_w = 15, .box_h = 17, .ofs_x = 2, .ofs_y = 0},
    {.bitmap_index = 2381, .adv_w = 274, .box_w = 16, .box_h = 17, .ofs_x = 1, .ofs_y = 0},
    {.bitmap_index = 2487, .adv_w = 317, .box_w = 17, .box_h = 17, .ofs_x = 2, .ofs_y = 0},
    {.bitmap_index = 2583, .adv_w = 257, .box_w = 13, .box_h = 17, .ofs_x = 2, .ofs_y = 0},
    {.bitmap_index = 2624, .adv_w = 244, .box_w = 13, .box_h = 17, .ofs_x = 2, .ofs_y = 0},
    {.bitmap_index = 2655, .adv_w = 296, .box_w = 16, .box_h = 17, .ofs_x = 1, .ofs_y = 0},
    {.bitmap_index = 2759, .adv_w = 312, .box_w = 15, .box_h = 17, .ofs_x = 2, .ofs_y = 0},
    {.bitmap_index = 2790, .adv_w = 119, .box_w = 3, .box_h = 17, .ofs_x = 2, .ofs_y = 0},
    {.bitmap_index = 2795, .adv_w = 197, .box_w = 11, .box_h = 17, .ofs_x = -1, .ofs_y = 0},
    {.bitmap_index = 2839, .adv_w = 276, .box_w = 16, .box_h = 17, .ofs_x = 2, .ofs_y = 0},
    {.bitmap_index = 2931, .adv_w = 228, .box_w = 13, .box_h = 17, .ofs_x = 2, .ofs_y = 0},
    {.bitmap_index = 2951, .adv_w = 367, .box_w = 19, .box_h = 17, .ofs_x = 2, .ofs_y = 0},
    {.bitmap_index = 3051, .adv_w = 312, .box_w = 15, .box_h = 17, .ofs_x = 2, .ofs_y = 0},
    {.bitmap_index = 3128, .adv_w = 323, .box_w = 19, .box_h = 17, .ofs_x = 1, .ofs_y = 0},
    {.bitmap_index = 3258, .adv_w = 277, .box_w = 15, .box_h = 17, .ofs_x = 2, .ofs_y = 0},
    {.bitmap_index = 3324, .adv_w = 323, .box_w = 19, .box_h = 20, .ofs_x = 1, .ofs_y = -3},
    {.bitmap_index = 3475, .adv_w = 279, .box_w = 15, .box_h = 17, .ofs_x = 2, .ofs_y = 0},
    {.bitmap_index = 3556, .adv_w = 238, .box_w = 14, .box_h = 17, .ofs_x = 0, .ofs_y = 0},
    {.bitmap_index = 3656, .adv_w = 225, .box_w = 14, .box_h = 17, .ofs_x = 0, .ofs_y = 0},
    {.bitmap_index = 3683, .adv_w = 304, .box_w = 15, .box_h = 17, .ofs_x = 2, .ofs_y = 0},
    {.bitmap_index = 3742, .adv_w = 273, .box_w = 19, .box_h = 17, .ofs_x = -1, .ofs_y = 0},
    {.bitmap_index = 3857, .adv_w = 432, .box_w = 27, .box_h = 17, .ofs_x = 0, .ofs_y = 0},
    {.bitmap_index = 4040, .adv_w = 258, .box_w = 16, .box_h = 17, .ofs_x = 0, .ofs_y = 0},
    {.bitmap_index = 4149, .adv_w = 248, .box_w = 17, .box_h = 17, .ofs_x = -1, .ofs_y = 0},
    {.bitmap_index = 4230, .adv_w = 252, .box_w = 15, .box_h = 17, .ofs_x = 1, .ofs_y = 0},
    {.bitmap_index = 4308, .adv_w = 128, .box_w = 6, .box_h = 23, .ofs_x = 2, .ofs_y = -5},
    {.bitmap_index = 4328, .adv_w = 135, .box_w = 11, .box_h = 23, .ofs_x = -1, .ofs_y = -2},
    {.bitmap_index = 4408, .adv_w = 128, .box_w = 6, .box_h = 23, .ofs_x = 0, .ofs_y = -5},
    {.bitmap_index = 4428, .adv_w = 224, .box_w = 12, .box_h = 10, .ofs_x = 1, .ofs_y = 3},
    {.bitmap_index = 4479, .adv_w = 192, .box_w = 12, .box_h = 2, .ofs_x = 0, .ofs_y = -1},
    {.bitmap_index = 4486, .adv_w = 230, .box_w = 7, .box_h = 3, .ofs_x = 2, .ofs_y = 15},
    {.bitmap_index = 4497, .adv_w = 230, .box_w = 12, .box_h = 13, .ofs_x = 1, .ofs_y = 0},
    {.bitmap_index = 4569, .adv_w = 262, .box_w = 14, .box_h = 18, .ofs_x = 2, .ofs_y = 0},
    {.bitmap_index = 4652, .adv_w = 219, .box_w = 12, .box_h = 13, .ofs_x = 1, .ofs_y = 0},
    {.bitmap_index = 4718, .adv_w = 262, .box_w = 14, .box_h = 18, .ofs_x = 1, .ofs_y = 0},
    {.bitmap_index = 4800, .adv_w = 235, .box_w = 13, .box_h = 13, .ofs_x = 1, .ofs_y = 0},
    {.bitmap_index = 4873, .adv_w = 136, .box_w = 10, .box_h = 18, .ofs_x = 0, .ofs_y = 0},
    {.bitmap_index = 4915, .adv_w = 265, .box_w = 14, .box_h = 18, .ofs_x = 1, .ofs_y = -5},
    {.bitmap_index = 5028, .adv_w = 262, .box_w = 13, .box_h = 18, .ofs_x = 2, .ofs_y = 0},
    {.bitmap_index = 5076, .adv_w = 107, .box_w = 4, .box_h = 18, .ofs_x = 1, .ofs_y = 0},
    {.bitmap_index = 5091, .adv_w = 109, .box_w = 9, .box_h = 23, .ofs_x = -3, .ofs_y = -5},
    {.bitmap_index = 5131, .adv_w = 236, .box_w = 13, .box_h = 18, .ofs_x = 2, .ofs_y = 0},
    {.bitmap_index = 5195, .adv_w = 107, .box_w = 3, .box_h = 18, .ofs_x = 2, .ofs_y = 0},
    {.bitmap_index = 5200, .adv_w = 406, .box_w = 22, .box_h = 13, .ofs_x = 2, .ofs_y = 0},
    {.bitmap_index = 5272, .adv_w = 262, .box_w = 13, .box_h = 13, .ofs_x = 2, .ofs_y = 0},
    {.bitmap_index = 5317, .adv_w = 244, .box_w = 14, .box_h = 13, .ofs_x = 1, .ofs_y = 0},
    {.bitmap_index = 5398, .adv_w = 262, .box_w = 14, .box_h = 18, .ofs_x = 2, .ofs_y = -5},
    {.bitmap_index = 5486, .adv_w = 262, .box_w = 14, .box_h = 18, .ofs_x = 1, .ofs_y = -5},
    {.bitmap_index = 5570, .adv_w = 157, .box_w = 8, .box_h = 13, .ofs_x = 2, .ofs_y = 0},
    {.bitmap_index = 5594, .adv_w = 192, .box_w = 12, .box_h = 13, .ofs_x = 0, .ofs_y = 0},
    {.bitmap_index = 5668, .adv_w = 159, .box_w = 10, .box_h = 16, .ofs_x = 0, .ofs_y = 0},
    {.bitmap_index = 5706, .adv_w = 260, .box_w = 13, .box_h = 13, .ofs_x = 2, .ofs_y = 0},
    {.bitmap_index = 5749, .adv_w = 215, .box_w = 15, .box_h = 13, .ofs_x = -1, .ofs_y = 0},
    {.bitmap_index = 5825, .adv_w = 345, .box_w = 22, .box_h = 13, .ofs_x = 0, .ofs_y = 0},
    {.bitmap_index = 5949, .adv_w = 212, .box_w = 13, .box_h = 13, .ofs_x = 0, .ofs_y = 0},
    {.bitmap_index = 6023, .adv_w = 215, .box_w = 15, .box_h = 18, .ofs_x = -1, .ofs_y = -5},
    {.bitmap_index = 6125, .adv_w = 200, .box_w = 12, .box_h = 13, .ofs_x = 0, .ofs_y = 0},
    {.bitmap_index = 6180, .adv_w = 135, .box_w = 7, .box_h = 23, .ofs_x = 1, .ofs_y = -5},
    {.bitmap_index = 6230, .adv_w = 115, .box_w = 3, .box_h = 23, .ofs_x = 2, .ofs_y = -5},
    {.bitmap_index = 6235, .adv_w = 135, .box_w = 8, .box_h = 23, .ofs_x = 0, .ofs_y = -5},
    {.bitmap_index = 6283, .adv_w = 223, .box_w = 12, .box_h = 4, .ofs_x = 1, .ofs_y = 6},
    {.bitmap_index = 6307, .adv_w = 103, .box_w = 0, .box_h = 0, .ofs_x = 0, .ofs_y = 0},
    {.bitmap_index = 6307, .adv_w = 103, .box_w = 4, .box_h = 17, .ofs_x = 1, .ofs_y = -4},
    {.bitmap_index = 6336, .adv_w = 219, .box_w = 12, .box_h = 19, .ofs_x = 1, .ofs_y = -3},
    {.bitmap_index = 6417, .adv_w = 248, .box_w = 16, .box_h = 17, .ofs_x = 0, .ofs_y = 0},
    {.bitmap_index = 6496, .adv_w = 269, .box_w = 17, .box_h = 17, .ofs_x = 0, .ofs_y = -1},
    {.bitmap_index = 6615, .adv_w = 271, .box_w = 19, .box_h = 17, .ofs_x = -1, .ofs_y = 0},
    {.bitmap_index = 6731, .adv_w = 115, .box_w = 3, .box_h = 23, .ofs_x = 2, .ofs_y = -5},
    {.bitmap_index = 6748, .adv_w = 192, .box_w = 12, .box_h = 20, .ofs_x = 0, .ofs_y = -3},
    {.bitmap_index = 6856, .adv_w = 230, .box_w = 8, .box_h = 3, .ofs_x = 3, .ofs_y = 15},
    {.bitmap_index = 6869, .adv_w = 308, .box_w = 18, .box_h = 18, .ofs_x = 1, .ofs_y = -1},
    {.bitmap_index = 7015, .adv_w = 155, .box_w = 9, .box_h = 9, .ofs_x = 0, .ofs_y = 9},
    {.bitmap_index = 7055, .adv_w = 194, .box_w = 11, .box_h = 10, .ofs_x = 1, .ofs_y = 2},
    {.bitmap_index = 7109, .adv_w = 223, .box_w = 12, .box_h = 7, .ofs_x = 1, .ofs_y = 3},
    {.bitmap_index = 7123, .adv_w = 308, .box_w = 18, .box_h = 18, .ofs_x = 1, .ofs_y = -1},
    {.bitmap_index = 7266, .adv_w = 230, .box_w = 9, .box_h = 3, .ofs_x = 3, .ofs_y = 15},
    {.bitmap_index = 7275, .adv_w = 161, .box_w = 8, .box_h = 10, .ofs_x = 1, .ofs_y = 9},
    {.bitmap_index = 7311, .adv_w = 223, .box_w = 12, .box_h = 15, .ofs_x = 1, .ofs_y = 0},
    {.bitmap_index = 7349, .adv_w = 165, .box_w = 10, .box_h = 10, .ofs_x = 0, .ofs_y = 8},
    {.bitmap_index = 7394, .adv_w = 165, .box_w = 10, .box_h = 10, .ofs_x = 0, .ofs_y = 8},
    {.bitmap_index = 7437, .adv_w = 230, .box_w = 7, .box_h = 3, .ofs_x = 5, .ofs_y = 15},
    {.bitmap_index = 7448, .adv_w = 262, .box_w = 13, .box_h = 18, .ofs_x = 2, .ofs_y = -5},
    {.bitmap_index = 7496, .adv_w = 249, .box_w = 14, .box_h = 21, .ofs_x = 0, .ofs_y = -3},
    {.bitmap_index = 7551, .adv_w = 103, .box_w = 4, .box_h = 4, .ofs_x = 1, .ofs_y = 5},
    {.bitmap_index = 7560, .adv_w = 230, .box_w = 6, .box_h = 7, .ofs_x = 4, .ofs_y = -6},
    {.bitmap_index = 7580, .adv_w = 165, .box_w = 8, .box_h = 10, .ofs_x = 1, .ofs_y = 8},
    {.bitmap_index = 7600, .adv_w = 161, .box_w = 10, .box_h = 8, .ofs_x = 0, .ofs_y = 10},
    {.bitmap_index = 7640, .adv_w = 194, .box_w = 11, .box_h = 10, .ofs_x = 0, .ofs_y = 2},
    {.bitmap_index = 7694, .adv_w = 397, .box_w = 24, .box_h = 18, .ofs_x = 1, .ofs_y = 0},
    {.bitmap_index = 7840, .adv_w = 397, .box_w = 23, .box_h = 19, .ofs_x = 1, .ofs_y = -1},
    {.bitmap_index = 7985, .adv_w = 397, .box_w = 25, .box_h = 18, .ofs_x = 0, .ofs_y = 0},
    {.bitmap_index = 8150, .adv_w = 220, .box_w = 13, .box_h = 17, .ofs_x = 1, .ofs_y = -4},
    {.bitmap_index = 8228, .adv_w = 281, .box_w = 19, .box_h = 22, .ofs_x = -1, .ofs_y = 0},
    {.bitmap_index = 8369, .adv_w = 281, .box_w = 19, .box_h = 22, .ofs_x = -1, .ofs_y = 0},
    {.bitmap_index = 8510, .adv_w = 281, .box_w = 19, .box_h = 22, .ofs_x = -1, .ofs_y = 0},
    {.bitmap_index = 8656, .adv_w = 281, .box_w = 19, .box_h = 22, .ofs_x = -1, .ofs_y = 0},
    {.bitmap_index = 8803, .adv_w = 281, .box_w = 19, .box_h = 22, .ofs_x = -1, .ofs_y = 0},
    {.bitmap_index = 8943, .adv_w = 281, .box_w = 19, .box_h = 23, .ofs_x = -1, .ofs_y = 0},
    {.bitmap_index = 9093, .adv_w = 402, .box_w = 25, .box_h = 17, .ofs_x = -1, .ofs_y = 0},
    {.bitmap_index = 9201, .adv_w = 274, .box_w = 16, .box_h = 23, .ofs_x = 1, .ofs_y = -6},
    {.bitmap_index = 9339, .adv_w = 257, .box_w = 13, .box_h = 22, .ofs_x = 2, .ofs_y = 0},
    {.bitmap_index = 9401, .adv_w = 257, .box_w = 13, .box_h = 22, .ofs_x = 2, .ofs_y = 0},
    {.bitmap_index = 9463, .adv_w = 257, .box_w = 13, .box_h = 22, .ofs_x = 2, .ofs_y = 0},
    {.bitmap_index = 9530, .adv_w = 257, .box_w = 13, .box_h = 22, .ofs_x = 2, .ofs_y = 0},
    {.bitmap_index = 9594, .adv_w = 119, .box_w = 7, .box_h = 22, .ofs_x = -1, .ofs_y = 0},
    {.bitmap_index = 9620, .adv_w = 119, .box_w = 8, .box_h = 22, .ofs_x = 1, .ofs_y = 0},
    {.bitmap_index = 9646, .adv_w = 119, .box_w = 10, .box_h = 22, .ofs_x = -1, .ofs_y = 0},
    {.bitmap_index = 9681, .adv_w = 119, .box_w = 8, .box_h = 22, .ofs_x = 0, .ofs_y = 0},
    {.bitmap_index = 9707, .adv_w = 320, .box_w = 19, .box_h = 17, .ofs_x = 0, .ofs_y = 0},
    {.bitmap_index = 9813, .adv_w = 312, .box_w = 15, .box_h = 22, .ofs_x = 2, .ofs_y = 0},
    {.bitmap_index = 9920, .adv_w = 323, .box_w = 19, .box_h = 22, .ofs_x = 1, .ofs_y = 0},
    {.bitmap_index = 10075, .adv_w = 323, .box_w = 19, .box_h = 22, .ofs_x = 1, .ofs_y = 0},
    {.bitmap_index = 10232, .adv_w = 323, .box_w = 19, .box_h = 22, .ofs_x = 1, .ofs_y = 0},
    {.bitmap_index = 10393, .adv_w = 323, .box_w = 19, .box_h = 22, .ofs_x = 1, .ofs_y = 0},
    {.bitmap_index = 10557, .adv_w = 323, .box_w = 19, .box_h = 22, .ofs_x = 1, .ofs_y = 0},
    {.bitmap_index = 10713, .adv_w = 223, .box_w = 10, .box_h = 11, .ofs_x = 2, .ofs_y = 3},
    {.bitmap_index = 10763, .adv_w = 323, .box_w = 19, .box_h = 21, .ofs_x = 1, .ofs_y = -2},
    {.bitmap_index = 10930, .adv_w = 304, .box_w = 15, .box_h = 22, .ofs_x = 2, .ofs_y = 0},
    {.bitmap_index = 11013, .adv_w = 304, .box_w = 15, .box_h = 22, .ofs_x = 2, .ofs_y = 0},
    {.bitmap_index = 11095, .adv_w = 304, .box_w = 15, .box_h = 22, .ofs_x = 2, .ofs_y = 0},
    {.bitmap_index = 11181, .adv_w = 304, .box_w = 15, .box_h = 22, .ofs_x = 2, .ofs_y = 0},
    {.bitmap_index = 11264, .adv_w = 248, .box_w = 17, .box_h = 22, .ofs_x = -1, .ofs_y = 0},
    {.bitmap_index = 11370, .adv_w = 277, .box_w = 15, .box_h = 17, .ofs_x = 2, .ofs_y = 0},
    {.bitmap_index = 11439, .adv_w = 260, .box_w = 14, .box_h = 18, .ofs_x = 2, .ofs_y = 0},
    {.bitmap_index = 11538, .adv_w = 230, .box_w = 12, .box_h = 18, .ofs_x = 1, .ofs_y = 0},
    {.bitmap_index = 11630, .adv_w = 230, .box_w = 12, .box_h = 18, .ofs_x = 1, .ofs_y = 0},
    {.bitmap_index = 11721, .adv_w = 230, .box_w = 12, .box_h = 18, .ofs_x = 1, .ofs_y = 0},
    {.bitmap_index = 11818, .adv_w = 230, .box_w = 12, .box_h = 18, .ofs_x = 1, .ofs_y = 0},
    {.bitmap_index = 11916, .adv_w = 230, .box_w = 12, .box_h = 18, .ofs_x = 1, .ofs_y = 0},
    {.bitmap_index = 12011, .adv_w = 230, .box_w = 12, .box_h = 20, .ofs_x = 1, .ofs_y = 0},
    {.bitmap_index = 12111, .adv_w = 380, .box_w = 22, .box_h = 13, .ofs_x = 1, .ofs_y = 0},
    {.bitmap_index = 12240, .adv_w = 219, .box_w = 12, .box_h = 19, .ofs_x = 1, .ofs_y = -6},
    {.bitmap_index = 12332, .adv_w = 235, .box_w = 13, .box_h = 18, .ofs_x = 1, .ofs_y = 0},
    {.bitmap_index = 12425, .adv_w = 235, .box_w = 13, .box_h = 18, .ofs_x = 1, .ofs_y = 0},
    {.bitmap_index = 12518, .adv_w = 235, .box_w = 13, .box_h = 18, .ofs_x = 1, .ofs_y = 0},
    {.bitmap_index = 12617, .adv_w = 235, .box_w = 13, .box_h = 18, .ofs_x = 1, .ofs_y = 0},
    {.bitmap_index = 12712, .adv_w = 107, .box_w = 8, .box_h = 18, .ofs_x = -2, .ofs_y = 0},
    {.bitmap_index = 12738, .adv_w = 107, .box_w = 7, .box_h = 18, .ofs_x = 1, .ofs_y = 0},
    {.bitmap_index = 12763, .adv_w = 107, .box_w = 9, .box_h = 18, .ofs_x = -1, .ofs_y = 0},
    {.bitmap_index = 12794, .adv_w = 107, .box_w = 7, .box_h = 18, .ofs_x = 0, .ofs_y = 0},
    {.bitmap_index = 12817, .adv_w = 230, .box_w = 14, .box_h = 19, .ofs_x = 0, .ofs_y = 0},
    {.bitmap_index = 12935, .adv_w = 262, .box_w = 13, .box_h = 18, .ofs_x = 2, .ofs_y = 0},
    {.bitmap_index = 13008, .adv_w = 244, .box_w = 14, .box_h = 18, .ofs_x = 1, .ofs_y = 0},
    {.bitmap_index = 13110, .adv_w = 244, .box_w = 14, .box_h = 18, .ofs_x = 1, .ofs_y = 0},
    {.bitmap_index = 13212, .adv_w = 244, .box_w = 14, .box_h = 18, .ofs_x = 1, .ofs_y = 0},
    {.bitmap_index = 13321, .adv_w = 244, .box_w = 14, .box_h = 18, .ofs_x = 1, .ofs_y = 0},
    {.bitmap_index = 13431, .adv_w = 244, .box_w = 14, .box_h = 18, .ofs_x = 1, .ofs_y = 0},
    {.bitmap_index = 13535, .adv_w = 223, .box_w = 12, .box_h = 13, .ofs_x = 1, .ofs_y = 2},
    {.bitmap_index = 13578, .adv_w = 244, .box_w = 14, .box_h = 17, .ofs_x = 1, .ofs_y = -2},
    {.bitmap_index = 13687, .adv_w = 260, .box_w = 13, .box_h = 18, .ofs_x = 2, .ofs_y = 0},
    {.bitmap_index = 13751, .adv_w = 260, .box_w = 13, .box_h = 18, .ofs_x = 2, .ofs_y = 0},
    {.bitmap_index = 13816, .adv_w = 260, .box_w = 13, .box_h = 18, .ofs_x = 2, .ofs_y = 0},
    {.bitmap_index = 13885, .adv_w = 260, .box_w = 13, .box_h = 18, .ofs_x = 2, .ofs_y = 0},
    {.bitmap_index = 13952, .adv_w = 215, .box_w = 15, .box_h = 23, .ofs_x = -1, .ofs_y = -5},
    {.bitmap_index = 14077, .adv_w = 262, .box_w = 14, .box_h = 23, .ofs_x = 2, .ofs_y = -5},
    {.bitmap_index = 14168, .adv_w = 215, .box_w = 15, .box_h = 23, .ofs_x = -1, .ofs_y = -5},
    {.bitmap_index = 14294, .adv_w = 192, .box_w = 12, .box_h = 2, .ofs_x = 0, .ofs_y = 6},
    {.bitmap_index = 14301, .adv_w = 384, .box_w = 24, .box_h = 2, .ofs_x = 0, .ofs_y = 6},
    {.bitmap_index = 14308, .adv_w = 87, .box_w = 4, .box_h = 7, .ofs_x = 1, .ofs_y = 11},
    {.bitmap_index = 14323, .adv_w = 87, .box_w = 4, .box_h = 7, .ofs_x = 1, .ofs_y = 11},
    {.bitmap_index = 14337, .adv_w = 160, .box_w = 8, .box_h = 7, .ofs_x = 1, .ofs_y = 11},
    {.bitmap_index = 14366, .adv_w = 160, .box_w = 8, .box_h = 7, .ofs_x = 1, .ofs_y = 11},
    {.bitmap_index = 14395, .adv_w = 121, .box_w = 5, .box_h = 5, .ofs_x = 1, .ofs_y = 4},
    {.bitmap_index = 14408, .adv_w = 265, .box_w = 15, .box_h = 4, .ofs_x = 1, .ofs_y = 0},
    {.bitmap_index = 14439, .adv_w = 312, .box_w = 15, .box_h = 23, .ofs_x = 3, .ofs_y = -3},
    {.bitmap_index = 14544, .adv_w = 276, .box_w = 16, .box_h = 24, .ofs_x = 0, .ofs_y = -3},
    {.bitmap_index = 14673, .adv_w = 276, .box_w = 14, .box_h = 24, .ofs_x = 0, .ofs_y = -3},
    {.bitmap_index = 14754, .adv_w = 384, .box_w = 24, .box_h = 25, .ofs_x = 0, .ofs_y = -3},
    {.bitmap_index = 14885, .adv_w = 384, .box_w = 25, .box_h = 25, .ofs_x = 0, .ofs_y = -4},
    {.bitmap_index = 15090, .adv_w = 384, .box_w = 26, .box_h = 22, .ofs_x = -1, .ofs_y = -2},
    {.bitmap_index = 15242, .adv_w = 432, .box_w = 27, .box_h = 25, .ofs_x = 0, .ofs_y = -4},
    {.bitmap_index = 15421, .adv_w = 384, .box_w = 24, .box_h = 18, .ofs_x = 0, .ofs_y = 0},
    {.bitmap_index = 15579, .adv_w = 384, .box_w = 24, .box_h = 22, .ofs_x = 0, .ofs_y = -2},
    {.bitmap_index = 15685, .adv_w = 384, .box_w = 24, .box_h = 18, .ofs_x = 0, .ofs_y = 0},
    {.bitmap_index = 15820, .adv_w = 264, .box_w = 17, .box_h = 18, .ofs_x = 0, .ofs_y = 0},
    {.bitmap_index = 15940, .adv_w = 384, .box_w = 24, .box_h = 24, .ofs_x = 0, .ofs_y = -3},
    {.bitmap_index = 16163, .adv_w = 384, .box_w = 24, .box_h = 24, .ofs_x = 0, .ofs_y = -3},
    {.bitmap_index = 16373, .adv_w = 384, .box_w = 24, .box_h = 24, .ofs_x = 0, .ofs_y = -3},
    {.bitmap_index = 16574, .adv_w = 384, .box_w = 24, .box_h = 24, .ofs_x = 0, .ofs_y = -3},
    {.bitmap_index = 16742, .adv_w = 432, .box_w = 27, .box_h = 22, .ofs_x = 0, .ofs_y = -2},
    {.bitmap_index = 16926, .adv_w = 384, .box_w = 24, .box_h = 24, .ofs_x = 0, .ofs_y = -3},
    {.bitmap_index = 17052, .adv_w = 432, .box_w = 27, .box_h = 18, .ofs_x = 0, .ofs_y = 0},
    {.bitmap_index = 17173, .adv_w = 384, .box_w = 24, .box_h = 26, .ofs_x = 0, .ofs_y = -4},
    {.bitmap_index = 17391, .adv_w = 192, .box_w = 12, .box_h = 19, .ofs_x = 0, .ofs_y = -1},
    {.bitmap_index = 17441, .adv_w = 288, .box_w = 18, .box_h = 19, .ofs_x = 0, .ofs_y = -1},
    {.bitmap_index = 17533, .adv_w = 432, .box_w = 27, .box_h = 24, .ofs_x = 0, .ofs_y = -3},
    {.bitmap_index = 17738, .adv_w = 336, .box_w = 21, .box_h = 22, .ofs_x = 0, .ofs_y = -2},
    {.bitmap_index = 17851, .adv_w = 384, .box_w = 24, .box_h = 22, .ofs_x = 0, .ofs_y = -2},
    {.bitmap_index = 17999, .adv_w = 384, .box_w = 24, .box_h = 18, .ofs_x = 0, .ofs_y = 0},
    {.bitmap_index = 18109, .adv_w = 264, .box_w = 17, .box_h = 24, .ofs_x = 0, .ofs_y = -3},
    {.bitmap_index = 18244, .adv_w = 336, .box_w = 15, .box_h = 22, .ofs_x = 3, .ofs_y = -2},
    {.bitmap_index = 18334, .adv_w = 336, .box_w = 21, .box_h = 26, .ofs_x = 0, .ofs_y = -4},
    {.bitmap_index = 18458, .adv_w = 336, .box_w = 21, .box_h = 22, .ofs_x = 0, .ofs_y = -2},
    {.bitmap_index = 18519, .adv_w = 336, .box_w = 21, .box_h = 22, .ofs_x = 0, .ofs_y = -2},
    {.bitmap_index = 18563, .adv_w = 336, .box_w = 15, .box_h = 22, .ofs_x = 3, .ofs_y = -2},
    {.bitmap_index = 18652, .adv_w = 336, .box_w = 23, .box_h = 22, .ofs_x = -1, .ofs_y = -2},
    {.bitmap_index = 18771, .adv_w = 240, .box_w = 13, .box_h = 22, .ofs_x = 1, .ofs_y = -2},
    {.bitmap_index = 18868, .adv_w = 240, .box_w = 13, .box_h = 22, .ofs_x = 1, .ofs_y = -2},
    {.bitmap_index = 18965, .adv_w = 336, .box_w = 21, .box_h = 22, .ofs_x = 0, .ofs_y = -2},
    {.bitmap_index = 19039, .adv_w = 336, .box_w = 21, .box_h = 6, .ofs_x = 0, .ofs_y = 6},
    {.bitmap_index = 19065, .adv_w = 432, .box_w = 27, .box_h = 18, .ofs_x = 0, .ofs_y = 0},
    {.bitmap_index = 19265, .adv_w = 480, .box_w = 31, .box_h = 24, .ofs_x = -1, .ofs_y = -3},
    {.bitmap_index = 19528, .adv_w = 432, .box_w = 29, .box_h = 24, .ofs_x = -1, .ofs_y = -3},
    {.bitmap_index = 19721, .adv_w = 384, .box_w = 24, .box_h = 22, .ofs_x = 0, .ofs_y = -2},
    {.bitmap_index = 19901, .adv_w = 336, .box_w = 21, .box_h = 14, .ofs_x = 0, .ofs_y = 2},
    {.bitmap_index = 20000, .adv_w = 336, .box_w = 21, .box_h = 14, .ofs_x = 0, .ofs_y = 2},
    {.bitmap_index = 20101, .adv_w = 480, .box_w = 31, .box_h = 19, .ofs_x = -1, .ofs_y = -1},
    {.bitmap_index = 20256, .adv_w = 384, .box_w = 24, .box_h = 18, .ofs_x = 0, .ofs_y = 0},
    {.bitmap_index = 20310, .adv_w = 384, .box_w = 24, .box_h = 24, .ofs_x = 0, .ofs_y = -3},
    {.bitmap_index = 20443, .adv_w = 384, .box_w = 25, .box_h = 25, .ofs_x = -1, .ofs_y = -3},
    {.bitmap_index = 20610, .adv_w = 336, .box_w = 22, .box_h = 22, .ofs_x = 0, .ofs_y = -2},
    {.bitmap_index = 20805, .adv_w = 336, .box_w = 21, .box_h = 24, .ofs_x = 0, .ofs_y = -3},
    {.bitmap_index = 20883, .adv_w = 336, .box_w = 21, .box_h = 22, .ofs_x = 0, .ofs_y = -2},
    {.bitmap_index = 20994, .adv_w = 336, .box_w = 21, .box_h = 20, .ofs_x = 0, .ofs_y = -1},
    {.bitmap_index = 21064, .adv_w = 384, .box_w = 24, .box_h = 18, .ofs_x = 0, .ofs_y = 0},
    {.bitmap_index = 21177, .adv_w = 240, .box_w = 17, .box_h = 24, .ofs_x = -1, .ofs_y = -3},
    {.bitmap_index = 21304, .adv_w = 336, .box_w = 21, .box_h = 24, .ofs_x = 0, .ofs_y = -3},
    {.bitmap_index = 21408, .adv_w = 336, .box_w = 21, .box_h = 24, .ofs_x = 0, .ofs_y = -3},
    {.bitmap_index = 21537, .adv_w = 432, .box_w = 27, .box_h = 18, .ofs_x = 0, .ofs_y = 0},
    {.bitmap_index = 21692, .adv_w = 384, .box_w = 26, .box_h = 26, .ofs_x = -1, .ofs_y = -4},
    {.bitmap_index = 21846, .adv_w = 288, .box_w = 19, .box_h = 25, .ofs_x = 0, .ofs_y = -3},
    {.bitmap_index = 22004, .adv_w = 288, .box_w = 18, .box_h = 24, .ofs_x = 0, .ofs_y = -3},
    {.bitmap_index = 22061, .adv_w = 384, .box_w = 24, .box_h = 24, .ofs_x = 0, .ofs_y = -3},
    {.bitmap_index = 22203, .adv_w = 384, .box_w = 24, .box_h = 24, .ofs_x = 0, .ofs_y = -3},
    {.bitmap_index = 22347, .adv_w = 336, .box_w = 21, .box_h = 24, .ofs_x = 0, .ofs_y = -3},
    {.bitmap_index = 22507, .adv_w = 480, .box_w = 30, .box_h = 23, .ofs_x = 0, .ofs_y = -2},
    {.bitmap_index = 22720, .adv_w = 480, .box_w = 30, .box_h = 16, .ofs_x = 0, .ofs_y = 1},
    {.bitmap_index = 22806, .adv_w = 480, .box_w = 30, .box_h = 16, .ofs_x = 0, .ofs_y = 1},
    {.bitmap_index = 22895, .adv_w = 480, .box_w = 30, .box_h = 16, .ofs_x = 0, .ofs_y = 1},
    {.bitmap_index = 22982, .adv_w = 480, .box_w = 30, .box_h = 16, .ofs_x = 0, .ofs_y = 1},
    {.bitmap_index = 23069, .adv_w = 480, .box_w = 30, .box_h = 16, .ofs_x = 0, .ofs_y = 1},
    {.bitmap_index = 23148, .adv_w = 480, .box_w = 31, .box_h = 20, .ofs_x = 0, .ofs_y = -1},
    {.bitmap_index = 23320, .adv_w = 336, .box_w = 19, .box_h = 24, .ofs_x = 1, .ofs_y = -3},
    {.bitmap_index = 23508, .adv_w = 384, .box_w = 24, .box_h = 24, .ofs_x = 0, .ofs_y = -3},
    {.bitmap_index = 23690, .adv_w = 336, .box_w = 21, .box_h = 24, .ofs_x = 0, .ofs_y = -3},
    {.bitmap_index = 23783, .adv_w = 384, .box_w = 25, .box_h = 25, .ofs_x = -1, .ofs_y = -4},
    {.bitmap_index = 23952, .adv_w = 384, .box_w = 24, .box_h = 24, .ofs_x = 0, .ofs_y = -3},
    {.bitmap_index = 24163, .adv_w = 480, .box_w = 30, .box_h = 18, .ofs_x = 0, .ofs_y = 0},
    {.bitmap_index = 24323, .adv_w = 384, .box_w = 25, .box_h = 22, .ofs_x = 0, .ofs_y = -2},
    {.bitmap_index = 24505, .adv_w = 288, .box_w = 18, .box_h = 24, .ofs_x = 0, .ofs_y = -3},
    {.bitmap_index = 24580, .adv_w = 386, .box_w = 25, .box_h = 16, .ofs_x = 0, .ofs_y = 1}
};

/*---------------------
 *  CHARACTER MAPPING
 *--------------------*/

static const uint16_t unicode_list_3[] = {
    0x0, 0x1, 0x5, 0x6, 0x9, 0xa, 0xf, 0x13,
    0xac, 0x2e1c, 0x2e1d, 0xcfee, 0xcfef, 0xcff1, 0xcff2, 0xcff5,
    0xcff8, 0xcff9, 0xcffa, 0xcffb, 0xcffd, 0xcffe, 0xd000, 0xd002,
    0xd006, 0xd009, 0xd00e, 0xd013, 0xd014, 0xd015, 0xd016, 0xd01d,
    0xd02b, 0xd030, 0xd035, 0xd038, 0xd039, 0xd03a, 0xd03e, 0xd03f,
    0xd040, 0xd041, 0xd054, 0xd055, 0xd05b, 0xd05d, 0xd05e, 0xd061,
    0xd064, 0xd065, 0xd066, 0xd068, 0xd080, 0xd082, 0xd0b1, 0xd0b2,
    0xd0b4, 0xd0b6, 0xd0cd, 0xd0d4, 0xd0d7, 0xd0e0, 0xd109, 0xd111,
    0xd147, 0xd148, 0xd151, 0xd152, 0xd1cd, 0xd1d8, 0xd22d, 0xd22e,
    0xd22f, 0xd230, 0xd231, 0xd274, 0xd280, 0xd2d7, 0xd2da, 0xd2f1,
    0xd366, 0xd547, 0xd57c, 0xd7af, 0xd88f
};

/*Collect the unicode lists and glyph_id offsets*/
static const lv_font_fmt_txt_cmap_t cmaps[] =
{
    {
        .range_start = 32, .range_length = 95, .glyph_id_start = 1,
        .unicode_list = NULL, .glyph_id_ofs_list = NULL, .list_length = 0, .type = LV_FONT_FMT_TXT_CMAP_FORMAT0_TINY
    },
    {
        .range_start = 160, .range_length = 13, .glyph_id_start = 96,
        .unicode_list = NULL, .glyph_id_ofs_list = NULL, .list_length = 0, .type = LV_FONT_FMT_TXT_CMAP_FORMAT0_TINY
    },
    {
        .range_start = 174, .range_length = 82, .glyph_id_start = 109,
        .unicode_list = NULL, .glyph_id_ofs_list = NULL, .list_length = 0, .type = LV_FONT_FMT_TXT_CMAP_FORMAT0_TINY
    },
    {
        .range_start = 8211, .range_length = 55440, .glyph_id_start = 191,
        .unicode_list = unicode_list_3, .glyph_id_ofs_list = NULL, .list_length = 85, .type = LV_FONT_FMT_TXT_CMAP_SPARSE_TINY
    }
};

/*-----------------
 *    KERNING
 *----------------*/


/*Map glyph_ids to kern left classes*/
static const uint8_t kern_left_class_mapping[] =
{
    0, 0, 1, 2, 0, 3, 4, 5,
    2, 6, 0, 7, 8, 9, 8, 9,
    10, 11, 0, 12, 13, 14, 15, 16,
    17, 18, 11, 19, 19, 0, 0, 0,
    20, 21, 0, 0, 0, 0, 0, 0,
    0, 0, 0, 0, 0, 0, 0, 0,
    0, 0, 0, 0, 0, 0, 0, 0,
    0, 0, 0, 0, 22, 23, 0, 0,
    24, 0, 0, 0, 0, 0, 0, 0,
    0, 0, 0, 0, 0, 0, 0, 0,
    0, 0, 0, 0, 0, 0, 0, 0,
    0, 0, 0, 0, 22, 0, 0, 8,
    0, 25, 26, 27, 28, 29, 0, 30,
    0, 21, 0, 31, 0, 21, 0, 32,
    8, 0, 0, 0, 33, 0, 8, 0,
    0, 0, 8, 0, 0, 0, 34, 0,
    0, 0, 0, 0, 0, 0, 0, 0,
    0, 0, 0, 0, 0, 0, 0, 0,
    0, 0, 0, 0, 0, 0, 0, 0,
    0, 0, 0, 0, 0, 0, 0, 0,
    0, 0, 0, 0, 0, 0, 0, 0,
    0, 0, 0, 0, 0, 0, 0, 0,
    0, 0, 0, 0, 0, 0, 8, 0,
    0, 0, 0, 0, 0, 0, 0, 8,
    0, 35, 36, 35, 36, 8, 9, 37,
    0, 0, 0, 0, 0, 0, 0, 0,
    0, 0, 0, 0, 0, 0, 0, 0,
    0, 0, 0, 0, 0, 0, 0, 0,
    0, 0, 0, 0, 0, 0, 0, 0,
    0, 0, 0, 0, 0, 0, 0, 0,
    0, 0, 0, 0, 0, 0, 0, 0,
    0, 0, 0, 0, 0, 0, 0, 0,
    0, 0, 0, 0, 0, 0, 0, 0,
    0, 0, 0, 0, 0, 0, 0, 0,
    0, 0, 0, 0
};

/*Map glyph_ids to kern right classes*/
static const uint8_t kern_right_class_mapping[] =
{
    0, 0, 1, 2, 0, 3, 4, 5,
    2, 0, 6, 7, 8, 9, 8, 9,
    10, 11, 12, 13, 14, 15, 16, 11,
    17, 18, 19, 20, 20, 0, 0, 0,
    21, 22, 0, 0, 0, 0, 0, 0,
    0, 0, 0, 0, 0, 0, 0, 0,
    0, 0, 0, 0, 0, 0, 0, 0,
    0, 0, 0, 0, 23, 24, 25, 0,
    26, 0, 0, 0, 0, 0, 0, 0,
    0, 0, 0, 0, 0, 0, 0, 0,
    0, 0, 0, 0, 0, 0, 0, 0,
    0, 0, 0, 0, 0, 0, 25, 8,
    0, 27, 28, 29, 30, 31, 0, 32,
    0, 22, 0, 8, 8, 22, 0, 33,
    8, 0, 0, 0, 34, 35, 8, 0,
    0, 0, 36, 0, 0, 0, 37, 0,
    0, 0, 0, 0, 0, 0, 0, 0,
    0, 0, 0, 0, 0, 0, 0, 0,
    0, 0, 0, 0, 0, 0, 0, 0,
    0, 0, 0, 0, 0, 0, 0, 0,
    0, 0, 0, 0, 0, 0, 0, 0,
    0, 0, 0, 0, 0, 0, 0, 0,
    0, 0, 0, 0, 0, 0, 8, 0,
    0, 0, 0, 0, 0, 0, 0, 8,
    0, 38, 39, 38, 39, 8, 9, 40,
    0, 0, 0, 0, 0, 0, 0, 0,
    0, 0, 0, 0, 0, 0, 0, 0,
    0, 0, 0, 0, 0, 0, 0, 0,
    0, 0, 0, 0, 0, 0, 0, 0,
    0, 0, 0, 0, 0, 0, 0, 0,
    0, 0, 0, 0, 0, 0, 0, 0,
    0, 0, 0, 0, 0, 0, 0, 0,
    0, 0, 0, 0, 0, 0, 0, 0,
    0, 0, 0, 0, 0, 0, 0, 0,
    0, 0, 0, 0
};

/*Kern values between classes*/
static const int8_t kern_class_values[] =
{
    0, 0, 0, 0, 0, 0, 3, 0,
    0, 0, 0, 4, 0, 0, 0, 0,
    3, 0, 0, 0, 0, 0, 0, 0,
    0, 0, 0, 0, 0, 0, 4, 0,
    0, 0, 0, 0, 0, 0, 0, 0,
    0, 17, 0, 10, -8, 0, 8, 0,
    -21, -23, 3, 18, 8, 7, -15, 3,
    19, 0, 16, 4, 12, -6, 0, 23,
    3, -3, 0, -6, 0, -8, 8, 0,
    8, 0, 18, 0, -17, 0, 0, 0,
    0, -12, 0, 0, 0, 0, -8, 7,
    8, 0, 0, -4, 0, -3, 4, 0,
    -4, 0, -4, -2, -8, 0, 0, -4,
    0, -8, 0, 0, 0, 0, 0, 0,
    -6, 0, 0, 0, -4, -10, -4, 0,
    0, -10, 0, -46, 0, -8, -19, 8,
    12, 0, 0, -8, 4, 4, 13, 8,
    -7, 8, 0, 0, -22, 0, 0, -14,
    0, 0, 0, 9, 0, 0, 0, 0,
    -10, 0, 0, 0, 0, -8, -8, 0,
    -5, -19, 0, -15, -3, 0, -12, 0,
    1, 15, 0, -12, -3, 0, 0, 0,
    -7, 0, 0, -3, -28, 0, 0, -31,
    -3, 15, -4, 0, 0, 0, 0, 0,
    -16, 0, -17, 0, 0, -12, -10, 0,
    0, 0, 0, 0, 0, 0, 0, 0,
    0, 13, 0, 4, 0, 0, -8, 0,
    0, 0, 0, 0, 0, 0, 0, 15,
    3, 0, 0, 0, 0, 0, 5, 0,
    0, 0, 0, 0, 0, 0, 0, 0,
    3, 8, 4, 12, -4, 0, 8, -4,
    -13, -53, 3, 10, 8, 0, -5, 0,
    14, 0, 12, 0, 12, 0, 0, 0,
    0, -4, 0, -6, 0, 3, 0, 0,
    12, 0, 14, 5, -31, 12, 12, 0,
    0, 0, -7, -14, 0, 0, -4, 0,
    -3, 0, 3, -7, -5, -8, 3, 0,
    -4, 0, 0, 0, -15, 3, 0, -25,
    0, 0, 0, 4, 0, 3, -9, 4,
    0, 0, -33, -4, 0, 0, 0, 0,
    0, -21, 4, -24, 0, 0, -13, -3,
    0, 38, -5, -5, 4, 4, -3, 0,
    -5, 4, 0, 0, -20, -8, 0, -37,
    0, 4, 0, -5, 0, -4, -12, 0,
    -24, 0, -50, 0, 4, -7, -7, 0,
    0, 23, -8, 0, -14, 13, 0, -26,
    -37, -26, -8, 12, 0, 0, -26, 0,
    5, -9, 0, -6, 0, -8, 0, 10,
    12, -47, -25, -26, -4, 0, 15, -8,
    18, -26, 0, -19, -29, 19, 20, 0,
    0, 3, 0, 0, 0, 0, 3, 3,
    -5, -8, 0, 0, 0, -4, 0, 0,
    -3, 0, 0, 0, -8, 0, 0, -8,
    0, -8, 0, 0, 0, 0, -5, 0,
    0, 0, 0, 0, -12, 0, 0, 0,
    0, 0, 0, 4, -3, 0, 0, -3,
    4, 4, 0, 0, 0, 0, -7, 0,
    0, 0, 0, 0, 0, 0, 0, -3,
    0, 12, 0, -4, 0, 0, 0, 0,
    0, 0, 0, 0, 0, 0, 0, 0,
    0, -4, 0, -4, 0, 0, 0, 0,
    0, 0, 0, 0, -2, -2, 0, -4,
    -5, 0, 0, 0, 0, 0, 0, 0,
    0, 0, 0, 0, 0, 0, 0, 0,
    -6, 0, 0, 0, 0, 0, 0, 0,
    0, -12, -3, -12, 8, 0, -8, 4,
    8, 10, 0, -10, 0, -5, 0, 0,
    -18, 4, -3, 3, -20, 4, 0, -19,
    0, 8, 0, 5, 4, 4, -4, 8,
    -12, 0, -7, 0, 4, -9, -4, 0,
    0, 0, 0, -4, 0, 0, -4, 0,
    0, 0, 0, 0, -2, -2, 0, -2,
    -5, 0, 0, 0, 0, 0, 0, -4,
    0, 0, 0, 0, 0, 0, 0, 0,
    -5, 0, 0, 0, 0, 0, 0, 0,
    0, -3, 0, -8, 4, 0, -5, 2,
    4, 4, 0, 0, 0, 0, 0, 0,
    -3, 0, 0, 0, 0, 0, 0, 0,
    0, 0, 0, 3, 0, 4, 0, 8,
    -7, 0, 0, 0, 0, -4, 0, 0,
    0, 12, -3, 0, -12, 0, 10, -19,
    -20, -16, -8, 4, 0, -3, -25, -7,
    0, -7, 0, -8, 6, -7, 0, 4,
    -1, -12, -10, -19, -5, -8, 5, -4,
    2, -9, 10, -7, -24, 4, 8, 0,
    0, 0, 0, -4, 0, 0, 3, 0,
    4, 0, 0, 0, 0, 0, 0, 0,
    0, 0, 0, 0, -4, 0, 0, -12,
    0, 0, 0, 0, 0, 0, -4, 4,
    0, 0, 0, 0, -8, -2, 0, 0,
    0, 4, 0, 0, 0, 0, 0, 0,
    0, 18, 0, 0, 0, 0, 0, 0,
    3, 0, 0, 0, -4, 0, 0, -7,
    0, 4, 0, 0, 0, 0, -15, 0,
    0, 0, 0, 0, 0, 0, 0, 0,
    -3, 0, 0, 0, -7, 0, 5, 0,
    -19, -12, 0, 0, 0, -6, -19, 0,
    0, -4, 4, 0, -18, 0, -6, 0,
    0, -7, -3, -4, 0, 0, -6, 0,
    4, 0, 0, 4, -41, 9, 9, 0,
    0, -6, 0, 0, 0, 5, 0, 3,
    -8, -8, 0, -4, -4, -5, 0, 0,
    0, 0, 0, 0, -12, 0, 0, -8,
    3, -12, 0, 0, 0, 0, 0, 0,
    4, 0, 0, 0, -8, -5, -6, 0,
    0, 3, 0, 0, 0, 3, 0, -3,
    0, 15, 0, 7, 0, 0, -5, 0,
    8, 0, 0, 0, 3, 0, 0, 12,
    0, 11, 0, 0, 0, 0, 5, 0,
    0, 0, 0, 0, 0, 0, 0, 0,
    0, -23, 0, -4, 7, 12, -53, 0,
    38, 5, -8, -8, 4, 4, -3, 0,
    -19, 0, 0, 18, -23, -8, 0, -26,
    15, 54, 15, 0, 0, 0, 0, 12,
    -23, 0, -12, 3, 12, -20, -20, 0,
    0, -3, 8, -10, 0, 0, -4, 0,
    4, 50, -8, -3, 12, 10, -10, 4,
    0, 0, 4, 4, -5, -12, 0, -50,
    11, 0, 4, -10, 7, -3, -4, 10,
    0, 0, -27, 4, 0, 0, 0, 12,
    0, 0, 0, 0, 0, 0, 0, 0,
    0, 15, 0, -8, 0, 0, 0, 0,
    0, 0, 0, 0, 0, 0, 0, -21,
    0, 4, 0, 0, 0, 0, -8, 0,
    0, 0, 0, 0, 0, 0, 0, 0,
    0, 0, 0, 0, -8, -8, 5, -4,
    8, 0, -3, -9, -3, -7, -7, 0,
    -5, -2, -3, 3, -7, 0, -3, -18,
    -3, 0, 0, -3, 0, 0, 0, -3,
    7, 0, 0, 0, -3, 7, 9, 0,
    0, 0, -4, 0, -14, 0, 10, -12,
    0, 5, -14, 7, -4, -4, -13, -5,
    3, -13, -8, -12, 0, -5, 0, 7,
    0, 7, -10, -12, 0, 0, 0, -4,
    0, -8, 5, -5, -8, 0, 0, 0,
    0, 0, 0, 0, 0, 0, 3, 3,
    -4, 0, 0, 0, -3, 0, 0, 0,
    -5, 0, 0, 0, 0, 0, 0, 0,
    0, -3, 0, 0, 0, 0, 0, 0,
    0, 0, 0, 0, -3, 0, 0, 0,
    4, 8, 0, 0, 0, 5, 0, -9,
    -12, -12, -5, 12, 0, 4, -4, 0,
    10, -4, 0, -15, 0, 0, 0, 19,
    5, -4, -8, 0, 0, 0, 0, 0,
    0, 0, 0, 0, -15, 0, 3, 0,
    0, 0, 0, 0, 0, 0, 0, 8,
    0, 8, 0, 0, 0, 0, 7, 0,
    3, 4, 0, 0, 0, 0, 0, 0,
    0, 3, 0, 3, 0, 0, 0, 0,
    0, 3, 0, 0, 0, 4, 4, 0,
    0, 0, 0, 0, 0, 0, 5, -4,
    0, 3, 0, 0, 0, 0, 3, 3,
    0, 0, 0, 0, -4, 0, 0, -22,
    0, 4, 0, 0, 0, 0, 0, 0,
    0, 0, 0, 0, 3, 0, 0, 0,
    0, 8, 8, 9, 0, 0, 12, 0,
    -24, -22, 0, 17, 12, 7, -15, 3,
    16, 0, 14, 0, 8, 4, 0, 20,
    0, 0, 0, -7, 0, 0, 0, 0,
    0, 0, 0, 0, -24, 0, 0, 0,
    0, 0, -6, 0, 0, 0, 0, 0,
    0, 0, 0, -3, 0, 0, 0, 0,
    0, 0, 0, 0, 8, 0, 0, -26,
    0, 0, 0, 0, 0, 0, 0, 0,
    0, 0, 0, 0, 0, 0, 0, 0,
    0, -13, 0, -23, -7, 0, -32, -15,
    0, 15, -18, -17, 0, 0, -17, 0,
    -17, -17, 0, 0, -51, -20, 0, -36,
    3, 19, 0, -13, 3, -7, -19, 0,
    -22, -5, -34, -4, -10, -9, -8, 0,
    0, 0, 4, 15, -5, 0, 12, 0,
    -7, -20, 0, 14, 5, 7, -14, 0,
    16, -2, 12, 0, 14, 0, 0, 20,
    0, 0, 0, -5, 0, 0, 0, 4,
    0, 12, 14, 0, -12, 11, 11, 0,
    0, 0, 4, 15, -5, 0, 12, 0,
    -7, -20, 0, 18, 8, 7, -22, 0,
    10, 0, 4, 0, 14, 0, 0, 20,
    0, 0, 0, -10, 0, 0, 3, 4,
    0, 0, 14, 0, -12, 11, 11, 0,
    0, 0, 0, 0, 0, 0, 0, 0,
    0, 0, 0, 0, 0, 0, 0, 0,
    0, 0, 0, 0, -8, 0, 0, -8,
    0, -4, 0, 0, 0, 0, 0, 0,
    0, 0, 0, 0, 0, -4, 0, 0
};


/*Collect the kern class' data in one place*/
static const lv_font_fmt_txt_kern_classes_t kern_classes =
{
    .class_pair_values   = kern_class_values,
    .left_class_mapping  = kern_left_class_mapping,
    .right_class_mapping = kern_right_class_mapping,
    .left_class_cnt      = 37,
    .right_class_cnt     = 40,
};

/*--------------------
 *  ALL CUSTOM DATA
 *--------------------*/

#if LVGL_VERSION_MAJOR == 8
/*Store all the custom data of the font*/
static  lv_font_fmt_txt_glyph_cache_t cache;
#endif

#if LVGL_VERSION_MAJOR >= 8
static const lv_font_fmt_txt_dsc_t font_dsc = {
#else
static lv_font_fmt_txt_dsc_t font_dsc = {
#endif
    .glyph_bitmap = glyph_bitmap,
    .glyph_dsc = glyph_dsc,
    .cmaps = cmaps,
    .kern_dsc = &kern_classes,
    .kern_scale = 16,
    .cmap_num = 4,
    .bpp = 4,
    .kern_classes = 1,
    .bitmap_format = 1,
#if LVGL_VERSION_MAJOR == 8
    .cache = &cache
#endif
};



/*-----------------
 *  PUBLIC FONT
 *----------------*/

/*Initialize a public general font descriptor*/
#if LVGL_VERSION_MAJOR >= 8
const lv_font_t lv_font_montserrat_24 = {
#else
lv_font_t lv_font_montserrat_24 = {
#endif
    .get_glyph_dsc = lv_font_get_glyph_dsc_fmt_txt,    /*Function pointer to get glyph's data*/
    .get_glyph_bitmap = lv_font_get_bitmap_fmt_txt,    /*Function pointer to get glyph's bitmap*/
    .line_height = 29,          /*The maximum line height required by the font*/
    .base_line = 6,             /*Baseline measured from the bottom of the line*/
#if !(LVGL_VERSION_MAJOR == 6 && LVGL_VERSION_MINOR == 0)
    .subpx = LV_FONT_SUBPX_NONE,
#endif
#if LV_VERSION_CHECK(7, 4, 0) || LVGL_VERSION_MAJOR >= 8
    .underline_position = -2,
    .underline_thickness = 1,
#endif
    .dsc = &font_dsc,          /*The custom font data. Will be accessed by `get_glyph_bitmap/dsc` */
#if LV_VERSION_CHECK(8, 2, 0) || LVGL_VERSION_MAJOR >= 9
    .fallback = NULL,
#endif
    .user_data = NULL,
};



#endif /*#if LV_FONT_MONTSERRAT_24*/

