/*******************************************************************************
 * Size: 20 px
 * Bpp: 4
 * Opts: --bpp 4 --size 20 --font Montserrat-Medium-v9.ttf -r 0x20-0xFF,0xB0,0x2013-0x2014,0x2018-0x2019,0x201C-0x201D,0x2022,0x2026,0x20BF --font SatoshiSymbol.ttf -r 0x4E2F,0x4E30 --font FontAwesome5-Solid+Brands+Regular.woff -r 61441,61448,61451,61452,61452,61453,61457,61459,61461,61465,61468,61473,61478,61479,61480,61502,61507,61512,61515,61516,61517,61521,61522,61523,61524,61543,61544,61550,61552,61553,61556,61559,61560,61561,61563,61587,61589,61636,61637,61639,61641,61664,61671,61674,61683,61724,61732,61787,61931,62016,62017,62018,62019,62020,62087,62099,62212,62189,62810,63426,63650,0xf002,0xf004,0xf005,0xf00e,0xf010,0xf029,0xf030,0xf15a,0xf164,0xf165,0xf1e0,0xf2ea,0xf379,0xf58f --format lvgl -o /Users/RT/MicroPythonOS/lvgl_micropython/lib_lvgl_src_font/lv_font_montserrat_20.c --force-fast-kern-format
 ******************************************************************************/

#ifdef LV_LVGL_H_INCLUDE_SIMPLE
#include "lvgl.h"
#else
#include "lvgl/lvgl.h"
#endif

#ifndef LV_FONT_MONTSERRAT_20
#define LV_FONT_MONTSERRAT_20 1
#endif

#if LV_FONT_MONTSERRAT_20

/*-----------------
 *    BITMAPS
 *----------------*/

/*Store the image of the glyphs*/
static LV_ATTRIBUTE_LARGE_CONST const uint8_t glyph_bitmap[] = {
    /* U+0020 " " */

    /* U+0021 "!" */
    0x6f, 0xc0, 0x8, 0xc1, 0xc4, 0x4, 0x2, 0x70,
    0x30, 0x8, 0x40, 0x40, 0x1e, 0x64, 0x22, 0xd6,
    0x19, 0x48, 0x6a, 0xd0, 0x70,

    /* U+0022 "\"" */
    0xbe, 0x1, 0xf8, 0x0, 0xf0, 0x98, 0x5, 0xe0,
    0x10, 0x80, 0x7e, 0xfa, 0x0, 0x3a, 0x0,

    /* U+0023 "#" */
    0x0, 0xcf, 0xe0, 0x12, 0x79, 0x0, 0x7b, 0x4c,
    0x2, 0x30, 0x20, 0xf, 0x33, 0x0, 0x2e, 0x20,
    0xd, 0xbf, 0xe3, 0x5f, 0xf9, 0x8b, 0xfd, 0x1,
    0x6e, 0xe0, 0x47, 0x78, 0x4d, 0xdd, 0x80, 0xd1,
    0x41, 0xf1, 0x10, 0xdc, 0x41, 0x0, 0x26, 0x7,
    0x0, 0xc4, 0x1, 0xe1, 0x2, 0x0, 0x10, 0x8,
    0x7, 0x88, 0x4, 0x0, 0xc0, 0xc0, 0x13, 0xff,
    0xa0, 0x3f, 0xeb, 0xd, 0xfe, 0x4, 0x77, 0x11,
    0x1d, 0xe3, 0x7, 0x74, 0x81, 0xc4, 0x1, 0x22,
    0x26, 0x38, 0x83, 0x80, 0x62, 0xe0, 0x9, 0x98,
    0x1, 0xe1, 0x2, 0x0, 0x88, 0x80, 0x18,

    /* U+0024 "$" */
    0x0, 0xe5, 0xf0, 0xf, 0xfe, 0xa3, 0xe5, 0x7,
    0xe4, 0x8, 0x5, 0xb0, 0x62, 0x6, 0x67, 0xc0,
    0x4, 0x11, 0xf5, 0x86, 0x7c, 0xd8, 0x1, 0x3,
    0xc4, 0x3, 0x33, 0x0, 0x33, 0x0, 0x7f, 0x50,
    0x53, 0x98, 0x7, 0xcc, 0xe1, 0x12, 0x12, 0x80,
    0x1d, 0x1d, 0x6, 0xd, 0x7c, 0xa0, 0x18, 0x5e,
    0x42, 0xd0, 0x68, 0x80, 0x3e, 0x4b, 0x60, 0xa0,
    0x10, 0xf, 0xbc, 0x2, 0xca, 0x20, 0xc, 0x50,
    0x18, 0xc, 0xbb, 0xd0, 0x1b, 0xa1, 0x64, 0xb,
    0xb2, 0x81, 0x1, 0xa5, 0x48, 0x4, 0x95, 0xd4,
    0x1d, 0x6a, 0x1, 0xff, 0xc7, 0x78, 0x0, 0xe0,

    /* U+0025 "%" */
    0x0, 0x4f, 0x72, 0x40, 0x3d, 0xb4, 0x1, 0xa9,
    0x2a, 0x89, 0x40, 0x1a, 0x4e, 0xc0, 0x21, 0x59,
    0x44, 0x4a, 0x88, 0x1, 0x1a, 0x84, 0x2, 0x20,
    0x50, 0x2, 0x81, 0x0, 0xd3, 0x20, 0x6, 0x20,
    0x30, 0x1, 0x81, 0x5, 0x9c, 0x80, 0x70, 0xa4,
    0x80, 0x25, 0x5, 0x55, 0xc0, 0x1f, 0x50, 0x7f,
    0x82, 0x86, 0xdc, 0xe7, 0xb5, 0xc0, 0x21, 0xbf,
    0xf5, 0x8d, 0x9c, 0x52, 0xec, 0x4b, 0x0, 0x7c,
    0xaa, 0xe2, 0x5e, 0x35, 0x9b, 0x0, 0xf0, 0xd4,
    0x1b, 0x1, 0x0, 0x10, 0x80, 0x3d, 0x46, 0xe0,
    0x1f, 0xfc, 0x16, 0x4e, 0x0, 0x30, 0x10, 0x1,
    0x4, 0x3, 0x14, 0xc1, 0x0, 0x9, 0x39, 0x16,
    0x20, 0x1, 0xb8, 0xdc, 0x3, 0x53, 0x5d, 0x9d,
    0x80,

    /* U+0026 "&" */
    0x0, 0x86, 0x77, 0xf5, 0xc0, 0x3f, 0x63, 0x3c,
    0x34, 0x38, 0x7, 0x90, 0x9a, 0x9e, 0xca, 0xc0,
    0x3c, 0x21, 0xc0, 0x1f, 0xf2, 0x5, 0x0, 0x20,
    0xa0, 0x3, 0xc3, 0x45, 0x78, 0xf4, 0x80, 0x1f,
    0x8, 0x90, 0xf1, 0x40, 0x3e, 0x9b, 0x28, 0xe,
    0x10, 0x4, 0x18, 0x1, 0xd9, 0x98, 0xf4, 0x5e,
    0x42, 0xf6, 0x0, 0x91, 0x90, 0x2, 0xd8, 0xe5,
    0x85, 0x80, 0x4, 0xc0, 0x32, 0x58, 0xa9, 0x98,
    0x0, 0x44, 0x70, 0xc, 0x22, 0x3, 0x30, 0x2,
    0x42, 0x3a, 0xed, 0xd4, 0x12, 0x18, 0x40, 0x9a,
    0xc6, 0x88, 0x28, 0xe6, 0xc4, 0x20, 0x1, 0x4e,
    0xff, 0xb1, 0xc0, 0x7, 0x60,

    /* U+0027 "'" */
    0xbe, 0x0, 0x9, 0x80, 0x6f, 0xa0,

    /* U+0028 "(" */
    0x0, 0xbb, 0x40, 0x27, 0x1b, 0x0, 0xa4, 0x18,
    0x0, 0x62, 0xa0, 0x15, 0x87, 0x80, 0x46, 0xe,
    0x1, 0x28, 0x10, 0x4, 0x22, 0x0, 0xe3, 0x0,
    0x84, 0x4, 0x2, 0x10, 0x10, 0xe, 0x30, 0xc,
    0x22, 0x0, 0xca, 0x4, 0x1, 0x18, 0x38, 0x5,
    0x61, 0xe0, 0x11, 0x8a, 0x80, 0x69, 0x6, 0x0,
    0x9c, 0x6c, 0x0,

    /* U+0029 ")" */
    0x2f, 0xb0, 0x1, 0x2a, 0x18, 0x2, 0x42, 0x40,
    0x6, 0x2a, 0x1, 0x38, 0x20, 0x3, 0xc0, 0xc0,
    0xa, 0x1a, 0x0, 0x10, 0x10, 0x1, 0x83, 0x80,
    0x4, 0x4, 0x0, 0x20, 0x20, 0x3, 0x7, 0x0,
    0x8, 0x8, 0x1, 0x43, 0x40, 0x1e, 0x6, 0x0,
    0x70, 0x40, 0x31, 0x50, 0x4, 0x84, 0x81, 0x2a,
    0x18, 0x0,

    /* U+002A "*" */
    0x0, 0xa6, 0x40, 0x11, 0x30, 0x6, 0x62, 0x79,
    0xc2, 0x26, 0x4b, 0xae, 0xba, 0x21, 0xf5, 0x41,
    0x54, 0x0, 0x55, 0x3, 0x44, 0xb3, 0x26, 0x19,
    0x9c, 0xe0, 0x7, 0xe6, 0x1, 0xf, 0xf0, 0x8,
    0x0,

    /* U+002B "+" */
    0x0, 0xff, 0xe1, 0x7d, 0x0, 0x7f, 0xf5, 0xab,
    0xfe, 0x5, 0xff, 0x93, 0x15, 0x60, 0x25, 0x59,
    0x99, 0x55, 0x3, 0xd5, 0x44, 0x1, 0xff, 0xc8,

    /* U+002C "," */
    0x6, 0xa1, 0x9, 0x59, 0x5, 0xf, 0xf, 0x5,
    0xc, 0x32, 0x4, 0xb0,

    /* U+002D "-" */
    0x9b, 0xbc, 0xa8, 0x9d, 0xa0,

    /* U+002E "." */
    0x7, 0xb2, 0x8, 0x4a, 0x5, 0x1c,

    /* U+002F "/" */
    0x0, 0xf9, 0xd4, 0x3, 0xc9, 0x4, 0x1, 0xee,
    0x6, 0x0, 0xf2, 0x98, 0x80, 0x72, 0x5, 0x0,
    0x7b, 0x81, 0xc0, 0x3c, 0xa6, 0x20, 0x1c, 0xa1,
    0x40, 0x1e, 0xf0, 0x70, 0xf, 0x2a, 0x8, 0x7,
    0x28, 0x68, 0x7, 0xbc, 0x1c, 0x3, 0xca, 0x82,
    0x1, 0xca, 0x1a, 0x1, 0xee, 0x7, 0x0, 0xe1,
    0x44, 0x8, 0x7, 0x38, 0x70, 0x7, 0xb4, 0x14,
    0x3, 0x85, 0x10, 0x1, 0xe7, 0xe, 0x0, 0xf0,

    /* U+0030 "0" */
    0x0, 0x86, 0x37, 0xfa, 0x8c, 0x3, 0x8b, 0x1c,
    0x88, 0xb, 0x8a, 0x1, 0xbc, 0x97, 0xb7, 0xa4,
    0x28, 0xc0, 0xc, 0x49, 0x42, 0x0, 0x69, 0x8,
    0x0, 0x68, 0x78, 0x7, 0x30, 0x20, 0x82, 0x82,
    0x80, 0x79, 0x0, 0x80, 0x40, 0x40, 0x3c, 0x20,
    0xc0, 0x1f, 0xfc, 0x21, 0x1, 0x0, 0xf0, 0x83,
    0x2, 0x82, 0x80, 0x79, 0x0, 0x83, 0x42, 0x0,
    0x39, 0x81, 0x4, 0x18, 0x8e, 0x84, 0x0, 0xd2,
    0x12, 0x1, 0x79, 0x2f, 0x6f, 0xc8, 0x51, 0x0,
    0x45, 0x8e, 0x44, 0x15, 0xc5, 0x0, 0x0,

    /* U+0031 "1" */
    0xdf, 0xfc, 0x8e, 0x66, 0x10, 0x5, 0x66, 0x14,
    0x3, 0xff, 0xf0,

    /* U+0032 "2" */
    0x0, 0x36, 0x77, 0xf5, 0x18, 0x0, 0xb6, 0x4c,
    0x8, 0x57, 0x14, 0x1c, 0x9b, 0xb9, 0xbe, 0xc1,
    0x60, 0xbd, 0x22, 0x1, 0x48, 0x88, 0x80, 0x40,
    0x3c, 0x60, 0x60, 0x1f, 0x11, 0x42, 0x1, 0xe1,
    0xf0, 0x80, 0xf, 0xe, 0x93, 0xa8, 0x7, 0xe,
    0x1b, 0xc0, 0x7, 0xe, 0x13, 0xc0, 0x7, 0x17,
    0x94, 0x40, 0x3, 0x8b, 0x6, 0x5c, 0x3, 0x8b,
    0x4, 0x2b, 0x33, 0xa5, 0x84, 0x0, 0x67, 0xe5,

    /* U+0033 "3" */
    0x4f, 0xff, 0xe0, 0x73, 0x3f, 0x8, 0x10, 0x1e,
    0x67, 0x70, 0x8b, 0xc0, 0x3c, 0x3e, 0x14, 0x40,
    0x1e, 0xd2, 0x94, 0x0, 0xf4, 0x9a, 0xb0, 0x7,
    0xcc, 0xb, 0xf2, 0x1, 0xe9, 0x93, 0x8b, 0x60,
    0x7, 0x33, 0x23, 0xc8, 0xd4, 0x3, 0xe1, 0x50,
    0xd0, 0x10, 0xf, 0x10, 0x7b, 0xfb, 0x8, 0x4,
    0xea, 0xa, 0x3, 0x3d, 0xd7, 0xc0, 0x49, 0x3e,
    0xb9, 0x88, 0xcb, 0x8c, 0x0,

    /* U+0034 "4" */
    0x0, 0xf9, 0xfe, 0xc0, 0x3f, 0xc7, 0x5, 0x40,
    0x1f, 0xc3, 0xa1, 0xc2, 0x1, 0xfd, 0x43, 0x26,
    0x1, 0xfd, 0x8, 0xac, 0x1, 0xfc, 0x8e, 0x54,
    0x0, 0x10, 0xf, 0x15, 0x7, 0x80, 0x1b, 0x9c,
    0x3, 0xb8, 0x64, 0x80, 0x3f, 0xa4, 0xd9, 0x80,
    0x1f, 0xc6, 0xc0, 0xdf, 0xfa, 0x42, 0x3f, 0xc4,
    0x26, 0x7f, 0x10, 0x9, 0x9c, 0x59, 0x9f, 0x50,
    0x4e, 0x60, 0x40, 0x3f, 0xfa, 0x0,

    /* U+0035 "5" */
    0x0, 0x7f, 0xfe, 0x0, 0x8, 0x0, 0xcf, 0xc0,
    0x3, 0x4, 0xcc, 0xf0, 0x1, 0x80, 0x80, 0x3f,
    0x10, 0x70, 0x7, 0xe1, 0x9, 0xcc, 0x53, 0x90,
    0x5, 0xc0, 0x26, 0x65, 0x8d, 0x70, 0x4, 0xff,
    0xec, 0x70, 0x84, 0x0, 0xf1, 0xc4, 0x3, 0x80,
    0x3f, 0x18, 0x8, 0x10, 0x7, 0x88, 0x4, 0xf6,
    0x8, 0x2, 0x59, 0xe, 0x71, 0x7d, 0xed, 0xfa,
    0x6, 0x44, 0x7c, 0x20, 0x10, 0xa5, 0x48, 0x0,

    /* U+0036 "6" */
    0x0, 0xcb, 0x7d, 0xfd, 0x8c, 0x1, 0xae, 0x90,
    0xcf, 0x68, 0x5, 0x48, 0xbb, 0xac, 0xde, 0xa0,
    0x2, 0x2a, 0x51, 0x0, 0x42, 0x20, 0x7, 0x4,
    0x0, 0x7f, 0x20, 0x1b, 0x67, 0xfb, 0x18, 0x2,
    0x10, 0xa9, 0x14, 0x33, 0x4d, 0x0, 0x65, 0x9d,
    0xbc, 0xd1, 0x55, 0x0, 0x4a, 0xc0, 0x11, 0x58,
    0x78, 0x18, 0x68, 0x7, 0x30, 0x30, 0x58, 0x68,
    0x7, 0x30, 0x30, 0x30, 0xab, 0x0, 0x45, 0x61,
    0xc0, 0x34, 0x13, 0xd7, 0x9a, 0x2e, 0x80, 0x4,
    0xd6, 0x34, 0x24, 0xa8, 0x0,

    /* U+0037 "7" */
    0x6f, 0xff, 0xf1, 0x0, 0x4, 0xcf, 0x88, 0x0,
    0x60, 0x6, 0xcc, 0xeb, 0x5, 0x10, 0xf, 0xd6,
    0x12, 0xf, 0x74, 0x1, 0x94, 0x8c, 0xc0, 0x28,
    0x40, 0x1a, 0x42, 0x40, 0x3f, 0x19, 0x89, 0x40,
    0x3f, 0x48, 0x58, 0x7, 0xe2, 0x51, 0x60, 0xf,
    0xd6, 0xc, 0x1, 0xf8, 0x58, 0x24, 0x3, 0xf3,
    0x3, 0x8, 0x7, 0xe9, 0xb, 0x0, 0xfc, 0xc2,
    0x84, 0x1, 0xc0,

    /* U+0038 "8" */
    0x0, 0x9b, 0x3b, 0xfa, 0xd4, 0x3, 0x64, 0x99,
    0x29, 0x25, 0x58, 0x1, 0xcc, 0xdd, 0x95, 0x9a,
    0x48, 0x80, 0xe0, 0xa1, 0x0, 0x89, 0x40, 0xc3,
    0xc3, 0x40, 0x30, 0xa8, 0x18, 0x32, 0xa7, 0x54,
    0xd7, 0x13, 0xa0, 0x3, 0xc0, 0x55, 0x94, 0x7,
    0x0, 0xd, 0x43, 0x3d, 0xfb, 0x3, 0x68, 0x10,
    0x1a, 0xc2, 0x4, 0xf4, 0x10, 0x23, 0x18, 0x7,
    0x28, 0x18, 0x80, 0x88, 0x3, 0x8c, 0x4, 0x10,
    0x28, 0x40, 0x22, 0xe0, 0x60, 0xa2, 0x4e, 0xcb,
    0xcd, 0x23, 0x80, 0x1d, 0x83, 0x32, 0x12, 0x4e,
    0x0,

    /* U+0039 "9" */
    0x0, 0x1d, 0x77, 0xf5, 0xa0, 0x6, 0x6c, 0x53,
    0x42, 0x4b, 0x80, 0x0, 0xc8, 0x5e, 0xde, 0x71,
    0xba, 0x82, 0x3, 0x20, 0x4, 0x3e, 0x10, 0x6,
    0x1, 0xfc, 0x42, 0x80, 0xc8, 0x1, 0xf, 0x80,
    0x14, 0x9c, 0x2f, 0x6f, 0x38, 0x8c, 0x4, 0x22,
    0xd0, 0xd0, 0x5b, 0xd8, 0x4, 0x0, 0x97, 0xdf,
    0xb2, 0x2e, 0xe, 0x1, 0xf8, 0x88, 0x6, 0x1,
    0xfa, 0x1, 0x80, 0x24, 0x0, 0x86, 0x94, 0x60,
    0x0, 0xd7, 0xdb, 0xae, 0x52, 0xd1, 0x0, 0x2a,
    0x8c, 0x8c, 0xd1, 0xa6, 0x0,

    /* U+003A ":" */
    0xa, 0xe4, 0x5, 0x1c, 0x8, 0x4a, 0x7, 0xb2,
    0x0, 0xff, 0xe2, 0xbd, 0x90, 0x42, 0x50, 0x28,
    0xe0,

    /* U+003B ";" */
    0xa, 0xe4, 0x5, 0x1c, 0x8, 0x4a, 0x7, 0xb2,
    0x0, 0xff, 0xe2, 0xb5, 0x8, 0x4a, 0xc8, 0x28,
    0x78, 0x78, 0x28, 0x61, 0x90, 0x25, 0x80,

    /* U+003C "<" */
    0x0, 0xfc, 0xc6, 0x1, 0xc5, 0x3f, 0x2e, 0x1,
    0x2e, 0x6b, 0x25, 0xa1, 0x47, 0x51, 0x47, 0x5a,
    0x4, 0x3a, 0xdf, 0x38, 0x80, 0x44, 0x9, 0xc8,
    0x1, 0xd1, 0xac, 0x97, 0xae, 0x20, 0x11, 0x4f,
    0x48, 0xc7, 0x51, 0x0, 0x66, 0xcc, 0x32, 0xb0,
    0x7, 0x8e, 0x7d, 0x40,

    /* U+003D "=" */
    0xaf, 0xff, 0xc9, 0x8a, 0xbf, 0x99, 0x95, 0x5f,
    0x88, 0x3, 0xff, 0x91, 0x5f, 0xff, 0x93, 0x15,
    0x7f, 0x30,

    /* U+003E ">" */
    0x63, 0x0, 0xfd, 0x98, 0xd6, 0x10, 0xe, 0xb8,
    0x9, 0xe9, 0x30, 0x8, 0x5f, 0x71, 0x5b, 0x30,
    0xc0, 0x18, 0xeb, 0xa4, 0xa5, 0x0, 0x39, 0xe8,
    0x41, 0xc0, 0x7, 0x3f, 0x23, 0x3e, 0x6b, 0xb8,
    0xcb, 0x9a, 0xc0, 0xf, 0x8, 0xea, 0x30, 0xd,
    0x1a, 0xe2, 0x1, 0xe0,

    /* U+003F "?" */
    0x0, 0x3e, 0x77, 0xed, 0x18, 0x0, 0xba, 0xc,
    0x8c, 0xcb, 0x8c, 0x8, 0x2f, 0xf9, 0x8e, 0x70,
    0x80, 0x6e, 0x80, 0xd, 0x0, 0x22, 0x1, 0x0,
    0xe1, 0x1, 0x10, 0x7, 0xd4, 0x10, 0x1, 0xe1,
    0xc4, 0x76, 0x0, 0xf5, 0x1b, 0xc0, 0x7, 0x91,
    0x7, 0x0, 0x1f, 0x3c, 0x40, 0x3, 0xf1, 0xba,
    0x0, 0x7e, 0x29, 0x30, 0xf, 0xd0, 0xde, 0x1,
    0xfb, 0x1, 0x0, 0x30,

    /* U+0040 "@" */
    0x0, 0xf2, 0x4e, 0xf7, 0xf6, 0x41, 0x80, 0x7f,
    0x1e, 0x5a, 0x22, 0x66, 0x56, 0xcb, 0x10, 0xf,
    0x2e, 0xe, 0x6c, 0xbb, 0x3c, 0xf5, 0xb7, 0x98,
    0x6, 0x4a, 0x5d, 0x30, 0x58, 0x82, 0x81, 0xec,
    0xae, 0x90, 0x5, 0x27, 0x40, 0x5b, 0x4e, 0xea,
    0xdb, 0x61, 0xb3, 0x80, 0x3, 0x17, 0x80, 0xe1,
    0x3e, 0xfe, 0xb, 0x80, 0x50, 0xa4, 0x1a, 0x46,
    0x12, 0x31, 0x2, 0x3, 0xd1, 0x0, 0x94, 0x54,
    0x15, 0x0, 0x8, 0xe, 0x1, 0x85, 0x80, 0x31,
    0x70, 0xf, 0x0, 0x8, 0x40, 0x3d, 0xa0, 0x19,
    0x88, 0x3, 0x8c, 0x40, 0x3c, 0x60, 0x18, 0x44,
    0x3, 0xc0, 0x7, 0x3, 0x0, 0xed, 0x0, 0xcc,
    0x40, 0xa8, 0x0, 0x90, 0xe1, 0x0, 0x9d, 0x0,
    0x80, 0xcb, 0x3, 0x48, 0xc0, 0xe0, 0xba, 0xa7,
    0x22, 0x1, 0x35, 0xa6, 0x80, 0xc5, 0xe0, 0x7,
    0xb3, 0x56, 0xb, 0x7a, 0x5, 0x56, 0x80, 0x52,
    0x74, 0x0, 0x4c, 0xff, 0x62, 0x2, 0xf7, 0xd8,
    0x80, 0x49, 0x4b, 0x86, 0x1, 0xff, 0xc4, 0x5c,
    0x1c, 0xd9, 0x76, 0x8a, 0xf7, 0x0, 0xfe, 0x3d,
    0xb4, 0x44, 0xc9, 0x99, 0xc, 0x1, 0xc0,

    /* U+0041 "A" */
    0x0, 0xfb, 0xbe, 0x0, 0x3f, 0xf8, 0xa, 0x20,
    0xc0, 0x1f, 0xfc, 0x8, 0x5, 0x16, 0x0, 0xff,
    0x21, 0x2d, 0x85, 0x80, 0x7f, 0xbc, 0x24, 0x54,
    0x94, 0x3, 0xf1, 0x21, 0x98, 0x24, 0x24, 0x3,
    0xf4, 0x4, 0x80, 0xc, 0xf0, 0x7, 0x85, 0x45,
    0x40, 0x29, 0x8, 0x0, 0xf4, 0x84, 0x80, 0x65,
    0x14, 0x20, 0xe, 0x60, 0x8f, 0xfe, 0x10, 0xb0,
    0xc, 0xc2, 0x4a, 0xbf, 0x3, 0x8, 0x5, 0x61,
    0xd5, 0x5f, 0x30, 0x48, 0x1, 0x49, 0xc, 0x3,
    0xeb, 0x6, 0x0, 0x48, 0x78, 0x7, 0xe2, 0x51,
    0x60,

    /* U+0042 "B" */
    0xef, 0xff, 0x75, 0xa8, 0x7, 0x22, 0xac, 0x86,
    0x95, 0x20, 0x1a, 0xab, 0x5e, 0xd8, 0x31, 0x80,
    0x7f, 0x22, 0x82, 0x80, 0x7f, 0x98, 0x8, 0x3,
    0xf1, 0x49, 0x99, 0x0, 0x2e, 0xff, 0xda, 0xc5,
    0xa0, 0x19, 0x15, 0x71, 0x89, 0x61, 0x0, 0x55,
    0x5d, 0x9c, 0xe5, 0x20, 0x1f, 0xe8, 0x4, 0x0,
    0xff, 0xe0, 0x88, 0x7, 0xf4, 0x0, 0x88, 0x1,
    0x55, 0xd7, 0xce, 0x14, 0x1, 0x22, 0xae, 0x43,
    0x6d, 0x40,

    /* U+0043 "C" */
    0x0, 0xc2, 0xf9, 0xdf, 0xd6, 0xa0, 0x1c, 0xbd,
    0x6, 0x24, 0x29, 0x58, 0x20, 0x5, 0xa0, 0x6d,
    0xfd, 0xfc, 0x43, 0x40, 0x1a, 0x9, 0x91, 0x0,
    0x47, 0x78, 0xa1, 0x0, 0xac, 0x1, 0xf1, 0x80,
    0x10, 0x24, 0x3, 0xfe, 0x20, 0x30, 0xf, 0xfe,
    0x69, 0x1, 0x80, 0x7f, 0xc8, 0x12, 0x1, 0xff,
    0x40, 0x2b, 0x0, 0x7c, 0x60, 0x1, 0xa0, 0x9a,
    0x20, 0x8, 0xef, 0x14, 0x0, 0xb4, 0xb, 0xbf,
    0xbf, 0x88, 0x68, 0x1, 0x2f, 0x41, 0x89, 0xa,
    0x56, 0x8,

    /* U+0044 "D" */
    0xef, 0xff, 0x6d, 0x20, 0x7, 0x88, 0xce, 0x22,
    0x2d, 0xd8, 0x40, 0x36, 0x66, 0xdf, 0xa2, 0x4c,
    0x10, 0xf, 0xe5, 0xd4, 0x2b, 0x0, 0xff, 0xa8,
    0x14, 0x40, 0x3f, 0xc2, 0xa0, 0xe0, 0x1f, 0xf1,
    0x7, 0x0, 0x7f, 0xde, 0x1e, 0x1, 0xff, 0x68,
    0x8, 0x7, 0xf8, 0x54, 0x1c, 0x3, 0xfd, 0x40,
    0xa2, 0x1, 0xf9, 0x35, 0xa, 0xc0, 0x2d, 0xcc,
    0xb7, 0xec, 0x93, 0x4, 0x2, 0x33, 0xc4, 0x45,
    0xbb, 0x8, 0x0,

    /* U+0045 "E" */
    0xef, 0xff, 0xe0, 0x8, 0x8c, 0xfe, 0x0, 0xb3,
    0x3f, 0x0, 0x7f, 0xf6, 0x3b, 0xff, 0xc4, 0x1,
    0x19, 0xfe, 0x0, 0xb7, 0x33, 0xc2, 0x1, 0xff,
    0xd8, 0xdc, 0xcf, 0x8c, 0x0, 0x67, 0xf9, 0xc0,

    /* U+0046 "F" */
    0xef, 0xff, 0xe0, 0x1, 0x19, 0xfc, 0x0, 0xcc,
    0xfc, 0x1, 0xff, 0xd4, 0xdc, 0xcf, 0x8, 0x0,
    0xcf, 0xf0, 0x3, 0xbf, 0xfc, 0x40, 0x1f, 0xfe,
    0x60,

    /* U+0047 "G" */
    0x0, 0xc2, 0xf9, 0xdf, 0xd6, 0xc0, 0x1c, 0xbd,
    0x6, 0x24, 0x9, 0x3c, 0x40, 0x5, 0xa0, 0x6d,
    0xfd, 0xed, 0x61, 0x50, 0x1a, 0xa, 0x92, 0x0,
    0x8a, 0x75, 0xc2, 0x1, 0x94, 0x3, 0xe2, 0x0,
    0x20, 0x50, 0x7, 0xfc, 0x40, 0x60, 0x1f, 0x84,
    0x40, 0x1f, 0xf1, 0xf5, 0x1, 0x1, 0x80, 0x7f,
    0xc8, 0x12, 0x1, 0xff, 0x40, 0x2b, 0x0, 0x7f,
    0x86, 0x82, 0x68, 0xc0, 0x22, 0xa0, 0xc, 0xb4,
    0xb, 0x9f, 0xbf, 0xac, 0x3e, 0x1, 0x2f, 0x41,
    0x89, 0xa, 0x4f, 0x20,

    /* U+0048 "H" */
    0xef, 0x10, 0xf, 0xb7, 0xc8, 0x3, 0xff, 0xef,
    0xdf, 0xff, 0x10, 0x6, 0x23, 0x3f, 0x80, 0x3b,
    0x33, 0xf1, 0x0, 0x7f, 0xfd, 0xc0,

    /* U+0049 "I" */
    0xef, 0x10, 0xf, 0xfe, 0xd8,

    /* U+004A "J" */
    0x0, 0x67, 0xff, 0x90, 0x0, 0xa6, 0x78, 0x3,
    0xa7, 0x33, 0x20, 0x7, 0xff, 0xf4, 0x40, 0x39,
    0x81, 0x83, 0x70, 0x80, 0xc, 0x42, 0x40, 0xc7,
    0xba, 0xe9, 0x8, 0x0, 0x54, 0x99, 0x9, 0xd3,
    0x0,

    /* U+004B "K" */
    0xef, 0x10, 0xf, 0x5f, 0xc0, 0x7, 0xf5, 0xa3,
    0xc0, 0x7, 0xeb, 0x46, 0x80, 0xf, 0xd4, 0x8b,
    0x20, 0x1f, 0xa9, 0x52, 0x80, 0x3f, 0x52, 0xa5,
    0x80, 0x7e, 0x95, 0x8, 0x0, 0xfd, 0x6c, 0x0,
    0xd1, 0x0, 0xf9, 0x4b, 0x90, 0x74, 0x3, 0xe2,
    0xc1, 0xb3, 0x35, 0x0, 0x7b, 0xc4, 0x1, 0xa2,
    0xae, 0x1, 0xc6, 0x1, 0xe, 0x4, 0x20, 0x7,
    0xf1, 0x58, 0x59, 0x0, 0x7f, 0x24, 0x87, 0x88,

    /* U+004C "L" */
    0xef, 0x10, 0xf, 0xff, 0xf8, 0x7, 0xff, 0x83,
    0x73, 0x3d, 0x0, 0x3, 0x3f, 0xc0,

    /* U+004D "M" */
    0xef, 0x10, 0xf, 0xf7, 0x78, 0x2, 0x0, 0x3f,
    0xa0, 0x40, 0x26, 0x30, 0xf, 0x89, 0xc0, 0x3b,
    0xc0, 0x3e, 0x90, 0xe, 0x63, 0x60, 0xe, 0x44,
    0x28, 0x6, 0x81, 0x81, 0x0, 0xd2, 0x16, 0x1,
    0x86, 0x6, 0x0, 0x27, 0x28, 0x11, 0x0, 0x66,
    0x36, 0x30, 0x18, 0x27, 0x0, 0xfb, 0xc3, 0xc2,
    0xc2, 0x40, 0x3f, 0x1b, 0x1c, 0xaa, 0x90, 0x3,
    0xfa, 0x5, 0x82, 0xc0, 0x3f, 0xc3, 0x1, 0x2,
    0x1, 0xff, 0x35, 0xb8, 0x7, 0xff, 0x5, 0x0,
    0x3e,

    /* U+004E "N" */
    0xef, 0x20, 0xf, 0xb7, 0xc8, 0x1, 0xe2, 0x1,
    0xff, 0x15, 0x0, 0x7f, 0xc2, 0x90, 0x1, 0xfe,
    0xa0, 0x75, 0x0, 0xfe, 0x5a, 0xa, 0x30, 0xf,
    0xe5, 0x70, 0xd1, 0x0, 0xfe, 0x84, 0x1d, 0x0,
    0xff, 0x51, 0x1c, 0x80, 0x7f, 0xf, 0x83, 0x30,
    0x3, 0xf8, 0xa8, 0x24, 0x80, 0x3f, 0x95, 0xc0,
    0x3f, 0xf8, 0x10, 0x80, 0x1f, 0xfc, 0xb, 0x20,
    0x0,

    /* U+004F "O" */
    0x0, 0xc2, 0xf9, 0xdf, 0xd6, 0xc0, 0x1f, 0x2f,
    0xc1, 0x81, 0xa, 0x4e, 0x98, 0x6, 0x5a, 0x16,
    0xde, 0xdf, 0xc4, 0x2c, 0x30, 0x0, 0xd0, 0x54,
    0x90, 0x4, 0x76, 0xc1, 0xc0, 0x8, 0x6, 0x50,
    0xf, 0xa4, 0x88, 0xa0, 0x81, 0x40, 0x1f, 0xd6,
    0x1e, 0x4, 0x6, 0x1, 0xfc, 0xa0, 0xc0, 0x1f,
    0xfc, 0x52, 0x3, 0x0, 0xfe, 0x50, 0x60, 0x40,
    0xa0, 0xf, 0xeb, 0xf, 0x8, 0x6, 0x60, 0x7,
    0xd2, 0x44, 0x50, 0x1a, 0x9, 0x91, 0x0, 0x47,
    0x6c, 0x1c, 0x1, 0x2d, 0xb, 0x6f, 0xef, 0xe2,
    0x16, 0x18, 0x6, 0x5f, 0x83, 0x12, 0x14, 0x9d,
    0x30, 0x0,

    /* U+0050 "P" */
    0xef, 0xfe, 0xec, 0x70, 0xe, 0x23, 0x31, 0x1,
    0xc6, 0x90, 0x5, 0x99, 0x6f, 0x6a, 0x17, 0x0,
    0x7e, 0x2b, 0x13, 0x30, 0x7, 0xf2, 0x3, 0x0,
    0x7f, 0x8, 0x7, 0xf8, 0x90, 0x1c, 0x3, 0xc2,
    0xbe, 0xa, 0x40, 0xe, 0xff, 0xba, 0x89, 0x28,
    0x2, 0x33, 0xc8, 0xd7, 0x60, 0xd, 0xb9, 0x95,
    0xca, 0x0, 0x7f, 0xf6, 0xc0,

    /* U+0051 "Q" */
    0x0, 0xe7, 0xce, 0xfe, 0xb6, 0x0, 0xfc, 0xbd,
    0x6, 0x4, 0x29, 0x3a, 0x60, 0x1c, 0xb4, 0x2d,
    0xbd, 0xbf, 0x88, 0x58, 0x60, 0x10, 0xd0, 0x4c,
    0x88, 0x2, 0x3b, 0x60, 0xe0, 0xa, 0x41, 0x98,
    0x1, 0xf4, 0x91, 0x14, 0x0, 0xa1, 0x40, 0x1f,
    0xd6, 0x1e, 0x0, 0x20, 0x30, 0xf, 0xe5, 0x6,
    0x0, 0xff, 0xe3, 0x90, 0x10, 0x7, 0xf2, 0x83,
    0x0, 0x10, 0x2c, 0x3, 0xfa, 0x83, 0xc0, 0x16,
    0xc, 0xa0, 0x1f, 0x41, 0x92, 0x80, 0xa, 0x42,
    0xa0, 0x40, 0x23, 0xb7, 0xe, 0x0, 0xcd, 0x20,
    0xfd, 0xcc, 0xec, 0x41, 0xc3, 0x0, 0xe6, 0xd7,
    0x21, 0x31, 0x29, 0xe3, 0x0, 0xf8, 0xa3, 0x7d,
    0x80, 0xd0, 0x0, 0x34, 0x1, 0xfd, 0x2e, 0x3b,
    0x76, 0xe5, 0x40, 0xf, 0xe8, 0xb4, 0x54, 0x46,
    0x20,

    /* U+0052 "R" */
    0xef, 0xfe, 0xec, 0x70, 0xe, 0x23, 0x31, 0x1,
    0xc6, 0x90, 0x5, 0x99, 0x6f, 0x6a, 0x17, 0x0,
    0x7e, 0x2b, 0x13, 0x30, 0x7, 0xf2, 0x3, 0x0,
    0x7f, 0x8, 0x7, 0xf8, 0x90, 0x1c, 0x3, 0xc2,
    0xbe, 0xa, 0x40, 0xe, 0xff, 0xba, 0x89, 0x68,
    0x2, 0x33, 0x90, 0x81, 0xa8, 0x3, 0x6e, 0x62,
    0xf0, 0x58, 0xc0, 0x3f, 0xd, 0x7, 0x0, 0x7f,
    0x23, 0x14, 0x80, 0x7f, 0x49, 0x32, 0x0,

    /* U+0053 "S" */
    0x0, 0x9b, 0x3b, 0xfb, 0x1c, 0x40, 0x2c, 0x93,
    0x3e, 0x8c, 0x0, 0x41, 0x9b, 0x75, 0x9b, 0xd3,
    0x60, 0x4, 0xf, 0x20, 0x8, 0x59, 0x80, 0x19,
    0xc0, 0x3f, 0xa8, 0x29, 0x84, 0x3, 0xe6, 0x71,
    0x9e, 0xc8, 0x40, 0xe, 0x8e, 0x94, 0x27, 0xbd,
    0x40, 0xc, 0x2d, 0x7d, 0x8c, 0x56, 0x40, 0x1f,
    0x1c, 0xb8, 0x50, 0x8, 0x7, 0xde, 0x1, 0x65,
    0x98, 0x6, 0x39, 0xc, 0x7, 0x4c, 0xfc, 0xc7,
    0x60, 0xb2, 0x5, 0x63, 0x11, 0x98, 0x16, 0xe4,
    0x0,

    /* U+0054 "T" */
    0xef, 0xff, 0xf5, 0x29, 0x9c, 0x40, 0x3, 0x3c,
    0x57, 0x99, 0x78, 0x16, 0x66, 0x80, 0xf, 0xff,
    0xf8, 0x7, 0xff, 0xb4,

    /* U+0055 "U" */
    0xf, 0xf0, 0x7, 0xc5, 0xfa, 0x1, 0xff, 0xff,
    0x0, 0xff, 0xe1, 0x88, 0x7, 0xff, 0x8, 0x80,
    0xc0, 0x3c, 0xe0, 0xc0, 0x81, 0x40, 0x1e, 0x90,
    0xc0, 0xb0, 0x68, 0x10, 0x0, 0xd1, 0x8b, 0x1,
    0x50, 0x3f, 0x76, 0x51, 0xd0, 0x9, 0x75, 0x88,
    0x44, 0x4f, 0xe6, 0x0,

    /* U+0056 "V" */
    0xc, 0xf5, 0x0, 0xfe, 0xef, 0x10, 0x90, 0x90,
    0xf, 0xcc, 0x2c, 0x20, 0xa2, 0x66, 0x0, 0xfa,
    0xc2, 0xc0, 0x29, 0x9, 0x0, 0xf2, 0x12, 0x10,
    0x4, 0xc0, 0xa2, 0x1, 0xde, 0x1e, 0x1, 0x85,
    0x82, 0x40, 0x31, 0x21, 0x20, 0x7, 0x58, 0x38,
    0x6, 0xb0, 0xb0, 0xf, 0x12, 0x3, 0x0, 0x5,
    0x85, 0x80, 0x3e, 0xf0, 0xb0, 0x3, 0x3, 0x0,
    0x7e, 0x42, 0x22, 0x4, 0x84, 0x80, 0x7f, 0x58,
    0x7a, 0x8a, 0x88, 0x7, 0xf3, 0xa, 0x58, 0x48,
    0x7, 0xfc, 0xc0, 0x26, 0x60, 0xf, 0xfa, 0x40,
    0x12, 0x1, 0xe0,

    /* U+0057 "W" */
    0x3f, 0xd0, 0xf, 0xb3, 0xd8, 0x3, 0xc7, 0xf6,
    0x64, 0x43, 0x0, 0xe1, 0x30, 0xa0, 0xf, 0x58,
    0x70, 0x28, 0x58, 0x7, 0x30, 0x0, 0xc4, 0x3,
    0x94, 0x10, 0x2c, 0x14, 0x3, 0xac, 0x18, 0x18,
    0x3, 0x19, 0x20, 0x81, 0x91, 0xc, 0x2, 0x23,
    0x4b, 0xb, 0x0, 0xd6, 0x1c, 0x1, 0x28, 0x58,
    0x4, 0xa1, 0xc4, 0x43, 0x10, 0x9, 0x41, 0x0,
    0x2b, 0x5, 0x0, 0xa8, 0x14, 0x28, 0x18, 0x0,
    0x64, 0x82, 0x1, 0x19, 0x10, 0xc0, 0x88, 0xa0,
    0x5, 0xb, 0x0, 0x58, 0x70, 0x7, 0x28, 0x58,
    0x50, 0x78, 0x0, 0x8c, 0xc4, 0xc, 0x8, 0x1,
    0xd6, 0xa, 0xa, 0xa, 0x1, 0x58, 0x29, 0x8a,
    0x8, 0x7, 0x19, 0x11, 0x89, 0x40, 0x33, 0x5,
    0xd8, 0x38, 0x3, 0xe5, 0x9, 0xe, 0x0, 0xc2,
    0x66, 0x60, 0x50, 0xf, 0xac, 0x2, 0x40, 0xe,
    0xa0, 0x14, 0x0, 0xfc, 0x64, 0xc, 0x1, 0xe7,
    0x0, 0x70, 0x6,

    /* U+0058 "X" */
    0x1f, 0xf1, 0x80, 0x7a, 0xfd, 0xc0, 0x68, 0x34,
    0x40, 0x33, 0x22, 0x1c, 0x0, 0xac, 0x36, 0x1,
    0x14, 0x8d, 0x0, 0x69, 0x25, 0x60, 0x7, 0x85,
    0x8, 0x7, 0x70, 0x49, 0x49, 0x3a, 0x0, 0x78,
    0xe0, 0x31, 0x8e, 0x0, 0x3f, 0x3a, 0x8, 0x70,
    0x7, 0xf0, 0xa8, 0x1, 0x40, 0x3f, 0xa8, 0x58,
    0x20, 0xc0, 0x3e, 0x74, 0x39, 0x90, 0x70, 0x7,
    0x8e, 0x3, 0x81, 0x94, 0xa8, 0x3, 0xb8, 0x28,
    0x80, 0x14, 0x4a, 0xa0, 0xa, 0x89, 0x54, 0x1,
    0xb8, 0x28, 0x81, 0x54, 0x54, 0x1, 0xc7, 0x1,
    0xc0,

    /* U+0059 "Y" */
    0xc, 0xf5, 0x0, 0xf9, 0x3e, 0xc0, 0x1c, 0x16,
    0x20, 0x1e, 0x90, 0x90, 0x1, 0x38, 0xc0, 0x7,
    0x39, 0x41, 0x0, 0x50, 0x2c, 0x60, 0x11, 0x41,
    0x38, 0x7, 0x58, 0x78, 0x5, 0x21, 0x20, 0x1e,
    0x54, 0x36, 0x5, 0x45, 0x40, 0xf, 0xa4, 0x20,
    0xac, 0x2c, 0x3, 0xf1, 0x38, 0xe0, 0xc0, 0x80,
    0x7f, 0x41, 0x9, 0x38, 0x7, 0xfc, 0xa1, 0x40,
    0x1f, 0xff, 0x60,

    /* U+005A "Z" */
    0xf, 0xff, 0xf9, 0x0, 0xcf, 0xf0, 0x80, 0x18,
    0x33, 0x3e, 0xd3, 0x9, 0x20, 0xf, 0xd4, 0x4c,
    0xc0, 0xf, 0xd0, 0x87, 0x20, 0x1f, 0x95, 0xc7,
    0x40, 0x3f, 0x1d, 0x6, 0x88, 0x7, 0xc3, 0xa1,
    0x46, 0x1, 0xfb, 0x45, 0xd4, 0x3, 0xf4, 0x9a,
    0x40, 0x7, 0xe6, 0x61, 0x58, 0x7, 0xe4, 0x90,
    0xf0, 0xf, 0xc3, 0x40, 0x3d, 0x99, 0xf3, 0x98,
    0x80, 0x99, 0xfe, 0xe0,

    /* U+005B "[" */
    0xef, 0xf9, 0x0, 0xa, 0xa6, 0x0, 0x55, 0x8,
    0x3, 0xff, 0xf9, 0x54, 0x20, 0x2, 0xa9, 0x80,

    /* U+005C "\\" */
    0x57, 0x0, 0xf8, 0xe1, 0x40, 0x3c, 0xe1, 0xe0,
    0x1e, 0x13, 0x50, 0xf, 0xa8, 0x14, 0x3, 0xce,
    0x1e, 0x1, 0xe1, 0x45, 0x0, 0xfb, 0x41, 0x40,
    0x3c, 0xe1, 0xc0, 0x1e, 0x14, 0x40, 0x7, 0xda,
    0xa, 0x1, 0xe7, 0xe, 0x0, 0xf0, 0xa2, 0x4,
    0x3, 0xdc, 0xe, 0x1, 0xe5, 0xd, 0x0, 0xf9,
    0x50, 0x40, 0x3d, 0xe0, 0xe0, 0x1e, 0x50, 0xd0,
    0xf, 0x95, 0x4, 0x3, 0xde, 0xe,

    /* U+005D "]" */
    0xaf, 0xfa, 0x71, 0x4c, 0x0, 0xd5, 0x20, 0x1f,
    0xff, 0xc6, 0xa9, 0x0, 0x62, 0x98, 0x0,

    /* U+005E "^" */
    0x0, 0xce, 0xa0, 0x1f, 0x2c, 0x50, 0x80, 0x7a,
    0x50, 0x18, 0x3, 0x8c, 0xde, 0xd4, 0x1, 0xd4,
    0x49, 0x44, 0x80, 0x10, 0xb5, 0x1, 0x9b, 0xc0,
    0x26, 0x6, 0x0, 0x52, 0x10, 0x2, 0x94, 0x40,
    0xc, 0x14, 0x8, 0x5c, 0x1, 0x99, 0x80,

    /* U+005F "_" */
    0x0, 0xff, 0x7f, 0xff, 0xb3, 0x3f, 0xc0,

    /* U+0060 "`" */
    0x27, 0x70, 0x4, 0x44, 0x8c, 0x10, 0x2, 0xe8,
    0xe0, 0x80,

    /* U+0061 "a" */
    0x5, 0xae, 0xfe, 0xb4, 0x0, 0x3d, 0x29, 0xa0,
    0x25, 0xa8, 0x2a, 0xbb, 0x6f, 0xa0, 0x2c, 0xa,
    0x84, 0x2, 0x72, 0x12, 0x0, 0xc2, 0x38, 0x4,
    0x23, 0xbf, 0xba, 0x30, 0x4, 0xba, 0xcd, 0xdc,
    0x60, 0x6, 0xb, 0x64, 0x49, 0xc0, 0x2, 0x4,
    0x1, 0x22, 0x0, 0x12, 0x19, 0x31, 0x76, 0x20,
    0x3, 0xd1, 0x33, 0xba, 0xd0, 0x0,

    /* U+0062 "b" */
    0x3f, 0xb0, 0xf, 0xff, 0x20, 0xcf, 0x7e, 0xc9,
    0x0, 0x66, 0xf6, 0x33, 0x9b, 0x50, 0x2, 0x20,
    0xcd, 0xce, 0x70, 0xa1, 0x0, 0xb4, 0xc0, 0x28,
    0x51, 0x60, 0x1, 0x18, 0x7, 0x70, 0x68, 0x1,
    0x80, 0x3c, 0xc0, 0xc0, 0x6, 0x0, 0xf3, 0x3,
    0x0, 0x8, 0xc0, 0x3b, 0x83, 0x0, 0x2d, 0x30,
    0xa, 0x14, 0x5c, 0x0, 0x61, 0x9b, 0x9c, 0xe3,
    0xa2, 0x0, 0x6f, 0x63, 0x30, 0x36, 0x18, 0x0,

    /* U+0063 "c" */
    0x0, 0x8e, 0xbb, 0xfa, 0x44, 0x2, 0x7c, 0x53,
    0x30, 0x37, 0x18, 0x24, 0xd, 0xee, 0x74, 0x2,
    0x84, 0x5, 0x20, 0x4, 0xfc, 0xc0, 0x62, 0x80,
    0x1c, 0x20, 0x40, 0x40, 0x1f, 0x88, 0x8, 0x3,
    0xf8, 0xc5, 0x0, 0x38, 0x40, 0x10, 0x14, 0x80,
    0x13, 0xf3, 0x2, 0x40, 0xde, 0xe7, 0x40, 0xa0,
    0x1, 0xf1, 0x4c, 0xe6, 0xf2,

    /* U+0064 "d" */
    0x0, 0xfe, 0x1f, 0xd0, 0xf, 0xfe, 0xda, 0x5f,
    0x7e, 0x30, 0x7, 0x4d, 0xa1, 0x98, 0xa6, 0x80,
    0x25, 0x61, 0xbd, 0xce, 0x84, 0x0, 0xa0, 0x29,
    0x0, 0x27, 0x60, 0x8, 0x85, 0x0, 0x3a, 0x80,
    0x4, 0x4, 0x1, 0xe2, 0x0, 0x10, 0x10, 0x7,
    0x88, 0x2, 0x31, 0x40, 0xe, 0xa0, 0xa, 0x42,
    0x90, 0x2, 0x76, 0x0, 0x95, 0xc6, 0xf7, 0x3a,
    0x14, 0x3, 0x45, 0xa1, 0x9d, 0x34, 0x0,

    /* U+0065 "e" */
    0x0, 0x92, 0xfb, 0xf1, 0x80, 0x3a, 0x2d, 0x9,
    0xa, 0x6c, 0x2, 0x57, 0x2d, 0xcb, 0xe5, 0x48,
    0x0, 0x48, 0x71, 0x0, 0x54, 0x4e, 0x0, 0x31,
    0x21, 0x1e, 0x40, 0x42, 0x1, 0xee, 0xf3, 0x0,
    0x90, 0xd, 0xdf, 0xe4, 0x3, 0x17, 0x44, 0xf8,
    0x42, 0x3, 0x50, 0x2, 0x2b, 0x20, 0x2, 0x40,
    0xdf, 0x66, 0xe9, 0x10, 0x1, 0x3e, 0x28, 0x19,
    0x97, 0x18, 0x0,

    /* U+0066 "f" */
    0x0, 0x9b, 0x7f, 0x58, 0x0, 0xd2, 0x6a, 0x20,
    0x15, 0x6, 0x56, 0x30, 0x0, 0x80, 0x80, 0x2b,
    0xf1, 0xf, 0xf8, 0x71, 0x40, 0xa, 0xb0, 0xbd,
    0x8, 0x55, 0x40, 0x1f, 0xff, 0x50,

    /* U+0067 "g" */
    0x0, 0x92, 0xfb, 0xf5, 0xc3, 0x7c, 0x1, 0x16,
    0x86, 0x74, 0x61, 0x80, 0x15, 0xc6, 0xf7, 0x3a,
    0x8c, 0x40, 0x12, 0x14, 0x80, 0x12, 0xc0, 0x4,
    0x62, 0x80, 0x1c, 0xe0, 0x2, 0x2, 0x0, 0xfe,
    0x20, 0x20, 0xf, 0x8, 0x4, 0x62, 0x80, 0x1c,
    0xc0, 0x14, 0x85, 0x20, 0x4, 0xb0, 0x1, 0x2b,
    0x8d, 0xed, 0xf5, 0x18, 0x6, 0x8b, 0x43, 0x43,
    0x8d, 0x2, 0x0, 0x92, 0xfb, 0xf5, 0xc8, 0x18,
    0x6, 0x90, 0x3, 0x17, 0x7, 0x2, 0xaa, 0xfb,
    0x2f, 0x74, 0x4c, 0xa0, 0x9a, 0xe4, 0x44, 0x34,
    0xa9, 0x0,

    /* U+0068 "h" */
    0x3f, 0xb0, 0xf, 0xff, 0x1, 0x57, 0x7f, 0x48,
    0x80, 0x4d, 0x8a, 0x64, 0x2d, 0x80, 0x11, 0x1e,
    0xee, 0x22, 0x38, 0x5, 0xe4, 0x0, 0x29, 0xc,
    0x0, 0x11, 0x0, 0x32, 0x83, 0x0, 0x18, 0x3,
    0x84, 0xc, 0x3, 0xff, 0xd6,

    /* U+0069 "i" */
    0x3e, 0xb0, 0x41, 0x40, 0x77, 0x58, 0x2, 0x10,
    0xf, 0xec, 0x3, 0xff, 0xba,

    /* U+006A "j" */
    0x0, 0x8b, 0xb0, 0x3, 0x38, 0x98, 0x80, 0x4b,
    0x14, 0x20, 0x19, 0xd4, 0x3, 0xf, 0xe8, 0x7,
    0xff, 0xfc, 0x3, 0xc8, 0xe, 0xf, 0xb7, 0x41,
    0xc0, 0x3, 0x42, 0xa4, 0x0,

    /* U+006B "k" */
    0x3f, 0xb0, 0xf, 0xff, 0x41, 0x6f, 0xa8, 0x7,
    0xc5, 0x85, 0x2a, 0x1, 0xe3, 0xc1, 0x96, 0x0,
    0xf1, 0xe0, 0xcb, 0x0, 0x79, 0x30, 0x19, 0x80,
    0x1e, 0x5b, 0x0, 0x31, 0x0, 0x78, 0x42, 0xd8,
    0x3c, 0x3, 0xeb, 0x49, 0x32, 0x90, 0xe, 0x44,
    0x0, 0x34, 0x59, 0x80, 0x1f, 0x86, 0x82, 0x48,
    0x3, 0xf2, 0x40, 0x78, 0x0,

    /* U+006C "l" */
    0x3f, 0xb0, 0xf, 0xfe, 0xf0,

    /* U+006D "m" */
    0x3f, 0xa3, 0xbe, 0xfd, 0x70, 0x2, 0xe7, 0xfb,
    0x14, 0x3, 0x3e, 0x22, 0x99, 0x45, 0x4d, 0x12,
    0x19, 0xa9, 0xc0, 0x22, 0x4e, 0xbc, 0xc0, 0x2b,
    0x33, 0xaf, 0x2c, 0x20, 0x40, 0x2a, 0x10, 0x1,
    0xb0, 0xc, 0x80, 0x48, 0x80, 0x50, 0x1, 0x8,
    0x6, 0xf0, 0x50, 0xe, 0x30, 0x20, 0x3, 0x0,
    0x71, 0x81, 0x0, 0x7f, 0xff, 0xc0, 0x3f, 0xfa,
    0x0,

    /* U+006E "n" */
    0x3f, 0xa2, 0xae, 0xfe, 0x91, 0x0, 0x9f, 0x54,
    0x90, 0x1b, 0x0, 0x22, 0x3e, 0xcb, 0xf3, 0x27,
    0x0, 0xb8, 0x40, 0x3, 0x1, 0x80, 0x2, 0x20,
    0x6, 0x50, 0x60, 0x3, 0x0, 0x70, 0x81, 0x80,
    0x7f, 0xfa, 0xc0,

    /* U+006F "o" */
    0x0, 0x8e, 0xbb, 0xf6, 0x44, 0x3, 0x3e, 0x29,
    0x9c, 0xde, 0x80, 0x4, 0x81, 0xbd, 0xce, 0x81,
    0xa1, 0x8, 0xa, 0x40, 0x9, 0xd8, 0x58, 0xc,
    0x50, 0x3, 0xa8, 0x30, 0x80, 0x80, 0x3c, 0x40,
    0xc4, 0x4, 0x1, 0xe2, 0x6, 0x3, 0x14, 0x0,
    0xea, 0xc, 0x8, 0xa, 0x40, 0x9, 0xd8, 0x58,
    0x12, 0x6, 0xf7, 0x3a, 0x7, 0x44, 0x0, 0xf8,
    0xa6, 0x73, 0x79, 0x80,

    /* U+0070 "p" */
    0x3f, 0xa2, 0x9e, 0xfd, 0x92, 0x0, 0xcf, 0x8c,
    0xaa, 0x6, 0xd4, 0x0, 0x88, 0xf6, 0xeb, 0x64,
    0x28, 0x40, 0x2e, 0x20, 0x9, 0x98, 0x2c, 0x0,
    0x23, 0x0, 0xed, 0xd, 0x0, 0x30, 0x7, 0x98,
    0x18, 0x0, 0xc0, 0x1e, 0x60, 0x60, 0x1, 0x20,
    0x7, 0x70, 0x60, 0x5, 0x46, 0x1, 0x42, 0x8b,
    0x80, 0x8, 0x33, 0x73, 0x9c, 0x74, 0x40, 0xd,
    0xec, 0x66, 0x6, 0xc3, 0x0, 0xc3, 0x3d, 0xfd,
    0x24, 0x1, 0xff, 0xda,

    /* U+0071 "q" */
    0x0, 0x92, 0xfb, 0xf1, 0x83, 0xf4, 0x1, 0x36,
    0x86, 0x62, 0x9b, 0x0, 0x95, 0x86, 0xf7, 0x3a,
    0x10, 0x2, 0x80, 0xa4, 0x0, 0x9d, 0x80, 0x22,
    0x14, 0x0, 0xea, 0x0, 0x10, 0x10, 0x7, 0x88,
    0x0, 0x40, 0x40, 0x1e, 0x20, 0x8, 0xc5, 0x0,
    0x3a, 0x80, 0x29, 0xa, 0x40, 0x9, 0xd8, 0x2,
    0x57, 0x1b, 0xdc, 0xe8, 0x40, 0xd, 0x16, 0x86,
    0x62, 0x9a, 0x0, 0xe4, 0xbe, 0xfc, 0x60, 0xf,
    0xfe, 0xd8,

    /* U+0072 "r" */
    0x3f, 0xa2, 0xae, 0x80, 0x3, 0x6a, 0x87, 0x0,
    0xc, 0xb3, 0x98, 0x2, 0xe3, 0x0, 0xc2, 0x60,
    0x1c, 0x40, 0x1e, 0x70, 0xf, 0xfe, 0xa0,

    /* U+0073 "s" */
    0x0, 0x2e, 0x77, 0xf5, 0x28, 0x2, 0x68, 0xc9,
    0xd, 0x60, 0x5, 0x87, 0xb2, 0xf7, 0x5c, 0x6,
    0x6, 0x20, 0x11, 0x18, 0x11, 0x58, 0xe6, 0x1,
    0xd8, 0x87, 0x19, 0xf6, 0x60, 0x1, 0xbe, 0xb8,
    0x34, 0xc2, 0x0, 0x85, 0x1f, 0x18, 0x10, 0x24,
    0xc0, 0x31, 0x1, 0xab, 0x67, 0x5d, 0xb9, 0xd,
    0x55, 0x6a, 0x8, 0xa5, 0x18, 0x0,

    /* U+0074 "t" */
    0x0, 0x3c, 0x0, 0x7a, 0x5c, 0x3, 0xff, 0x81,
    0x7e, 0x21, 0xff, 0xe, 0x28, 0x1, 0x56, 0x17,
    0xa1, 0xa, 0xa8, 0x3, 0xff, 0xbe, 0x40, 0x80,
    0x1d, 0x41, 0x76, 0xd7, 0x0, 0x34, 0x12, 0x1,
    0x0,

    /* U+0075 "u" */
    0x4f, 0xa0, 0xe, 0x3f, 0xb0, 0xf, 0xff, 0x68,
    0x80, 0x73, 0x0, 0x18, 0x14, 0x3, 0xbc, 0x0,
    0x42, 0x28, 0x0, 0x9d, 0x40, 0x2a, 0x7, 0xec,
    0xe8, 0x40, 0x9, 0x31, 0x0, 0xcd, 0x32, 0x0,
    0x0,

    /* U+0076 "v" */
    0xd, 0xf2, 0x0, 0xf7, 0x78, 0x2, 0xc2, 0xc0,
    0x39, 0x45, 0x80, 0xc, 0xc, 0x1, 0xdc, 0x16,
    0x1, 0x30, 0x30, 0x4, 0x48, 0x82, 0x0, 0xac,
    0x2c, 0x2, 0xb0, 0xf0, 0xc, 0x48, 0x46, 0x0,
    0x62, 0x40, 0xe, 0xf0, 0x90, 0x70, 0xa0, 0xf,
    0x21, 0x28, 0xd0, 0x30, 0x7, 0xd4, 0x14, 0x4c,
    0x20, 0x1f, 0x30, 0x20, 0x50, 0x7, 0xe1, 0x60,
    0x33, 0x0, 0x60,

    /* U+0077 "w" */
    0xbf, 0x10, 0xe, 0xef, 0x0, 0xe1, 0xfa, 0xe0,
    0x60, 0xc, 0xa2, 0xc, 0x1, 0x9c, 0x3d, 0x42,
    0x80, 0x37, 0x0, 0x34, 0x3, 0x50, 0xa8, 0x29,
    0x10, 0x0, 0x28, 0x98, 0x40, 0x4, 0x6e, 0x0,
    0xe0, 0xa0, 0x3, 0x87, 0x70, 0x18, 0x0, 0xa1,
    0x40, 0x4, 0x15, 0x0, 0x50, 0xaa, 0x86, 0x80,
    0x14, 0x26, 0x1, 0x31, 0x19, 0x1b, 0x80, 0x1c,
    0x88, 0x64, 0xc0, 0x1a, 0xc2, 0xa8, 0x14, 0x0,
    0xa0, 0xaa, 0x5, 0x0, 0x63, 0x27, 0x62, 0x30,
    0x1, 0x93, 0x39, 0x90, 0x7, 0x50, 0x8a, 0x80,
    0x35, 0x8, 0xac, 0x3, 0xcc, 0x0, 0x60, 0xc,
    0xa0, 0x6, 0x0, 0x80,

    /* U+0078 "x" */
    0x2f, 0xe1, 0x0, 0xdb, 0xe6, 0x52, 0x34, 0x1,
    0x51, 0x49, 0x83, 0x2a, 0x38, 0x32, 0xa9, 0x80,
    0x2a, 0x28, 0x59, 0x1b, 0x0, 0xee, 0xa, 0xd,
    0x10, 0xe, 0x34, 0x4, 0x30, 0xf, 0x32, 0x2,
    0x30, 0x7, 0x14, 0x8e, 0x8c, 0x90, 0x6, 0xf0,
    0xa2, 0xa0, 0xf0, 0xa, 0x49, 0xd0, 0x11, 0xca,
    0x81, 0x58, 0xe0, 0x2, 0x83, 0x56,

    /* U+0079 "y" */
    0xd, 0xf2, 0x0, 0xf7, 0x78, 0x2, 0xc2, 0xc0,
    0x39, 0x45, 0xc0, 0xc, 0x2c, 0x1, 0xdc, 0x14,
    0x1, 0x30, 0x30, 0x4, 0x48, 0x82, 0x0, 0xa4,
    0x2c, 0x2, 0xb0, 0xf0, 0xc, 0x2a, 0x48, 0x0,
    0x62, 0x40, 0xe, 0xe0, 0xf0, 0x70, 0xb0, 0xf,
    0x21, 0x21, 0x50, 0x30, 0x7, 0xd6, 0x1c, 0x4e,
    0x1, 0xf9, 0x84, 0xc2, 0x80, 0x3f, 0x98, 0x10,
    0x80, 0x3f, 0x88, 0x3c, 0x3, 0xc6, 0x0, 0x35,
    0x24, 0x0, 0xe2, 0xcd, 0xbc, 0xe, 0x0, 0xf1,
    0x39, 0xa1, 0xd9, 0x80, 0x78,

    /* U+007A "z" */
    0x1f, 0xff, 0xd0, 0x2a, 0xbe, 0x0, 0x68, 0x55,
    0x71, 0x83, 0x28, 0x7, 0x33, 0xe, 0x40, 0x38,
    0xe4, 0x74, 0x3, 0x87, 0x82, 0x84, 0x3, 0xa8,
    0xa1, 0x0, 0x39, 0xd1, 0x5c, 0x3, 0x92, 0xa,
    0x80, 0x38, 0x68, 0x6, 0xab, 0x98, 0x84, 0xd,
    0x57, 0xb4,

    /* U+007B "{" */
    0x0, 0x1e, 0x7d, 0x0, 0x34, 0xcd, 0x80, 0x62,
    0x78, 0xc0, 0xe0, 0xc0, 0x1f, 0xfc, 0x91, 0x0,
    0xd1, 0x61, 0x80, 0x5, 0x11, 0x20, 0x3, 0x60,
    0x6c, 0x2, 0x30, 0x30, 0xf, 0xfe, 0x7b, 0x3,
    0x80, 0x44, 0x25, 0x8c, 0x0, 0xd3, 0x36, 0x0,

    /* U+007C "|" */
    0xee, 0x0, 0x7f, 0xf6, 0x0,

    /* U+007D "}" */
    0xaf, 0xc4, 0x0, 0x61, 0x9a, 0x80, 0xd, 0x86,
    0x26, 0x1, 0x30, 0x38, 0x7, 0xff, 0x24, 0xc0,
    0x40, 0x2c, 0xb, 0x80, 0x3, 0x88, 0x94, 0x1,
    0x43, 0x1a, 0x0, 0x10, 0x30, 0x8, 0xc0, 0x3f,
    0xf9, 0x6c, 0xe, 0xd, 0x86, 0x26, 0x18, 0x66,
    0xd0, 0x0,

    /* U+007E "~" */
    0x2, 0x76, 0x0, 0xcc, 0x65, 0xb1, 0x3a, 0x40,
    0x9, 0x6b, 0x2e, 0xc0, 0xd9, 0xc0, 0x45, 0xa1,
    0x3d, 0x66, 0xd, 0x88,

    /* U+00A0 " " */

    /* U+00A1 "¡" */
    0x4f, 0x9d, 0x7, 0x86, 0xa1, 0x94, 0x8, 0x31,
    0x74, 0x30, 0xf1, 0x0, 0xc2, 0xe0, 0x60, 0x10,
    0x80, 0x98, 0x38, 0x4,

    /* U+00A2 "¢" */
    0x0, 0xe4, 0xc0, 0xf, 0xe1, 0x20, 0xf, 0xfe,
    0x32, 0xe5, 0xf, 0x59, 0x80, 0x53, 0x46, 0x40,
    0x69, 0x88, 0xa, 0xc5, 0xb0, 0x3b, 0x42, 0x20,
    0x80, 0xe2, 0x0, 0x97, 0x94, 0x48, 0x4c, 0x3,
    0xe3, 0x3, 0x0, 0xfc, 0x40, 0x40, 0x1f, 0xc8,
    0xe, 0x1, 0xc8, 0x0, 0x90, 0x88, 0x10, 0x15,
    0x5b, 0x81, 0x58, 0xbc, 0xe, 0xa9, 0xb0, 0x1,
    0x3a, 0x50, 0x1a, 0xb0, 0x40, 0x33, 0x70, 0xca,
    0x80, 0x7f, 0xf0, 0x40,

    /* U+00A3 "£" */
    0x0, 0xe6, 0xbe, 0xff, 0x64, 0x8, 0x6, 0xc9,
    0x41, 0x21, 0x37, 0x70, 0x5, 0x46, 0x6c, 0xfd,
    0xee, 0x4b, 0x0, 0x4a, 0x1a, 0x60, 0x10, 0xb0,
    0x4, 0x40, 0x42, 0x1, 0xf8, 0x58, 0x4, 0x7c,
    0x1, 0x37, 0x58, 0x1f, 0x77, 0x8, 0x1, 0xee,
    0x40, 0xae, 0xf8, 0x40, 0x2, 0x8a, 0x2, 0x89,
    0xc0, 0x1f, 0xfd, 0xe5, 0xce, 0x3, 0xcc, 0xf8,
    0xce, 0x20, 0x1, 0x9f, 0xcc,

    /* U+00A4 "¤" */
    0x0, 0xff, 0xe1, 0xe2, 0x80, 0x7e, 0x5c, 0x1,
    0x2a, 0x44, 0x67, 0xfb, 0x15, 0x54, 0x42, 0x2c,
    0x1b, 0xb1, 0x22, 0xa, 0xa8, 0x38, 0x20, 0x4c,
    0xd, 0xd7, 0x6e, 0x60, 0x62, 0x0, 0x9d, 0x24,
    0x3, 0x4a, 0x38, 0x4, 0xa1, 0xc0, 0x1e, 0xf0,
    0x50, 0x1, 0x83, 0x0, 0x79, 0x80, 0xc0, 0x6,
    0xc, 0x1, 0xe6, 0x3, 0x0, 0x20, 0x70, 0x7,
    0xbc, 0x10, 0x0, 0x2e, 0x92, 0x1, 0xa5, 0x1c,
    0x40, 0x2, 0xa0, 0xdd, 0x76, 0xe6, 0x5, 0x10,
    0x1c, 0x2a, 0xa1, 0x22, 0xa, 0xa4, 0xb0, 0x44,
    0x12, 0xaa, 0xcf, 0xf6, 0x2b, 0x48, 0x8, 0x6b,
    0x0, 0x7e, 0x6d, 0x0,

    /* U+00A5 "¥" */
    0xb, 0xf6, 0x0, 0xfc, 0x5f, 0xa0, 0xa, 0x19,
    0x20, 0xf, 0xbc, 0x38, 0x0, 0x36, 0x1c, 0x1,
    0xe8, 0x28, 0x30, 0x9, 0x54, 0x6e, 0x1, 0x91,
    0xcd, 0xc0, 0x3a, 0xc6, 0x8, 0x0, 0x34, 0x1c,
    0x1, 0xe1, 0xa0, 0xf0, 0x5, 0x8c, 0x90, 0x7,
    0xc8, 0xc5, 0xa, 0xa4, 0x60, 0xf, 0xe9, 0x27,
    0xa1, 0xa0, 0xf, 0x8b, 0xfe, 0x20, 0x0, 0xf7,
    0xf9, 0x0, 0x31, 0x6e, 0xe1, 0xc, 0xdd, 0x90,
    0x3, 0x16, 0xee, 0x10, 0xcd, 0xd9, 0x0, 0x31,
    0x6e, 0xe1, 0xc, 0xdd, 0x90, 0x3, 0x88, 0xb0,
    0x0, 0x8b, 0x0, 0x7f, 0xf1, 0xc0,

    /* U+00A6 "¦" */
    0xee, 0x0, 0x7f, 0xf0, 0x33, 0x4, 0x40, 0xc,
    0x44, 0xcc, 0x0, 0x7f, 0xf0, 0x0,

    /* U+00A7 "§" */
    0x0, 0x14, 0xef, 0xf5, 0xb0, 0x0, 0xf5, 0x9a,
    0x55, 0x49, 0x84, 0x6, 0xdc, 0xdf, 0x59, 0x83,
    0x9, 0x0, 0x64, 0x0, 0x20, 0xd1, 0x0, 0x7a,
    0x1, 0x77, 0xa4, 0xc0, 0x2a, 0x8, 0x82, 0xb6,
    0x40, 0x12, 0x3b, 0xd7, 0xc6, 0xe4, 0x21, 0xe0,
    0x10, 0xd0, 0x31, 0x8c, 0x38, 0x80, 0x34, 0x14,
    0x34, 0xe3, 0xb7, 0x49, 0x2, 0x7, 0x9b, 0xc,
    0x40, 0x80, 0x18, 0x9e, 0xf0, 0x3c, 0x3, 0xe3,
    0x11, 0x1, 0x73, 0x90, 0xc, 0xa, 0x0, 0x9c,
    0x6f, 0xf3, 0x9c, 0x1, 0xee, 0x43, 0xc5, 0xe0,
    0x80,

    /* U+00A8 "¨" */
    0x0, 0xf5, 0xf0, 0x8b, 0xac, 0x4c, 0x44, 0x62,

    /* U+00A9 "©" */
    0x0, 0xe7, 0xce, 0xe6, 0x38, 0x80, 0x7c, 0x7b,
    0xfd, 0xdb, 0xfc, 0xa0, 0x1c, 0x7d, 0xf0, 0x40,
    0x2, 0x8c, 0x84, 0x0, 0xdd, 0xe4, 0x1, 0xe2,
    0xfa, 0x10, 0x3, 0x21, 0x1, 0xdf, 0xfb, 0x98,
    0x9, 0xa4, 0x1, 0x54, 0x2, 0xc6, 0x9a, 0x49,
    0x30, 0xa5, 0x0, 0x19, 0x82, 0x7, 0x19, 0x6b,
    0x4c, 0x8, 0x80, 0x1, 0x0, 0x23, 0x88, 0x4,
    0x40, 0x10, 0x80, 0x4, 0x0, 0x20, 0x1f, 0xfc,
    0x3, 0x30, 0x1a, 0x0, 0x7c, 0x44, 0x0, 0x5d,
    0x4, 0x15, 0x99, 0x3f, 0x10, 0x55, 0x80, 0x1d,
    0xc4, 0x94, 0xb9, 0xb0, 0xe4, 0x46, 0x70, 0xa,
    0xbc, 0x97, 0xb2, 0xfa, 0x4b, 0xe8, 0x3, 0x24,
    0xe4, 0x11, 0xa1, 0xc6, 0x4a, 0x0, 0x72, 0x7f,
    0xbb, 0xb7, 0xf2, 0x0, 0x40,

    /* U+00AA "ª" */
    0x7, 0xcf, 0xe9, 0x0, 0x74, 0xed, 0x33, 0x84,
    0xa9, 0x22, 0xe0, 0x36, 0xf7, 0x15, 0xca, 0x65,
    0xdc, 0x60, 0x8, 0x40, 0xdc, 0xa, 0x2f, 0xfc,
    0x80,

    /* U+00AB "«" */
    0x0, 0x9f, 0x4c, 0x27, 0x44, 0x0, 0x70, 0x86,
    0xad, 0x62, 0x0, 0xe2, 0x92, 0xa4, 0x60, 0x5,
    0x17, 0x87, 0xd, 0x0, 0x4c, 0x26, 0x2, 0x62,
    0x1, 0x68, 0x50, 0x71, 0x48, 0x4, 0x34, 0x8e,
    0x70, 0xca, 0x1, 0x23, 0x41, 0xba, 0x58, 0x80,

    /* U+00AC "¬" */
    0x6a, 0xaf, 0xc5, 0x8a, 0xbf, 0x9a, 0xbf, 0xfd,
    0x20, 0x1f, 0xfd, 0x15, 0x76,

    /* U+00AE "®" */
    0x0, 0xe7, 0xce, 0xe6, 0x38, 0x80, 0x7c, 0x7b,
    0xfd, 0xdb, 0xfc, 0xa0, 0x1c, 0x7d, 0xf0, 0x40,
    0x2, 0x8c, 0x84, 0x0, 0xdd, 0xe4, 0x1, 0xe2,
    0xfa, 0x10, 0x3, 0x21, 0x6, 0x7f, 0xda, 0xc0,
    0x4d, 0x20, 0xa, 0xa0, 0x0, 0x5b, 0x72, 0xa5,
    0x42, 0x94, 0x0, 0x66, 0x0, 0x84, 0x8d, 0xcf,
    0x0, 0x88, 0x0, 0x10, 0xf, 0x8c, 0xde, 0x0,
    0x10, 0x0, 0x80, 0x67, 0xff, 0x63, 0x30, 0x3,
    0x8c, 0xc0, 0x13, 0x6e, 0x6, 0x80, 0x8, 0x80,
    0xb, 0xa0, 0x8, 0x48, 0xe2, 0x80, 0x15, 0x60,
    0x7, 0x71, 0x3, 0xf8, 0x1, 0xd5, 0x89, 0x9c,
    0x2, 0xaf, 0x2a, 0x70, 0xa, 0xd3, 0xe8, 0x3,
    0x24, 0xe4, 0x10, 0x0, 0xa3, 0x25, 0x0, 0x39,
    0x3f, 0xdd, 0xdb, 0xf9, 0x0, 0x20,

    /* U+00AF "¯" */
    0x0, 0xfc, 0x9f, 0xfe, 0x44, 0x66, 0x79, 0x0,

    /* U+00B0 "°" */
    0x0, 0x36, 0xf5, 0x8, 0x1, 0xe2, 0x1a, 0x3a,
    0x0, 0x9a, 0x53, 0xb2, 0x41, 0x12, 0x0, 0x4a,
    0x62, 0x6, 0x1, 0x31, 0x3, 0xf9, 0x4, 0x1a,
    0x84, 0x2e, 0xfa, 0x60, 0x5, 0x3f, 0xd8, 0x40,

    /* U+00B1 "±" */
    0x0, 0xd9, 0x0, 0x1f, 0x8c, 0x80, 0x3f, 0xf9,
    0x95, 0xff, 0x2, 0xff, 0xc9, 0x8a, 0xb0, 0x12,
    0xac, 0xcc, 0xaa, 0x81, 0xea, 0xa2, 0x0, 0xff,
    0xe6, 0x7d, 0x0, 0x7f, 0xf0, 0x9a, 0xab, 0xf1,
    0x62, 0xaf, 0xe6,

    /* U+00B2 "²" */
    0x6, 0xcf, 0xeb, 0x30, 0x28, 0x4b, 0xb3, 0xe0,
    0x17, 0x42, 0x2c, 0x1, 0x0, 0x77, 0xa1, 0x0,
    0x43, 0x81, 0x60, 0x11, 0xfa, 0xd8, 0x4, 0xd8,
    0xf4, 0x66, 0x11, 0x48, 0x36, 0x65, 0x0,

    /* U+00B3 "³" */
    0x3f, 0xff, 0x19, 0xb3, 0x2b, 0x15, 0x30, 0x33,
    0x14, 0xa5, 0x0, 0x6d, 0x23, 0x30, 0x6, 0xfa,
    0x1c, 0x40, 0x8, 0xd6, 0xb, 0x4f, 0x1d, 0x52,
    0xb, 0xd, 0x2a, 0x96, 0x94, 0xa0,

    /* U+00B4 "´" */
    0x0, 0x9d, 0xc4, 0x3, 0x90, 0x44, 0x1c, 0x1d,
    0x50,

    /* U+00B5 "µ" */
    0x3f, 0xb0, 0xe, 0x2f, 0xc0, 0xf, 0xff, 0x6b,
    0x80, 0x70, 0x80, 0x62, 0x0, 0xeb, 0x0, 0xc3,
    0x0, 0x12, 0x38, 0x7, 0x3e, 0xd6, 0x59, 0x80,
    0x64, 0x80, 0x52, 0x6d, 0x0, 0xe7, 0xdf, 0xe9,
    0x1f, 0xc0, 0xf, 0xfe, 0xa8,

    /* U+00B6 "¶" */
    0x0, 0x3e, 0xff, 0xfb, 0x43, 0x60, 0x80, 0xc,
    0xee, 0x10, 0x62, 0x0, 0xd7, 0x10, 0x50, 0xf0,
    0xf, 0xf0, 0x80, 0x7f, 0xa8, 0x3, 0xfc, 0x54,
    0x1, 0xfe, 0x5f, 0xa5, 0x0, 0xfe, 0x5d, 0x0,
    0xff, 0xff, 0x80, 0x7f, 0xf2, 0xd1, 0xcc, 0x1,
    0xb4,

    /* U+00B7 "·" */
    0x3c, 0x69, 0x39, 0xf0, 0x60,

    /* U+00B8 "¸" */
    0x0, 0x5b, 0x0, 0x4b, 0x46, 0x0, 0xe5, 0xe0,
    0x30, 0x13, 0x1c, 0xf6, 0xb1, 0xfe, 0xe2, 0x80,

    /* U+00B9 "¹" */
    0x3f, 0xf9, 0x40, 0x7, 0x96, 0x1, 0xc6, 0xa0,
    0x1f, 0xfc, 0xd1, 0x35, 0x2, 0x31, 0x7c, 0xb0,
    0x8c, 0x70,

    /* U+00BA "º" */
    0x0, 0x4f, 0x7d, 0x98, 0x2, 0xd2, 0xec, 0x38,
    0x44, 0x4e, 0x54, 0xa2, 0xa7, 0x3, 0x0, 0x9c,
    0xd8, 0x8, 0x2, 0x62, 0x32, 0xe2, 0x18, 0x3a,
    0xf, 0xd, 0xe6, 0xa3, 0x2, 0xce, 0xde, 0x50,

    /* U+00BB "»" */
    0x1c, 0xa0, 0x2d, 0x80, 0x8, 0x65, 0x58, 0x95,
    0xd0, 0x2, 0x55, 0x49, 0xc1, 0xd0, 0x80, 0x54,
    0x5c, 0x1c, 0x34, 0x1, 0x84, 0xc4, 0xc5, 0x80,
    0x28, 0x3a, 0x1b, 0x1f, 0x0, 0x1b, 0xb9, 0x19,
    0x64, 0x80, 0x74, 0xe0, 0xa5, 0x58, 0x0,

    /* U+00BC "¼" */
    0x3f, 0xf9, 0x40, 0x3e, 0x1e, 0x80, 0xe, 0x3c,
    0xc0, 0x7, 0xf5, 0x9c, 0x0, 0x78, 0xc8, 0x3,
    0xf2, 0xab, 0x80, 0x3f, 0xf8, 0x83, 0x6e, 0x60,
    0x1f, 0xfc, 0x4b, 0x38, 0x0, 0xff, 0xe2, 0x2a,
    0xb8, 0x2, 0x36, 0x0, 0xff, 0x86, 0xe0, 0xc0,
    0x5, 0x82, 0x1, 0x37, 0xf0, 0x57, 0xb0, 0x51,
    0x38, 0x5, 0xc8, 0xe0, 0x13, 0xe6, 0x73, 0xaa,
    0x70, 0x5, 0x5, 0x40, 0x18, 0x4c, 0xf8, 0x2e,
    0x8, 0x0, 0x8f, 0x43, 0x2c, 0x1, 0xfa, 0x89,
    0xc0, 0x3, 0x4c, 0x80, 0x5c, 0x1, 0xf3, 0x27,
    0x0, 0x4c, 0x2d, 0xfe, 0x47, 0xf2, 0x0, 0xc3,
    0x30, 0x40, 0x13, 0x66, 0x61, 0x6c, 0x20, 0xd,
    0x46, 0xe0, 0x18, 0x4c, 0xf8, 0x4c, 0x3, 0xa3,
    0x40, 0x3f, 0xdf, 0x20, 0x0,

    /* U+00BD "½" */
    0x3f, 0xf9, 0x40, 0x3e, 0x1e, 0x80, 0xc, 0x79,
    0x80, 0xf, 0xeb, 0x38, 0x0, 0xe3, 0x20, 0xf,
    0xca, 0xae, 0x0, 0xff, 0xe1, 0x8d, 0xb9, 0x80,
    0x7f, 0xf0, 0xec, 0xe0, 0x3, 0xff, 0x86, 0xaa,
    0xe0, 0xf, 0xfe, 0x18, 0xdc, 0x1c, 0x6f, 0xfb,
    0x10, 0x1b, 0xf8, 0x2b, 0xd8, 0x28, 0x9c, 0x3b,
    0x9f, 0xc9, 0x62, 0xf9, 0x9c, 0xea, 0x9c, 0x0,
    0x63, 0x1, 0xb0, 0x51, 0x33, 0xe0, 0xb8, 0x20,
    0xf, 0x41, 0x20, 0x7, 0xa8, 0x9c, 0x3, 0x87,
    0x17, 0xc0, 0x3c, 0xc9, 0xc0, 0x1c, 0x58, 0x1e,
    0x40, 0x1c, 0x33, 0x4, 0x1, 0x8f, 0x1f, 0x4,
    0x3, 0xd4, 0x6e, 0x1, 0xd8, 0x2b, 0xff, 0x58,
    0x6, 0x8d, 0x0, 0xf6, 0x67, 0xa4,

    /* U+00BE "¾" */
    0x3f, 0xff, 0x18, 0x7, 0xf, 0x40, 0x7, 0x1e,
    0x65, 0x62, 0xa6, 0x1, 0xd6, 0x70, 0x1, 0xe3,
    0x31, 0x42, 0x50, 0x7, 0x2a, 0xb8, 0x3, 0xfa,
    0x8c, 0x88, 0x1, 0x86, 0xdc, 0xc0, 0x3f, 0xba,
    0x4b, 0x4c, 0x2, 0xb3, 0x80, 0xf, 0xf2, 0xb5,
    0x15, 0x80, 0x15, 0x5c, 0x1, 0x23, 0x0, 0x43,
    0x26, 0x20, 0xa5, 0xc0, 0x37, 0x6, 0x0, 0x2b,
    0x0, 0xc6, 0x59, 0xdf, 0x4e, 0xc1, 0x44, 0xe0,
    0x17, 0xa3, 0x0, 0x45, 0x7f, 0xba, 0xf8, 0x5,
    0x4e, 0x0, 0xa0, 0xe8, 0x3, 0xe2, 0x20, 0x0,
    0x6e, 0x8, 0x0, 0x8f, 0x43, 0x4e, 0x1, 0xfd,
    0x44, 0xe0, 0x1, 0xa6, 0x40, 0x1f, 0x0, 0xfc,
    0xc9, 0xc0, 0x13, 0xb, 0x7f, 0x91, 0xfc, 0x80,
    0x38, 0x66, 0x8, 0x2, 0x6c, 0xcc, 0x2d, 0x84,
    0x1, 0xd4, 0x6e, 0x1, 0x84, 0xcf, 0x84, 0xc0,
    0x3d, 0x1a, 0x1, 0xfe, 0xf9, 0x0, 0x0,

    /* U+00BF "¿" */
    0x0, 0x8b, 0xb0, 0x3, 0xf3, 0x89, 0x90, 0x7,
    0xca, 0xf2, 0x40, 0x1f, 0xa1, 0x80, 0x3f, 0x99,
    0x40, 0x3f, 0x24, 0xc8, 0x3, 0xe2, 0xa0, 0x80,
    0xf, 0x16, 0xc, 0xa0, 0x7, 0xf, 0x8d, 0x30,
    0x7, 0x98, 0x99, 0x40, 0x3e, 0xe0, 0xe0, 0xe,
    0x10, 0x7, 0x5, 0x10, 0x4, 0x9f, 0x82, 0xe4,
    0x4d, 0xd6, 0x75, 0x8d, 0x88, 0x6c, 0x19, 0xe6,
    0xc7, 0x0,

    /* U+00C0 "À" */
    0x0, 0xea, 0xf9, 0x0, 0xff, 0xe0, 0xd5, 0x1a,
    0xc0, 0x3f, 0xf8, 0x2b, 0xb8, 0x80, 0x1f, 0xfc,
    0x12, 0x74, 0x0, 0xff, 0xe0, 0xf7, 0xc0, 0x7,
    0xff, 0x1, 0x44, 0x18, 0x3, 0xff, 0x81, 0x0,
    0xa2, 0xc0, 0x1f, 0xe4, 0x25, 0xb0, 0xb0, 0xf,
    0xf7, 0x84, 0x8a, 0x92, 0x80, 0x7e, 0x24, 0x33,
    0x4, 0x84, 0x80, 0x7e, 0x80, 0x90, 0x1, 0x9e,
    0x0, 0xf0, 0xa8, 0xa8, 0x5, 0x21, 0x0, 0x1e,
    0x90, 0x90, 0xc, 0xa2, 0x84, 0x1, 0xcc, 0x11,
    0xff, 0xc2, 0x16, 0x1, 0x98, 0x49, 0x57, 0xe0,
    0x61, 0x0, 0xac, 0x3a, 0xab, 0xe6, 0x9, 0x0,
    0x29, 0x21, 0x80, 0x7d, 0x60, 0xc0, 0x9, 0xf,
    0x0, 0xfc, 0x4a, 0x2c,

    /* U+00C1 "Á" */
    0x0, 0xfc, 0x5b, 0xea, 0x1, 0xff, 0x1e, 0x6,
    0xa8, 0x7, 0xfc, 0x93, 0xa4, 0x1, 0xff, 0xc0,
    0x77, 0x0, 0x7f, 0xf0, 0xbb, 0xe0, 0x3, 0xff,
    0x80, 0xa2, 0xc, 0x1, 0xff, 0xc0, 0x80, 0x51,
    0x60, 0xf, 0xf2, 0x12, 0xd8, 0x58, 0x7, 0xfb,
    0xc2, 0x45, 0x49, 0x40, 0x3f, 0x12, 0x19, 0x82,
    0x42, 0x40, 0x3f, 0x40, 0x48, 0x0, 0xcf, 0x0,
    0x78, 0x54, 0x54, 0x2, 0x90, 0x80, 0xf, 0x48,
    0x48, 0x6, 0x51, 0x42, 0x0, 0xe6, 0x8, 0xff,
    0xe1, 0xb, 0x0, 0xcc, 0x24, 0xab, 0xf0, 0x30,
    0x80, 0x56, 0x1d, 0x55, 0xf3, 0x4, 0x80, 0x14,
    0x90, 0xc0, 0x3e, 0xb0, 0x60, 0x4, 0x87, 0x80,
    0x7e, 0x25, 0x16,

    /* U+00C2 "Â" */
    0x0, 0xf1, 0xf7, 0xd8, 0x7, 0xfc, 0x98, 0x98,
    0xb8, 0x20, 0x1f, 0xc7, 0x34, 0x7f, 0x68, 0x1,
    0xfc, 0xec, 0x0, 0x17, 0x50, 0xf, 0xfb, 0xbe,
    0x0, 0x3f, 0xf8, 0xa, 0x20, 0xc0, 0x1f, 0xfc,
    0x8, 0x5, 0x16, 0x0, 0xff, 0x21, 0x2d, 0x85,
    0x80, 0x7f, 0xbc, 0x24, 0x54, 0x94, 0x3, 0xf1,
    0x21, 0x98, 0x24, 0x24, 0x3, 0xf4, 0x4, 0x80,
    0xc, 0xf0, 0x7, 0x85, 0x45, 0x40, 0x29, 0x8,
    0x0, 0xf4, 0x84, 0x80, 0x65, 0x14, 0x20, 0xe,
    0x60, 0x8f, 0xfe, 0x10, 0xb0, 0xc, 0xc2, 0x4a,
    0xbf, 0x3, 0x8, 0x5, 0x61, 0xd5, 0x5f, 0x30,
    0x48, 0x1, 0x49, 0xc, 0x3, 0xeb, 0x6, 0x0,
    0x48, 0x78, 0x7, 0xe2, 0x51, 0x60,

    /* U+00C3 "Ã" */
    0x0, 0xff, 0xe4, 0xc7, 0xf4, 0x14, 0x68, 0x7,
    0xe2, 0x7d, 0xc4, 0xd7, 0x80, 0xf, 0xc7, 0x84,
    0x4c, 0xde, 0x50, 0xf, 0xc2, 0x60, 0x11, 0x8,
    0x7, 0xff, 0x3, 0xbe, 0x0, 0x3f, 0xf8, 0xa,
    0x20, 0xc0, 0x1f, 0xfc, 0x8, 0x5, 0x16, 0x0,
    0xff, 0x21, 0x2d, 0x85, 0x80, 0x7f, 0xbc, 0x24,
    0x54, 0x94, 0x3, 0xf1, 0x21, 0x98, 0x24, 0x24,
    0x3, 0xf4, 0x4, 0x80, 0xc, 0xf0, 0x7, 0x85,
    0x45, 0x40, 0x29, 0x8, 0x0, 0xf4, 0x84, 0x80,
    0x65, 0x14, 0x20, 0xe, 0x60, 0x8f, 0xfe, 0x10,
    0xb0, 0xc, 0xc2, 0x4a, 0xbf, 0x3, 0x8, 0x5,
    0x61, 0xd5, 0x5f, 0x30, 0x48, 0x1, 0x49, 0xc,
    0x3, 0xeb, 0x6, 0x0, 0x48, 0x78, 0x7, 0xe2,
    0x51, 0x60,

    /* U+00C4 "Ä" */
    0x0, 0xe5, 0xf4, 0x9, 0xe1, 0x0, 0xfe, 0x30,
    0x10, 0x21, 0x0, 0xff, 0x37, 0x28, 0x5f, 0x88,
    0x7, 0xf8, 0x40, 0x3f, 0xf8, 0x9d, 0xf0, 0x1,
    0xff, 0xc0, 0x51, 0x6, 0x0, 0xff, 0xe0, 0x40,
    0x28, 0xb0, 0x7, 0xf9, 0x9, 0x6c, 0x2c, 0x3,
    0xfd, 0xe1, 0x22, 0xa4, 0xa0, 0x1f, 0x89, 0xc,
    0xc1, 0x21, 0x20, 0x1f, 0xa0, 0x24, 0x0, 0x67,
    0x80, 0x3c, 0x2a, 0x2a, 0x1, 0x48, 0x40, 0x7,
    0xa4, 0x24, 0x3, 0x28, 0xa1, 0x0, 0x73, 0x4,
    0x7f, 0xf0, 0x85, 0x80, 0x66, 0x12, 0x55, 0xf8,
    0x18, 0x40, 0x2b, 0xe, 0xaa, 0xf9, 0x82, 0x40,
    0xa, 0x48, 0x60, 0x1f, 0x58, 0x30, 0x2, 0x43,
    0xc0, 0x3f, 0x12, 0x8b, 0x0,

    /* U+00C5 "Å" */
    0x0, 0xf0, 0xde, 0xb8, 0x7, 0xff, 0x2, 0xfb,
    0x71, 0x0, 0x3f, 0xe7, 0x50, 0xd3, 0x0, 0xff,
    0x9d, 0x43, 0x4c, 0x3, 0xfe, 0xbe, 0xdc, 0x40,
    0xf, 0xf8, 0x6f, 0x5c, 0x3, 0xff, 0x83, 0xdf,
    0x0, 0x1f, 0xfc, 0x5, 0x10, 0x60, 0xf, 0xfe,
    0x4, 0x2, 0x8b, 0x0, 0x7f, 0x90, 0x96, 0xc2,
    0xc0, 0x3f, 0xde, 0x12, 0x2a, 0x4a, 0x1, 0xf8,
    0x90, 0xcc, 0x12, 0x12, 0x1, 0xfa, 0x2, 0x40,
    0x6, 0x78, 0x3, 0xc2, 0xa2, 0xa0, 0x14, 0x84,
    0x0, 0x7a, 0x42, 0x40, 0x32, 0x8a, 0x10, 0x7,
    0x30, 0x47, 0xff, 0x8, 0x58, 0x6, 0x61, 0x25,
    0x5f, 0x81, 0x84, 0x2, 0xb0, 0xea, 0xaf, 0x98,
    0x24, 0x0, 0xa4, 0x86, 0x1, 0xf5, 0x83, 0x0,
    0x24, 0x3c, 0x3, 0xf1, 0x28, 0xb0,

    /* U+00C6 "Æ" */
    0x0, 0xfc, 0x3d, 0xff, 0xfe, 0x80, 0xf, 0xd0,
    0x22, 0x1, 0x33, 0xfb, 0x80, 0x3e, 0x26, 0x2b,
    0x4, 0xcc, 0xf9, 0x80, 0x3e, 0xe0, 0x90, 0xf,
    0xfe, 0x2a, 0x9a, 0xa0, 0x7, 0xff, 0x16, 0xc2,
    0x0, 0x3f, 0xf8, 0xb0, 0x2e, 0x40, 0x12, 0xff,
    0xfa, 0x80, 0x38, 0x9c, 0x60, 0x3, 0x9, 0x9f,
    0xb4, 0x3, 0xa4, 0x2c, 0x3, 0x93, 0x33, 0xce,
    0x1, 0x95, 0x2, 0xbf, 0xea, 0x0, 0xff, 0xe0,
    0xd8, 0x2a, 0xf1, 0x80, 0x7f, 0xf0, 0x20, 0x5a,
    0xab, 0xa4, 0x3, 0xfe, 0x27, 0x19, 0x0, 0xf9,
    0x33, 0x3e, 0xa0, 0x90, 0xb0, 0xf, 0xc2, 0x67,
    0xf3, 0x80,

    /* U+00C7 "Ç" */
    0x0, 0xc2, 0xf9, 0xdf, 0xd6, 0xa0, 0x1c, 0xbd,
    0x6, 0x24, 0x29, 0x58, 0x20, 0x5, 0xa0, 0x6d,
    0xfd, 0xfc, 0x43, 0x40, 0x1a, 0x9, 0x91, 0x0,
    0x47, 0x78, 0xa1, 0x0, 0xac, 0x1, 0xf1, 0x80,
    0x10, 0x24, 0x3, 0xfe, 0x20, 0x30, 0xf, 0xfe,
    0x69, 0x1, 0x80, 0x7f, 0xc8, 0x12, 0x1, 0xff,
    0x40, 0x2b, 0x0, 0x7c, 0x60, 0x1, 0xa0, 0x9a,
    0x20, 0x8, 0xef, 0x14, 0x0, 0xb4, 0xb, 0xbf,
    0xbf, 0x88, 0x68, 0x1, 0x2f, 0x41, 0x81, 0xa,
    0x56, 0x8, 0x6, 0x17, 0xc7, 0x5e, 0xb5, 0x0,
    0xfe, 0xe6, 0xc0, 0xf, 0xf0, 0xb4, 0x19, 0x0,
    0x7f, 0x67, 0xdb, 0x10, 0x7, 0xf6, 0xf7, 0xc8,
    0x6,

    /* U+00C8 "È" */
    0x2, 0xcf, 0x50, 0xf, 0x8b, 0x1a, 0x9c, 0x3,
    0xf4, 0xdf, 0x90, 0x7, 0xe4, 0x82, 0x0, 0xdd,
    0xff, 0xfc, 0x1, 0x11, 0x9f, 0xc0, 0x16, 0x67,
    0xe0, 0xf, 0xfe, 0xc7, 0x7f, 0xf8, 0x80, 0x23,
    0x3f, 0xc0, 0x16, 0xe6, 0x78, 0x40, 0x3f, 0xfb,
    0x1b, 0x99, 0xf1, 0x80, 0xc, 0xff, 0x38,

    /* U+00C9 "É" */
    0x0, 0xe4, 0xfd, 0x20, 0xf, 0x35, 0xae, 0x90,
    0x7, 0x8, 0xaa, 0x80, 0x1f, 0xb, 0xa8, 0x7,
    0x77, 0xff, 0xf0, 0x4, 0x46, 0x7f, 0x0, 0x59,
    0x9f, 0x80, 0x3f, 0xfb, 0x1d, 0xff, 0xe2, 0x0,
    0x8c, 0xff, 0x0, 0x5b, 0x99, 0xe1, 0x0, 0xff,
    0xec, 0x6e, 0x67, 0xc6, 0x0, 0x33, 0xfc, 0xe0,

    /* U+00CA "Ê" */
    0x0, 0x9b, 0xfc, 0xe0, 0x1e, 0x79, 0x89, 0x88,
    0x0, 0x62, 0xfb, 0x76, 0xc0, 0x20, 0x8, 0xa1,
    0x0, 0x7, 0x4, 0x0, 0xef, 0xff, 0xe0, 0x8,
    0x8c, 0xfe, 0x0, 0xb3, 0x3f, 0x0, 0x7f, 0xf6,
    0x3b, 0xff, 0xc4, 0x1, 0x19, 0xfe, 0x0, 0xb7,
    0x33, 0xc2, 0x1, 0xff, 0xd8, 0xdc, 0xcf, 0x8c,
    0x0, 0x67, 0xf9, 0xc0,

    /* U+00CB "Ë" */
    0x0, 0x4f, 0x8, 0x6d, 0x0, 0x71, 0x8, 0x0,
    0xd8, 0x3, 0xaf, 0xc4, 0x3b, 0x0, 0x3f, 0xf8,
    0x5d, 0xff, 0xfc, 0x1, 0x11, 0x9f, 0xc0, 0x16,
    0x67, 0xe0, 0xf, 0xfe, 0xc7, 0x7f, 0xf8, 0x80,
    0x23, 0x3f, 0xc0, 0x16, 0xe6, 0x78, 0x40, 0x3f,
    0xfb, 0x1b, 0x99, 0xf1, 0x80, 0xc, 0xff, 0x38,

    /* U+00CC "Ì" */
    0x1c, 0xf6, 0x0, 0xe, 0x3c, 0xc0, 0x5, 0x16,
    0x4, 0x1, 0x24, 0x10, 0x5, 0xde, 0x20, 0x1f,
    0xff, 0xf0, 0x8,

    /* U+00CD "Í" */
    0x0, 0x27, 0xe9, 0x82, 0xda, 0xe1, 0x89, 0x55,
    0x4, 0x5, 0xd4, 0x3, 0x77, 0x88, 0x7, 0xff,
    0xfc, 0x3, 0x80,

    /* U+00CE "Î" */
    0x0, 0x2f, 0xfa, 0x0, 0x26, 0xa7, 0xa7, 0x90,
    0x11, 0x5c, 0x2e, 0x89, 0x8b, 0xa0, 0x0, 0xa0,
    0xc0, 0x2e, 0xf1, 0x0, 0xff, 0xff, 0x80, 0x7f,
    0xf4, 0xc0,

    /* U+00CF "Ï" */
    0x8e, 0x10, 0xcb, 0x21, 0x30, 0x26, 0xaf, 0x20,
    0xed, 0x0, 0xfd, 0xde, 0x20, 0x1f, 0xff, 0xf0,
    0xc,

    /* U+00D0 "Ð" */
    0x0, 0x5f, 0xff, 0xb6, 0x94, 0x3, 0xf1, 0x19,
    0xc4, 0x45, 0xac, 0x20, 0xf, 0x4e, 0x65, 0xbf,
    0x66, 0x6c, 0x20, 0xf, 0xf9, 0x31, 0x87, 0x80,
    0x3f, 0xf8, 0x32, 0x26, 0x60, 0xf, 0xfe, 0xb,
    0x5, 0xe7, 0xa0, 0x5f, 0xfc, 0x60, 0x1b, 0x40,
    0xad, 0x40, 0x2, 0xab, 0x8, 0x7, 0xcf, 0x48,
    0x15, 0x58, 0x80, 0x36, 0x81, 0x0, 0x7f, 0xf0,
    0x58, 0x2c, 0x3, 0xff, 0x81, 0x22, 0x66, 0x0,
    0xff, 0x1d, 0xb0, 0xf0, 0x7, 0x4e, 0x65, 0xbd,
    0x88, 0x58, 0x40, 0x1c, 0x46, 0x71, 0x1a, 0x56,
    0x90, 0x0,

    /* U+00D1 "Ñ" */
    0x0, 0xff, 0xe2, 0x5f, 0xeb, 0xd, 0xc8, 0x7,
    0x32, 0xfc, 0xc7, 0x25, 0x80, 0x72, 0x60, 0x27,
    0x67, 0x10, 0x7, 0x11, 0x0, 0x23, 0x10, 0xd,
    0xde, 0x40, 0x1f, 0x6f, 0x90, 0x3, 0xc4, 0x3,
    0xfe, 0x2a, 0x0, 0xff, 0x85, 0x20, 0x3, 0xfd,
    0x40, 0xea, 0x1, 0xfc, 0xb4, 0x14, 0x60, 0x1f,
    0xca, 0xe1, 0xa2, 0x1, 0xfd, 0x8, 0x3a, 0x1,
    0xfe, 0xa2, 0x39, 0x0, 0xfe, 0x1f, 0x6, 0x60,
    0x7, 0xf1, 0x50, 0x49, 0x0, 0x7f, 0x2b, 0x80,
    0x7f, 0xf0, 0x21, 0x0, 0x3f, 0xf8, 0x16, 0x40,
    0x0,

    /* U+00D2 "Ò" */
    0x0, 0xe7, 0x83, 0x0, 0xff, 0xe0, 0xa3, 0x69,
    0x0, 0x7f, 0xf0, 0xf, 0xf, 0x4, 0x3, 0xff,
    0x80, 0x59, 0x28, 0x1, 0xff, 0xc1, 0x17, 0x50,
    0xf, 0xf0, 0xbe, 0x77, 0xf5, 0xb0, 0x7, 0xcb,
    0xf0, 0x60, 0x42, 0x93, 0xa6, 0x1, 0x96, 0x85,
    0xb7, 0xb7, 0xf1, 0xb, 0xc, 0x0, 0x34, 0x15,
    0x24, 0x1, 0x1d, 0xb0, 0x70, 0x2, 0x1, 0x94,
    0x3, 0xe9, 0x22, 0x28, 0x20, 0x50, 0x7, 0xf5,
    0x87, 0x81, 0x1, 0x80, 0x7f, 0x28, 0x30, 0x7,
    0xff, 0x14, 0x80, 0xc0, 0x3f, 0x94, 0x18, 0x10,
    0x28, 0x3, 0xfa, 0xc3, 0xc2, 0x1, 0x98, 0x1,
    0xf4, 0x91, 0x14, 0x6, 0x82, 0x64, 0x40, 0x11,
    0xdb, 0x7, 0x0, 0x4b, 0x42, 0xdb, 0xfb, 0xf8,
    0x85, 0x86, 0x1, 0x97, 0xe0, 0xc4, 0x85, 0x27,
    0x4c, 0x0,

    /* U+00D3 "Ó" */
    0x0, 0xfe, 0x48, 0x60, 0xf, 0xfe, 0x2, 0x5a,
    0xb8, 0x7, 0xfc, 0x76, 0x78, 0x20, 0x1f, 0xf2,
    0xc6, 0x8, 0x7, 0xff, 0x1, 0x9c, 0x3, 0xfe,
    0x17, 0xce, 0xfe, 0xb6, 0x0, 0xf9, 0x7e, 0xc,
    0x8, 0x52, 0x74, 0xc0, 0x32, 0xd0, 0xb6, 0xf6,
    0xfe, 0x21, 0x61, 0x80, 0x6, 0x82, 0xa4, 0x80,
    0x23, 0xb6, 0xe, 0x0, 0x40, 0x32, 0x80, 0x7d,
    0x24, 0x45, 0x4, 0xa, 0x0, 0xfe, 0xb0, 0xf0,
    0x20, 0x30, 0xf, 0xe5, 0x6, 0x0, 0xff, 0xe2,
    0x90, 0x18, 0x7, 0xf2, 0x83, 0x2, 0x5, 0x0,
    0x7f, 0x58, 0x78, 0x40, 0x33, 0x0, 0x3e, 0x92,
    0x22, 0x80, 0xd0, 0x4c, 0x88, 0x2, 0x3b, 0x60,
    0xe0, 0x9, 0x68, 0x5b, 0x7f, 0x7f, 0x10, 0xb0,
    0xc0, 0x32, 0xfc, 0x18, 0x90, 0xa4, 0xe9, 0x80,
    0x0,

    /* U+00D4 "Ô" */
    0x0, 0xf9, 0x61, 0x0, 0x3f, 0xf8, 0xd, 0x4d,
    0x68, 0x1, 0xfe, 0x49, 0x6e, 0x4b, 0x20, 0xf,
    0xe3, 0x99, 0x5, 0xc2, 0x0, 0x7f, 0x3b, 0x0,
    0x4e, 0xc0, 0x1f, 0x85, 0xf3, 0xbf, 0xad, 0x80,
    0x3e, 0x5f, 0x83, 0x2, 0x14, 0x9d, 0x30, 0xc,
    0xb4, 0x2d, 0xbd, 0xbf, 0x88, 0x58, 0x60, 0x1,
    0xa0, 0xa9, 0x20, 0x8, 0xed, 0x83, 0x80, 0x10,
    0xc, 0xa0, 0x1f, 0x49, 0x11, 0x41, 0x2, 0x80,
    0x3f, 0xac, 0x3c, 0x8, 0xc, 0x3, 0xf9, 0x41,
    0x80, 0x3f, 0xf8, 0xa4, 0x6, 0x1, 0xfc, 0xa0,
    0xc0, 0x81, 0x40, 0x1f, 0xd6, 0x1e, 0x10, 0xc,
    0xc0, 0xf, 0xa4, 0x88, 0xa0, 0x34, 0x13, 0x22,
    0x0, 0x8e, 0xd8, 0x38, 0x2, 0x5a, 0x16, 0xdf,
    0xdf, 0xc4, 0x2c, 0x30, 0xc, 0xbf, 0x6, 0x24,
    0x29, 0x3a, 0x60, 0x0,

    /* U+00D5 "Õ" */
    0x0, 0xff, 0x84, 0x3, 0xf9, 0xff, 0xd2, 0x4f,
    0xe0, 0x1f, 0x86, 0x33, 0x4b, 0x62, 0x40, 0x3f,
    0xe, 0x19, 0x5e, 0xe9, 0xc0, 0x3f, 0x8c, 0x2,
    0x22, 0x0, 0x7f, 0xb, 0xe7, 0x7f, 0x5b, 0x0,
    0x7c, 0xbf, 0x6, 0x4, 0x29, 0x3a, 0x60, 0x19,
    0x68, 0x5b, 0x7b, 0x7f, 0x10, 0xb0, 0xc0, 0x3,
    0x41, 0x52, 0x40, 0x11, 0xdb, 0x7, 0x0, 0x20,
    0x19, 0x40, 0x3e, 0x92, 0x22, 0x82, 0x5, 0x0,
    0x7f, 0x58, 0x78, 0x10, 0x18, 0x7, 0xf2, 0x83,
    0x0, 0x7f, 0xf1, 0x48, 0xc, 0x3, 0xf9, 0x41,
    0x81, 0x2, 0x80, 0x3f, 0xac, 0x3c, 0x20, 0x19,
    0x80, 0x1f, 0x49, 0x11, 0x40, 0x68, 0x26, 0x44,
    0x1, 0x1d, 0xb0, 0x70, 0x4, 0xb4, 0x2d, 0xbf,
    0xbf, 0x88, 0x58, 0x60, 0x19, 0x7e, 0xc, 0x48,
    0x52, 0x74, 0xc0, 0x0,

    /* U+00D6 "Ö" */
    0x0, 0xf0, 0x80, 0x42, 0x1, 0xfe, 0x4e, 0x60,
    0x9e, 0x20, 0xf, 0xe7, 0x3, 0x1, 0x10, 0x7,
    0xf8, 0xfd, 0x42, 0x38, 0x80, 0x3f, 0xf9, 0x82,
    0xf9, 0xdf, 0xd6, 0xc0, 0x1f, 0x2f, 0xc1, 0x81,
    0xa, 0x4e, 0x98, 0x6, 0x5a, 0x16, 0xde, 0xdf,
    0xc4, 0x2c, 0x30, 0x0, 0xd0, 0x54, 0x90, 0x4,
    0x76, 0xc1, 0xc0, 0x8, 0x6, 0x50, 0xf, 0xa4,
    0x88, 0xa0, 0x81, 0x40, 0x1f, 0xd6, 0x1e, 0x4,
    0x6, 0x1, 0xfc, 0xa0, 0xc0, 0x1f, 0xfc, 0x52,
    0x3, 0x0, 0xfe, 0x50, 0x60, 0x40, 0xa0, 0xf,
    0xeb, 0xf, 0x8, 0x6, 0x60, 0x7, 0xd2, 0x44,
    0x50, 0x1a, 0x9, 0x91, 0x0, 0x47, 0x6c, 0x1c,
    0x1, 0x2d, 0xb, 0x6f, 0xef, 0xe2, 0x16, 0x18,
    0x6, 0x5f, 0x83, 0x12, 0x14, 0x9d, 0x30, 0x0,

    /* U+00D7 "×" */
    0x0, 0xfc, 0x96, 0x1, 0x16, 0x9, 0xa5, 0x1,
    0x61, 0x93, 0xb9, 0x6b, 0x7, 0xc, 0x21, 0x94,
    0x6c, 0xc0, 0x2, 0x80, 0xd, 0x0, 0xe, 0x15,
    0x2b, 0x48, 0x59, 0x52, 0xd2, 0xb2, 0x5d, 0x28,
    0x2, 0xa5, 0x0,

    /* U+00D8 "Ø" */
    0x0, 0xff, 0x87, 0xe8, 0x3, 0xff, 0x83, 0x1,
    0x0, 0x1e, 0x17, 0xce, 0xfe, 0xd6, 0x61, 0x0,
    0x72, 0xfc, 0x18, 0x10, 0x90, 0x31, 0x80, 0x65,
    0xa1, 0x6d, 0xed, 0xc0, 0xb, 0xc, 0x0, 0x34,
    0x15, 0x24, 0x0, 0x81, 0xe6, 0xe, 0x0, 0x40,
    0x32, 0x80, 0x46, 0x92, 0x32, 0x44, 0x50, 0x40,
    0xa0, 0xd, 0xe2, 0xe0, 0xb, 0xf, 0x2, 0x3,
    0x0, 0x90, 0xe0, 0x2, 0x50, 0x60, 0xf, 0xa4,
    0x98, 0x3, 0xe2, 0x3, 0x0, 0x29, 0x40, 0x6,
    0x50, 0x60, 0x40, 0xa0, 0x4, 0x12, 0x80, 0x6b,
    0xf, 0x8, 0x6, 0x68, 0xa4, 0x3, 0x49, 0x11,
    0x40, 0x68, 0x26, 0x40, 0x80, 0x3, 0xb6, 0xe,
    0x0, 0x96, 0x80, 0x2f, 0xdf, 0xc4, 0x2c, 0x30,
    0xc, 0x80, 0x3, 0x12, 0x14, 0x9d, 0x30, 0xe,
    0x90, 0xcc, 0x77, 0xf5, 0xb0, 0x7, 0xdf, 0x26,
    0x1, 0xfe,

    /* U+00D9 "Ù" */
    0x0, 0x8e, 0x1c, 0x3, 0xfc, 0x63, 0x12, 0x1,
    0xfe, 0x98, 0x68, 0x0, 0xff, 0x3d, 0x78, 0x80,
    0x7f, 0x95, 0xc4, 0x3, 0xbf, 0xc0, 0x1f, 0x17,
    0xe8, 0x7, 0xff, 0xfc, 0x3, 0xff, 0x86, 0x20,
    0x1f, 0xfc, 0x22, 0x3, 0x0, 0xf3, 0x83, 0x2,
    0x5, 0x0, 0x7a, 0x43, 0x2, 0xc1, 0xa0, 0x40,
    0x3, 0x46, 0x2c, 0x5, 0x40, 0xfd, 0xd9, 0x47,
    0x40, 0x25, 0xd6, 0x21, 0x11, 0x3f, 0x98, 0x0,

    /* U+00DA "Ú" */
    0x0, 0xfc, 0xf0, 0x40, 0x1f, 0xd7, 0x1e, 0x40,
    0x1f, 0xa9, 0x29, 0xc0, 0x3f, 0x11, 0x31, 0x40,
    0x3f, 0x8a, 0xc, 0x3, 0xdf, 0xe0, 0xf, 0x8b,
    0xf4, 0x3, 0xff, 0xfe, 0x1, 0xff, 0xc3, 0x10,
    0xf, 0xfe, 0x11, 0x1, 0x80, 0x79, 0xc1, 0x81,
    0x2, 0x80, 0x3d, 0x21, 0x81, 0x60, 0xd0, 0x20,
    0x1, 0xa3, 0x16, 0x2, 0xa0, 0x7e, 0xec, 0xa3,
    0xa0, 0x12, 0xeb, 0x10, 0x88, 0x9f, 0xcc, 0x0,

    /* U+00DB "Û" */
    0x0, 0xe1, 0x87, 0x0, 0xff, 0x63, 0xc5, 0x80,
    0x7e, 0xb3, 0xcb, 0x49, 0x0, 0xf1, 0x9b, 0xd,
    0x30, 0x48, 0x3, 0x8e, 0x8, 0x0, 0x70, 0x40,
    0x17, 0xf8, 0x3, 0xe2, 0xfd, 0x0, 0xff, 0xff,
    0x80, 0x7f, 0xf0, 0xc4, 0x3, 0xff, 0x84, 0x40,
    0x60, 0x1e, 0x70, 0x60, 0x40, 0xa0, 0xf, 0x48,
    0x60, 0x58, 0x34, 0x8, 0x0, 0x68, 0xc5, 0x80,
    0xa8, 0x1f, 0xbb, 0x28, 0xe8, 0x4, 0xba, 0xc4,
    0x22, 0x27, 0xf3, 0x0,

    /* U+00DC "Ü" */
    0x0, 0xff, 0xe2, 0xe7, 0x0, 0xfd, 0x0, 0x7c,
    0xe6, 0x0, 0x12, 0x0, 0xfa, 0xf4, 0x7, 0xa0,
    0x3, 0xff, 0x8b, 0xfe, 0x0, 0xf8, 0xbf, 0x40,
    0x3f, 0xff, 0xe0, 0x1f, 0xfc, 0x31, 0x0, 0xff,
    0xe1, 0x10, 0x18, 0x7, 0x9c, 0x18, 0x10, 0x28,
    0x3, 0xd2, 0x18, 0x16, 0xd, 0x2, 0x0, 0x1a,
    0x31, 0x60, 0x2a, 0x7, 0xee, 0xca, 0x3a, 0x1,
    0x2e, 0xb1, 0x8, 0x89, 0xfc, 0xc0,

    /* U+00DD "Ý" */
    0x0, 0xf8, 0x73, 0xdc, 0x3, 0xfc, 0x38, 0x58,
    0xe0, 0x1f, 0xe4, 0xaf, 0x30, 0xf, 0xf9, 0x5c,
    0x40, 0x3e, 0xcf, 0x50, 0xf, 0x93, 0xec, 0x1,
    0xc1, 0x62, 0x1, 0xe9, 0x9, 0x0, 0x13, 0x8c,
    0x0, 0x73, 0x94, 0x10, 0x5, 0x2, 0xc6, 0x1,
    0x14, 0x13, 0x80, 0x75, 0x87, 0x80, 0x52, 0x12,
    0x1, 0xe5, 0x43, 0x60, 0x54, 0x54, 0x0, 0xfa,
    0x42, 0xa, 0xc2, 0xc0, 0x3f, 0x13, 0x8e, 0xc,
    0x8, 0x7, 0xf4, 0x10, 0x93, 0x80, 0x7f, 0xca,
    0x14, 0x1, 0xff, 0xf6,

    /* U+00DE "Þ" */
    0xef, 0x10, 0xf, 0xfb, 0x33, 0x5c, 0x18, 0x7,
    0x11, 0x9c, 0x8f, 0x92, 0x1, 0xbb, 0xfe, 0xd9,
    0x16, 0x80, 0xf, 0x89, 0xb4, 0x1c, 0x40, 0x3f,
    0x19, 0x81, 0x40, 0x3f, 0x98, 0x8, 0x3, 0xf9,
    0x80, 0x80, 0x3f, 0x19, 0x81, 0x40, 0x3c, 0x4d,
    0xa0, 0xe2, 0x0, 0xef, 0xfb, 0x64, 0x5a, 0x0,
    0x23, 0x3c, 0x8f, 0x92, 0x1, 0xb7, 0x32, 0xb8,
    0x30, 0xf, 0xfe, 0x18,

    /* U+00DF "ß" */
    0x0, 0x9f, 0x7f, 0xd8, 0xa0, 0x1d, 0xb0, 0x46,
    0x47, 0x52, 0x1, 0x49, 0x2f, 0x66, 0xe8, 0x58,
    0xc0, 0xc, 0x16, 0x20, 0x2, 0x90, 0x40, 0x20,
    0x31, 0x0, 0xde, 0x4, 0x1, 0x38, 0x6, 0x37,
    0x15, 0x1, 0x0, 0xcd, 0xb8, 0x1a, 0x1, 0xf7,
    0x90, 0x3, 0x8c, 0x3, 0xd3, 0xfa, 0xe5, 0xa2,
    0x1, 0xf1, 0x43, 0xb, 0x0, 0x7f, 0x60, 0x70,
    0x7, 0xf1, 0x0, 0x80, 0x7e, 0x39, 0xc, 0x0,
    0xc7, 0xb9, 0xb8, 0x2c, 0x80, 0x19, 0xcc, 0xc4,
    0x75, 0x20,

    /* U+00E0 "à" */
    0x4, 0xee, 0x18, 0x7, 0x93, 0xcb, 0xc, 0x3,
    0xc3, 0x91, 0x60, 0x1f, 0x9e, 0x0, 0x39, 0x6b,
    0xbf, 0xad, 0x0, 0xf, 0x4a, 0x68, 0x9, 0x6a,
    0xa, 0xae, 0xdb, 0xe8, 0xb, 0x2, 0xa1, 0x0,
    0x9c, 0x84, 0x80, 0x30, 0x8e, 0x1, 0x8, 0xef,
    0xee, 0x8c, 0x1, 0x2e, 0xb3, 0x77, 0x18, 0x1,
    0x82, 0xd9, 0x12, 0x70, 0x0, 0x81, 0x0, 0x48,
    0x80, 0x4, 0x86, 0x4c, 0x5d, 0x88, 0x0, 0xf4,
    0x4c, 0xee, 0xb4, 0x0, 0x0,

    /* U+00E1 "á" */
    0x0, 0xe7, 0xfb, 0x10, 0xe, 0x88, 0x3d, 0x88,
    0x6, 0x31, 0xb8, 0x0, 0xf1, 0xca, 0x0, 0x72,
    0xd7, 0x7f, 0x5a, 0x0, 0x1e, 0x94, 0xd0, 0x12,
    0xd4, 0x15, 0x5d, 0xb7, 0xd0, 0x16, 0x5, 0x42,
    0x1, 0x39, 0x9, 0x0, 0x61, 0x1c, 0x2, 0x11,
    0xdf, 0xdd, 0x18, 0x2, 0x5d, 0x66, 0xee, 0x30,
    0x3, 0x5, 0xb2, 0x24, 0xe0, 0x1, 0x2, 0x0,
    0x91, 0x0, 0x9, 0xc, 0x98, 0xbb, 0x10, 0x1,
    0xe8, 0x99, 0xdd, 0x68, 0x0,

    /* U+00E2 "â" */
    0x0, 0xa7, 0xfc, 0x80, 0x1d, 0x4d, 0x4d, 0x6a,
    0x1, 0x21, 0xe2, 0xcc, 0xb4, 0x40, 0x9, 0x26,
    0x0, 0x68, 0x10, 0x2, 0xd7, 0x7f, 0x5a, 0x0,
    0x1e, 0x94, 0xd0, 0x12, 0xd4, 0x15, 0x5d, 0xb7,
    0xd0, 0x16, 0x5, 0x42, 0x1, 0x39, 0x9, 0x0,
    0x61, 0x1c, 0x2, 0x11, 0xdf, 0xdd, 0x18, 0x2,
    0x5d, 0x66, 0xee, 0x30, 0x3, 0x5, 0xb2, 0x24,
    0xe0, 0x1, 0x2, 0x0, 0x91, 0x0, 0x9, 0xc,
    0x98, 0xbb, 0x10, 0x1, 0xe8, 0x99, 0xdd, 0x68,
    0x0,

    /* U+00E3 "ã" */
    0x0, 0x5f, 0xd9, 0x9b, 0xc4, 0x0, 0xcc, 0xa2,
    0xcc, 0x30, 0x80, 0x1f, 0x16, 0x7b, 0x64, 0x2,
    0x11, 0x0, 0x4, 0x80, 0x32, 0xd7, 0x7f, 0x5a,
    0x0, 0x1e, 0x94, 0xd0, 0x12, 0xd4, 0x15, 0x5d,
    0xb7, 0xd0, 0x16, 0x5, 0x42, 0x1, 0x39, 0x9,
    0x0, 0x61, 0x1c, 0x2, 0x11, 0xdf, 0xdd, 0x18,
    0x2, 0x5d, 0x66, 0xee, 0x30, 0x3, 0x5, 0xb2,
    0x24, 0xe0, 0x1, 0x2, 0x0, 0x91, 0x0, 0x9,
    0xc, 0x98, 0xbb, 0x10, 0x1, 0xe8, 0x99, 0xdd,
    0x68, 0x0,

    /* U+00E4 "ä" */
    0x0, 0x65, 0x81, 0x73, 0x80, 0x62, 0x60, 0x11,
    0x78, 0x6, 0xed, 0x3, 0xf8, 0x0, 0xff, 0xe0,
    0xad, 0x77, 0xf5, 0xa0, 0x1, 0xe9, 0x4d, 0x1,
    0x2d, 0x41, 0x55, 0xdb, 0x7d, 0x1, 0x60, 0x54,
    0x20, 0x13, 0x90, 0x90, 0x6, 0x11, 0xc0, 0x21,
    0x1d, 0xfd, 0xd1, 0x80, 0x25, 0xd6, 0x6e, 0xe3,
    0x0, 0x30, 0x5b, 0x22, 0x4e, 0x0, 0x10, 0x20,
    0x9, 0x10, 0x0, 0x90, 0xc9, 0x8b, 0xb1, 0x0,
    0x1e, 0x89, 0x9d, 0xd6, 0x80, 0x0,

    /* U+00E5 "å" */
    0x0, 0x9b, 0x70, 0x80, 0x38, 0xab, 0x63, 0x80,
    0x39, 0xd0, 0x10, 0x80, 0x39, 0xd0, 0xc, 0x80,
    0x38, 0xab, 0x7f, 0x80, 0x3c, 0xdb, 0x84, 0x1,
    0x96, 0xbb, 0xfa, 0xd0, 0x0, 0xf4, 0xa6, 0x80,
    0x96, 0xa0, 0xaa, 0xed, 0xbe, 0x80, 0xb0, 0x2a,
    0x10, 0x9, 0xc8, 0x48, 0x3, 0x8, 0xe0, 0x10,
    0x8e, 0xfe, 0xe8, 0xc0, 0x12, 0xeb, 0x37, 0x71,
    0x80, 0x18, 0x2d, 0x91, 0x27, 0x0, 0x8, 0x10,
    0x4, 0x88, 0x0, 0x48, 0x64, 0xc5, 0xd8, 0x80,
    0xf, 0x44, 0xce, 0xeb, 0x40, 0x0,

    /* U+00E6 "æ" */
    0x5, 0xbe, 0xfe, 0xb3, 0x0, 0x46, 0xff, 0x51,
    0x0, 0x1e, 0x90, 0xd0, 0xd3, 0x1b, 0x5c, 0xd0,
    0xd7, 0x54, 0x15, 0x5d, 0xb7, 0xb0, 0x12, 0x4f,
    0xd7, 0xb6, 0x14, 0x44, 0xa1, 0x0, 0x9c, 0x81,
    0x20, 0x2, 0x49, 0xa, 0x0, 0xc2, 0x38, 0x34,
    0x47, 0x90, 0x10, 0x23, 0xbf, 0xba, 0x30, 0x9e,
    0xee, 0xd0, 0x29, 0x75, 0x9b, 0xb8, 0xc1, 0xee,
    0xfe, 0xa6, 0xb, 0x64, 0x48, 0x40, 0x91, 0x3f,
    0x8, 0x20, 0x4, 0xe4, 0xb, 0x22, 0x1, 0x3c,
    0x4, 0x85, 0xee, 0x74, 0x1e, 0x93, 0x76, 0xe7,
    0xc2, 0x83, 0xd1, 0x9e, 0x8c, 0x2d, 0x82, 0x21,
    0x94, 0x68, 0x0,

    /* U+00E7 "ç" */
    0x0, 0x8e, 0xbb, 0xfa, 0x44, 0x2, 0x7c, 0x53,
    0x30, 0x37, 0x18, 0x24, 0xd, 0xee, 0x74, 0x2,
    0x84, 0x5, 0x20, 0x4, 0xfc, 0xc0, 0x62, 0x80,
    0x1c, 0x20, 0x40, 0x40, 0x1f, 0x88, 0x8, 0x3,
    0xf8, 0xc5, 0x0, 0x38, 0x40, 0x10, 0x14, 0x80,
    0x13, 0xf3, 0x2, 0x40, 0xde, 0xe7, 0x40, 0xa0,
    0x1, 0xf1, 0x48, 0xcc, 0xde, 0x40, 0x11, 0xd2,
    0xbe, 0xc8, 0x80, 0x7b, 0x56, 0xc0, 0x3e, 0x17,
    0x84, 0x10, 0xf, 0x7f, 0xa9, 0xc4, 0x3, 0xdd,
    0xcf, 0x80, 0x8,

    /* U+00E8 "è" */
    0x0, 0xe, 0x7b, 0x80, 0x7e, 0x1c, 0x78, 0x80,
    0x7, 0xf4, 0x58, 0x98, 0x7, 0xf2, 0x49, 0x80,
    0x7c, 0x97, 0xdf, 0x8c, 0x1, 0xd1, 0x68, 0x48,
    0x53, 0x60, 0x12, 0xb9, 0x6e, 0x5f, 0x2a, 0x40,
    0x2, 0x43, 0x88, 0x2, 0xa2, 0x70, 0x1, 0x89,
    0x8, 0xf2, 0x2, 0x10, 0xf, 0x77, 0x98, 0x4,
    0x80, 0x6e, 0xff, 0x20, 0x18, 0xba, 0x27, 0xc2,
    0x10, 0x1a, 0x80, 0x11, 0x59, 0x0, 0x12, 0x6,
    0xfb, 0x37, 0x48, 0x80, 0x9, 0xf1, 0x40, 0xcc,
    0xb8, 0xc0,

    /* U+00E9 "é" */
    0x0, 0xf1, 0xff, 0x18, 0x7, 0xc9, 0x89, 0xe6,
    0x1, 0xf6, 0x45, 0x88, 0x7, 0xe8, 0x70, 0xf,
    0xc9, 0x7d, 0xf8, 0xc0, 0x1d, 0x16, 0x84, 0x85,
    0x36, 0x1, 0x2b, 0x96, 0xe5, 0xf2, 0xa4, 0x0,
    0x24, 0x38, 0x80, 0x2a, 0x27, 0x0, 0x18, 0x90,
    0x8f, 0x20, 0x21, 0x0, 0xf7, 0x79, 0x80, 0x48,
    0x6, 0xef, 0xf2, 0x1, 0x8b, 0xa2, 0x7c, 0x21,
    0x1, 0xa8, 0x1, 0x15, 0x90, 0x1, 0x20, 0x6f,
    0xb3, 0x74, 0x88, 0x0, 0x9f, 0x14, 0xc, 0xcb,
    0x8c, 0x0,

    /* U+00EA "ê" */
    0x0, 0xcb, 0xfe, 0x90, 0xf, 0x96, 0x9a, 0x9a,
    0x40, 0x38, 0x72, 0xa5, 0x70, 0xc, 0x3, 0xc,
    0xa8, 0x0, 0xe4, 0xc0, 0x39, 0x2f, 0xbf, 0x18,
    0x3, 0xa2, 0xd0, 0x90, 0xa6, 0xc0, 0x25, 0x72,
    0xdc, 0xbe, 0x54, 0x80, 0x4, 0x87, 0x10, 0x5,
    0x44, 0xe0, 0x3, 0x12, 0x11, 0xe4, 0x4, 0x20,
    0x1e, 0xef, 0x30, 0x9, 0x0, 0xdd, 0xfe, 0x40,
    0x31, 0x74, 0x4f, 0x84, 0x20, 0x35, 0x0, 0x22,
    0xb2, 0x0, 0x24, 0xd, 0xf6, 0x6e, 0x91, 0x0,
    0x13, 0xe2, 0x81, 0x99, 0x71, 0x80,

    /* U+00EB "ë" */
    0x0, 0xa3, 0x88, 0x33, 0x0, 0x1e, 0x11, 0x0,
    0x4, 0x40, 0x1e, 0x9f, 0x20, 0xdd, 0x0, 0x7f,
    0xf1, 0x92, 0xfb, 0xf1, 0x80, 0x3a, 0x2d, 0x9,
    0xa, 0x6c, 0x2, 0x57, 0x2d, 0xcb, 0xe5, 0x48,
    0x0, 0x48, 0x71, 0x0, 0x54, 0x4e, 0x0, 0x31,
    0x21, 0x1e, 0x40, 0x42, 0x1, 0xee, 0xf3, 0x0,
    0x90, 0xd, 0xdf, 0xe4, 0x3, 0x17, 0x44, 0xf8,
    0x42, 0x3, 0x50, 0x2, 0x2b, 0x20, 0x2, 0x40,
    0xdf, 0x66, 0xe9, 0x10, 0x1, 0x3e, 0x28, 0x19,
    0x97, 0x18, 0x0,

    /* U+00EC "ì" */
    0x4e, 0xe1, 0x80, 0x13, 0xcb, 0xc, 0x0, 0x39,
    0x28, 0x1, 0x99, 0xc0, 0x23, 0xfb, 0x0, 0xff,
    0xf8, 0x80,

    /* U+00ED "í" */
    0x0, 0x47, 0xd8, 0x84, 0xbc, 0x58, 0x98, 0xe3,
    0x80, 0xe, 0xc, 0x2, 0x3f, 0xb0, 0xf, 0xff,
    0x98,

    /* U+00EE "î" */
    0x0, 0x4f, 0xf8, 0x80, 0xc, 0xc9, 0x3c, 0x10,
    0x1b, 0x6c, 0x94, 0x7, 0x40, 0x3, 0xa8, 0x0,
    0xfe, 0xc0, 0x3f, 0xff, 0x80,

    /* U+00EF "ï" */
    0x6e, 0x28, 0xe1, 0x1f, 0x3, 0xf9, 0xcf, 0x88,
    0x7, 0xc7, 0xf6, 0x1, 0xff, 0xf2,

    /* U+00F0 "ð" */
    0x0, 0x84, 0x3, 0xf8, 0x7f, 0x50, 0x0, 0x2a,
    0x1, 0xe, 0x85, 0xcc, 0xbb, 0x80, 0x18, 0xf8,
    0x19, 0x99, 0x60, 0x11, 0xde, 0x2b, 0x5, 0x80,
    0x65, 0x2e, 0xa9, 0x57, 0x40, 0x9, 0xa4, 0x40,
    0x16, 0x32, 0x1, 0x15, 0x77, 0xeb, 0x49, 0x28,
    0x1e, 0xa9, 0x33, 0xcd, 0x7, 0x87, 0x84, 0x64,
    0xd7, 0x80, 0x1c, 0x4c, 0x5c, 0x2, 0x18, 0x2,
    0x30, 0x20, 0xe, 0x70, 0x13, 0x2, 0x0, 0xe7,
    0x5, 0x14, 0x19, 0x0, 0x8a, 0x3, 0xc2, 0x45,
    0xb6, 0xaf, 0x49, 0xd0, 0xb, 0xd8, 0x15, 0x49,
    0x70, 0x0,

    /* U+00F1 "ñ" */
    0x0, 0xaf, 0xec, 0xcb, 0xc8, 0x2, 0x55, 0x51,
    0x66, 0xa9, 0x0, 0x49, 0x8b, 0x3d, 0xb4, 0x1,
    0x84, 0x80, 0x2, 0x40, 0x11, 0xfd, 0x15, 0x77,
    0xf4, 0x88, 0x4, 0xfa, 0xa4, 0x80, 0xd8, 0x1,
    0x11, 0xf6, 0x5f, 0x99, 0x38, 0x5, 0xc2, 0x0,
    0x18, 0xc, 0x0, 0x11, 0x0, 0x32, 0x83, 0x0,
    0x18, 0x3, 0x84, 0xc, 0x3, 0xff, 0xd6,

    /* U+00F2 "ò" */
    0x0, 0xab, 0xe8, 0x3, 0xfa, 0xa5, 0x68, 0x3,
    0xf9, 0xb0, 0xd0, 0x3, 0xf8, 0xe5, 0x0, 0x3e,
    0x3a, 0xef, 0xd9, 0x10, 0xc, 0xf8, 0xa6, 0x73,
    0x7a, 0x0, 0x12, 0x6, 0xf7, 0x3a, 0x6, 0x84,
    0x20, 0x29, 0x0, 0x27, 0x61, 0x60, 0x31, 0x40,
    0xe, 0xa0, 0xc2, 0x2, 0x0, 0xf1, 0x3, 0x10,
    0x10, 0x7, 0x88, 0x18, 0xc, 0x50, 0x3, 0xa8,
    0x30, 0x20, 0x29, 0x0, 0x27, 0x61, 0x60, 0x48,
    0x1b, 0xdc, 0xe8, 0x1d, 0x10, 0x3, 0xe2, 0x99,
    0xcd, 0xe6, 0x0,

    /* U+00F3 "ó" */
    0x0, 0xf0, 0xef, 0xb0, 0x7, 0xc5, 0xe1, 0xac,
    0x1, 0xf2, 0xb6, 0x90, 0x7, 0xe7, 0x80, 0xf,
    0xc7, 0x5d, 0xfb, 0x22, 0x1, 0x9f, 0x14, 0xce,
    0x6f, 0x40, 0x2, 0x40, 0xde, 0xe7, 0x40, 0xd0,
    0x84, 0x5, 0x20, 0x4, 0xec, 0x2c, 0x6, 0x28,
    0x1, 0xd4, 0x18, 0x40, 0x40, 0x1e, 0x20, 0x62,
    0x2, 0x0, 0xf1, 0x3, 0x1, 0x8a, 0x0, 0x75,
    0x6, 0x4, 0x5, 0x20, 0x4, 0xec, 0x2c, 0x9,
    0x3, 0x7b, 0x9d, 0x3, 0xa2, 0x0, 0x7c, 0x53,
    0x39, 0xbc, 0xc0,

    /* U+00F4 "ô" */
    0x0, 0xc5, 0xdf, 0x60, 0x1f, 0x1e, 0x2d, 0xae,
    0x0, 0x7a, 0xe6, 0xd3, 0xd5, 0x40, 0x1d, 0xe,
    0x0, 0x19, 0x50, 0xe, 0x3a, 0xef, 0xd9, 0x10,
    0xc, 0xf8, 0xa6, 0x73, 0x7a, 0x0, 0x12, 0x6,
    0xf7, 0x3a, 0x6, 0x84, 0x20, 0x29, 0x0, 0x27,
    0x61, 0x60, 0x31, 0x40, 0xe, 0xa0, 0xc2, 0x2,
    0x0, 0xf1, 0x3, 0x10, 0x10, 0x7, 0x88, 0x18,
    0xc, 0x50, 0x3, 0xa8, 0x30, 0x20, 0x29, 0x0,
    0x27, 0x61, 0x60, 0x48, 0x1b, 0xdc, 0xe8, 0x1d,
    0x10, 0x3, 0xe2, 0x99, 0xcd, 0xe6, 0x0,

    /* U+00F5 "õ" */
    0x0, 0x97, 0xb8, 0xe3, 0x52, 0x1, 0xd6, 0xd1,
    0x5c, 0x94, 0x1, 0xdb, 0xd, 0xba, 0xe3, 0x0,
    0xe3, 0x0, 0x88, 0x3, 0xe3, 0xae, 0xfd, 0x91,
    0x0, 0xcf, 0x8a, 0x67, 0x37, 0xa0, 0x1, 0x20,
    0x6f, 0x73, 0xa0, 0x68, 0x42, 0x2, 0x90, 0x2,
    0x76, 0x16, 0x3, 0x14, 0x0, 0xea, 0xc, 0x20,
    0x20, 0xf, 0x10, 0x31, 0x1, 0x0, 0x78, 0x81,
    0x80, 0xc5, 0x0, 0x3a, 0x83, 0x2, 0x2, 0x90,
    0x2, 0x76, 0x16, 0x4, 0x81, 0xbd, 0xce, 0x81,
    0xd1, 0x0, 0x3e, 0x29, 0x9c, 0xde, 0x60,

    /* U+00F6 "ö" */
    0x0, 0x97, 0xd0, 0x27, 0x84, 0x3, 0x8c, 0x4,
    0xc, 0x40, 0x3c, 0xde, 0xa1, 0x5e, 0x20, 0x1f,
    0xfc, 0x53, 0xae, 0xfd, 0x91, 0x0, 0xcf, 0x8a,
    0x67, 0x37, 0xa0, 0x1, 0x20, 0x6f, 0x73, 0xa0,
    0x68, 0x42, 0x2, 0x90, 0x2, 0x76, 0x16, 0x3,
    0x14, 0x0, 0xea, 0xc, 0x20, 0x20, 0xf, 0x10,
    0x31, 0x1, 0x0, 0x78, 0x81, 0x80, 0xc5, 0x0,
    0x3a, 0x83, 0x2, 0x2, 0x90, 0x2, 0x76, 0x16,
    0x4, 0x81, 0xbd, 0xce, 0x81, 0xd1, 0x0, 0x3e,
    0x29, 0x9c, 0xde, 0x60,

    /* U+00F7 "÷" */
    0x0, 0xca, 0x60, 0x1f, 0x1d, 0x68, 0x7, 0xc4,
    0x28, 0x1, 0xf0, 0xf5, 0x0, 0x7f, 0xf0, 0xab,
    0xff, 0xf2, 0x62, 0xaf, 0xe6, 0x65, 0x57, 0xe2,
    0x0, 0xca, 0x60, 0x1f, 0x1d, 0x68, 0x7, 0xc4,
    0x28, 0x1, 0x80,

    /* U+00F8 "ø" */
    0x0, 0xfe, 0x72, 0x0, 0xfe, 0x79, 0x20, 0xc,
    0x75, 0xdf, 0xd0, 0xe0, 0x19, 0xf1, 0x4c, 0xc2,
    0xc, 0x80, 0x4, 0x81, 0xbd, 0xc1, 0x10, 0x50,
    0x84, 0x5, 0x20, 0x38, 0x73, 0xb, 0x1, 0x8a,
    0x0, 0x26, 0x41, 0x41, 0x84, 0x4, 0x0, 0x70,
    0x70, 0x20, 0x62, 0x2, 0x0, 0x4c, 0x80, 0x4,
    0xc, 0x6, 0x28, 0xe0, 0xe0, 0xa, 0xc, 0x8,
    0xb, 0x89, 0x0, 0x3b, 0xb, 0x2, 0x40, 0x2,
    0x73, 0xa0, 0x74, 0x40, 0xe, 0x1, 0x19, 0x9b,
    0xcc, 0x2, 0x71, 0xfe, 0xfd, 0x91, 0x0, 0xc3,
    0x40, 0x1f, 0x80,

    /* U+00F9 "ù" */
    0x0, 0x2f, 0xf1, 0x0, 0x7c, 0xba, 0x58, 0x60,
    0x1f, 0x16, 0x42, 0x0, 0x7f, 0x33, 0x80, 0x64,
    0xfa, 0x0, 0xe3, 0xfb, 0x0, 0xff, 0xf6, 0x88,
    0x7, 0x30, 0x1, 0x81, 0x40, 0x3b, 0xc0, 0x4,
    0x22, 0x80, 0x9, 0xd4, 0x2, 0xa0, 0x7e, 0xce,
    0x84, 0x0, 0x93, 0x10, 0xc, 0xd3, 0x20, 0x0,

    /* U+00FA "ú" */
    0x0, 0xf4, 0xfd, 0x0, 0x7d, 0x4d, 0x34, 0x1,
    0xe4, 0x2d, 0x60, 0xf, 0x92, 0x8, 0x3, 0x27,
    0xd0, 0x7, 0x1f, 0xd8, 0x7, 0xff, 0xb4, 0x40,
    0x39, 0x80, 0xc, 0xa, 0x1, 0xde, 0x0, 0x21,
    0x14, 0x0, 0x4e, 0xa0, 0x15, 0x3, 0xf6, 0x74,
    0x20, 0x4, 0x98, 0x80, 0x66, 0x99, 0x0, 0x0,

    /* U+00FB "û" */
    0x0, 0xd7, 0xfe, 0x30, 0xf, 0x5a, 0xda, 0xe2,
    0x0, 0x64, 0xcf, 0x4a, 0xa1, 0x80, 0x64, 0x71,
    0x0, 0x2b, 0x80, 0x13, 0xe8, 0x3, 0x8f, 0xec,
    0x3, 0xff, 0xda, 0x20, 0x1c, 0xc0, 0x6, 0x5,
    0x0, 0xef, 0x0, 0x10, 0x8a, 0x0, 0x27, 0x50,
    0xa, 0x81, 0xfb, 0x3a, 0x10, 0x2, 0x4c, 0x40,
    0x33, 0x4c, 0x80, 0x0,

    /* U+00FC "ü" */
    0x0, 0xb6, 0x80, 0xfd, 0x40, 0x30, 0x98, 0x83,
    0x81, 0x80, 0x61, 0xeb, 0x4, 0xf6, 0x0, 0xff,
    0xe0, 0xa7, 0xd0, 0x7, 0x1f, 0xd8, 0x7, 0xff,
    0xb4, 0x40, 0x39, 0x80, 0xc, 0xa, 0x1, 0xde,
    0x0, 0x21, 0x14, 0x0, 0x4e, 0xa0, 0x15, 0x3,
    0xf6, 0x74, 0x20, 0x4, 0x98, 0x80, 0x66, 0x99,
    0x0, 0x0,

    /* U+00FD "ý" */
    0x0, 0xf1, 0x6f, 0xa8, 0x7, 0xe3, 0xc0, 0xd5,
    0x0, 0xfc, 0x93, 0xa4, 0x1, 0xfc, 0xee, 0x0,
    0xfb, 0x7c, 0x80, 0x3d, 0xde, 0x0, 0xb0, 0xb0,
    0xe, 0x51, 0x70, 0x3, 0xb, 0x0, 0x77, 0x5,
    0x0, 0x4c, 0xc, 0x1, 0x12, 0x20, 0x80, 0x29,
    0xb, 0x0, 0xac, 0x3c, 0x3, 0xa, 0x92, 0x0,
    0x18, 0x90, 0x3, 0xb8, 0x3c, 0x1c, 0x2c, 0x3,
    0xc8, 0x48, 0x54, 0xc, 0x1, 0xf5, 0x87, 0x13,
    0x80, 0x7e, 0x61, 0x30, 0xa0, 0xf, 0xe6, 0x4,
    0x20, 0xf, 0xe2, 0xf, 0x0, 0xf1, 0x80, 0xd,
    0x49, 0x0, 0x38, 0xb3, 0x6f, 0x3, 0x80, 0x3c,
    0x4e, 0x68, 0x76, 0x60, 0x1e,

    /* U+00FE "þ" */
    0x3f, 0xb0, 0xf, 0xff, 0x20, 0xcf, 0x7e, 0xc9,
    0x0, 0x66, 0xf6, 0x33, 0x9b, 0x50, 0x2, 0x20,
    0xcd, 0xce, 0x70, 0xa1, 0x0, 0xb4, 0xc0, 0x28,
    0x51, 0x60, 0x1, 0x18, 0x7, 0x70, 0x68, 0x1,
    0x80, 0x3c, 0xc0, 0xc0, 0x6, 0x0, 0xf3, 0x3,
    0x0, 0x8, 0xc0, 0x3b, 0x83, 0x0, 0x2d, 0x30,
    0xa, 0x14, 0x5c, 0x0, 0x41, 0x9b, 0x9c, 0xe3,
    0xa2, 0x0, 0x6f, 0x63, 0x30, 0x36, 0x18, 0x6,
    0x19, 0xef, 0xe9, 0x20, 0xf, 0xfe, 0xd0,

    /* U+00FF "ÿ" */
    0x0, 0x97, 0xd0, 0x27, 0x84, 0x3, 0xc6, 0x2,
    0x6, 0x20, 0x1f, 0x37, 0xa8, 0x57, 0x88, 0x7,
    0xff, 0x17, 0x7c, 0x80, 0x3d, 0xde, 0x0, 0xb0,
    0xb0, 0xe, 0x51, 0x70, 0x3, 0xb, 0x0, 0x77,
    0x5, 0x0, 0x4c, 0xc, 0x1, 0x12, 0x20, 0x80,
    0x29, 0xb, 0x0, 0xac, 0x3c, 0x3, 0xa, 0x92,
    0x0, 0x18, 0x90, 0x3, 0xb8, 0x3c, 0x1c, 0x2c,
    0x3, 0xc8, 0x48, 0x54, 0xc, 0x1, 0xf5, 0x87,
    0x13, 0x80, 0x7e, 0x61, 0x30, 0xa0, 0xf, 0xe6,
    0x4, 0x20, 0xf, 0xe2, 0xf, 0x0, 0xf1, 0x80,
    0xd, 0x49, 0x0, 0x38, 0xb3, 0x6f, 0x3, 0x80,
    0x3c, 0x4e, 0x68, 0x76, 0x60, 0x1e,

    /* U+2013 "–" */
    0x11, 0xff, 0x77, 0x7f, 0xae, 0xff, 0xc0,

    /* U+2014 "—" */
    0x11, 0xff, 0xe4, 0x77, 0x7f, 0xf2, 0x2e, 0xff,
    0xf9, 0x0,

    /* U+2018 "‘" */
    0x0, 0x72, 0x82, 0xa, 0x6, 0x90, 0x83, 0x91,
    0x80, 0x85, 0x84, 0xac, 0x80,

    /* U+2019 "’" */
    0xa, 0xe4, 0x5, 0x1c, 0x8, 0xe, 0x1, 0x7,
    0xc, 0x41, 0x3, 0xe0,

    /* U+201C "“" */
    0x0, 0x72, 0x81, 0x79, 0x2, 0xa, 0x2, 0x89,
    0x6, 0x90, 0x85, 0x20, 0x1, 0xc8, 0xc8, 0x88,
    0x20, 0x21, 0x62, 0x2, 0xa1, 0x2b, 0x26, 0xcc,
    0x40,

    /* U+201D "”" */
    0xa, 0xe4, 0xd, 0xd0, 0x82, 0x8e, 0x19, 0x11,
    0x2, 0x3, 0x8d, 0x1, 0xc0, 0x41, 0xc0, 0x8a,
    0xc, 0x41, 0x4, 0x50, 0x1, 0xf0, 0x1, 0xa8,
    0x0,

    /* U+2022 "•" */
    0x9, 0xa2, 0x86, 0x5e, 0x10, 0x0, 0xd9, 0xc,
    0x80,

    /* U+2026 "…" */
    0x7, 0xb2, 0x1, 0xb9, 0x0, 0x26, 0x28, 0x42,
    0x50, 0x3a, 0x31, 0x84, 0x1c, 0x2, 0x8e, 0x2,
    0x9, 0x98, 0x28, 0x28,

    /* U+20BF "₿" */
    0x0, 0x93, 0xc0, 0xbc, 0xc0, 0x3f, 0xfa, 0x4b,
    0xfe, 0xb0, 0xfd, 0xe, 0x91, 0x0, 0xc2, 0xab,
    0x8c, 0x9b, 0x88, 0x2, 0x4a, 0xad, 0x9e, 0xa1,
    0x20, 0x1f, 0xe8, 0x5, 0x0, 0xff, 0x8, 0x10,
    0x7, 0xe1, 0x4e, 0x9, 0x0, 0x97, 0xff, 0x75,
    0x94, 0x28, 0x4, 0x2a, 0xb9, 0xc, 0x21, 0xc0,
    0x24, 0xaa, 0xd7, 0x9a, 0x30, 0x80, 0x1f, 0xc5,
    0x21, 0x80, 0x1f, 0xfc, 0x1, 0x0, 0xfe, 0x2a,
    0xf, 0x0, 0x25, 0x56, 0xbc, 0xd2, 0x36, 0x0,
    0xa, 0xae, 0x43, 0x34, 0x60, 0x2f, 0xfa, 0xc3,
    0xf4, 0x33, 0xe, 0x1, 0xff, 0xc6, 0x67, 0x3,
    0x72, 0x0, 0xc0,

    /* U+4E2F "丯" */
    0x0, 0xfc, 0x40, 0x1f, 0xfc, 0x8, 0xd3, 0x0,
    0xff, 0x8c, 0xc, 0x3, 0xfe, 0x52, 0x0, 0xff,
    0x84, 0x4e, 0x1, 0xf5, 0xde, 0xe0, 0x5b, 0xbc,
    0x20, 0x68, 0x98, 0x2, 0x44, 0xc2, 0x7, 0xff,
    0x90, 0x37, 0xff, 0x0, 0x7c, 0xa2, 0x40, 0x1f,
    0xe1, 0x12, 0x80, 0x7d, 0xdf, 0xf7, 0x2, 0x7f,
    0xe4, 0x0, 0x2a, 0x24, 0x1, 0x22, 0x65, 0x0,
    0x5d, 0xe5, 0xe, 0xbb, 0xc2, 0x1, 0xe7, 0x11,
    0x0, 0x7a, 0xff, 0xf1, 0xf, 0xfe, 0x60, 0x8,
    0xce, 0x0, 0x8c, 0xf2, 0x80, 0x2f, 0x32, 0x90,
    0xac, 0xcc, 0x60, 0x1e, 0xf0, 0x70, 0xf, 0xf9,
    0x40, 0x80, 0x3f, 0xe3, 0x30, 0x7, 0xff, 0x3,
    0x38, 0x3, 0xf0,

    /* U+4E30 "丰" */
    0x0, 0xe2, 0x10, 0xf, 0xe1, 0xdb, 0x0, 0xff,
    0xee, 0xcd, 0xdd, 0xa0, 0xb7, 0x79, 0x15, 0x12,
    0x30, 0x2, 0x26, 0x2c, 0xff, 0xb8, 0x13, 0xff,
    0x30, 0x7, 0x84, 0x3, 0xfe, 0x10, 0xe, 0xcf,
    0xfb, 0x81, 0x3f, 0xf3, 0x22, 0x63, 0x0, 0x22,
    0x62, 0x8b, 0xbb, 0x41, 0x6e, 0xf2, 0x0, 0x7f,
    0xf0, 0x33, 0xfe, 0xe0, 0x5f, 0xfc, 0xcc, 0x33,
    0x84, 0x0, 0x67, 0xd5, 0x99, 0x78, 0x2e, 0x66,
    0x50, 0xf, 0xfe, 0xe0, 0xe4, 0x0, 0x70,

    /* U+F001 "" */
    0x0, 0xff, 0xe3, 0x18, 0x80, 0x7f, 0xf0, 0x85,
    0x6b, 0xb3, 0x0, 0x1f, 0xf1, 0x3e, 0x75, 0x28,
    0x81, 0x0, 0x7e, 0x49, 0xed, 0x83, 0x0, 0xff,
    0x92, 0xfe, 0xd8, 0x40, 0x3f, 0xf8, 0x56, 0x80,
    0x1f, 0xfd, 0x4, 0x96, 0x0, 0xff, 0xe0, 0x8b,
    0x57, 0xdb, 0x8, 0x7, 0xf8, 0xe3, 0x3a, 0x54,
    0x3, 0xff, 0x82, 0xf8, 0xe6, 0x1, 0xff, 0xff,
    0x0, 0xf8, 0x5e, 0xec, 0xa0, 0x1f, 0xfc, 0x21,
    0xf8, 0x44, 0x10, 0x6, 0x13, 0x20, 0xf, 0x98,
    0x40, 0x3c, 0x57, 0xd9, 0xa0, 0x1f, 0x18, 0x7,
    0x8f, 0xd0, 0x3, 0xfc, 0x92, 0x20, 0x12, 0xe9,
    0x0, 0x7b, 0xc0, 0x39, 0xbb, 0x75, 0xf4, 0x30,
    0x1, 0xc4, 0xc0, 0x1f, 0x11, 0x0, 0x27, 0xd7,
    0x55, 0x4e, 0x88, 0x7, 0xff, 0x0,

    /* U+F002 "" */
    0x0, 0xf0, 0x99, 0x88, 0x3, 0xff, 0x84, 0xdb,
    0xd9, 0x8d, 0xe8, 0x10, 0xf, 0xe1, 0xc9, 0x20,
    0xc, 0x2f, 0xe6, 0x1, 0xf0, 0xf9, 0x80, 0x42,
    0x20, 0x8, 0x70, 0xc0, 0x3d, 0x42, 0x0, 0x6d,
    0xee, 0xa0, 0x2, 0xd1, 0x0, 0xc8, 0x80, 0x4,
    0xc8, 0x80, 0x2, 0xf8, 0x0, 0x19, 0x0, 0xdc,
    0x0, 0x46, 0x0, 0xf1, 0xc0, 0x1, 0x80, 0x32,
    0x0, 0x3c, 0x3, 0xf3, 0x0, 0x4, 0x80, 0x21,
    0x0, 0x30, 0x7, 0xe1, 0x10, 0x0, 0x40, 0x3c,
    0x20, 0x1f, 0xc2, 0x1, 0xe3, 0x0, 0x20, 0x7,
    0xe3, 0x0, 0x8c, 0x2, 0x40, 0x4, 0x88, 0x7,
    0xd0, 0x0, 0x30, 0xd, 0x20, 0x1, 0xd1, 0x0,
    0xe9, 0x40, 0x4, 0x80, 0x61, 0x80, 0x1, 0xfc,
    0x2a, 0x3e, 0xb0, 0x0, 0x9c, 0x3, 0x9d, 0x80,
    0x2, 0xf5, 0x70, 0x40, 0x11, 0x6a, 0x80, 0x74,
    0xc8, 0x40, 0x3e, 0x71, 0x0, 0x52, 0x80, 0x73,
    0x7c, 0xa1, 0x92, 0x46, 0xc4, 0x80, 0x54, 0xa0,
    0x1c, 0x2d, 0x79, 0xb6, 0xe4, 0xe, 0xe0, 0xa,
    0x94, 0x3, 0xff, 0x85, 0xe, 0x1, 0x50, 0x7,
    0xff, 0xe, 0x1c, 0x1, 0x0, 0x1f, 0xfc, 0x48,
    0x99, 0x38,

    /* U+F004 "" */
    0x0, 0xe2, 0x31, 0x0, 0xf0, 0x99, 0x0, 0x7e,
    0x6e, 0xdc, 0xeb, 0x20, 0x1, 0x5f, 0x66, 0xf3,
    0x0, 0x74, 0xc8, 0x40, 0x24, 0xd4, 0x46, 0xa0,
    0x4, 0x33, 0x20, 0x9, 0x18, 0x3, 0xeb, 0xb0,
    0x7, 0xcc, 0x80, 0xf, 0x0, 0xff, 0xe3, 0x78,
    0x1, 0x0, 0x3f, 0xf8, 0xca, 0x1, 0xff, 0xc9,
    0x10, 0x1, 0x0, 0x7f, 0xf1, 0x88, 0x0, 0xa0,
    0x1f, 0xfc, 0x65, 0x0, 0x41, 0x0, 0x7f, 0xf1,
    0xa, 0x0, 0x2c, 0x10, 0xf, 0xfe, 0x10, 0xe0,
    0x6, 0x1c, 0x10, 0xf, 0xfe, 0x0, 0xe0, 0x80,
    0x71, 0x60, 0x80, 0x7f, 0x87, 0x8, 0x3, 0xe2,
    0xc1, 0x0, 0xfc, 0x38, 0x40, 0x1f, 0xc5, 0xa0,
    0x1f, 0xb4, 0x80, 0x3f, 0xe3, 0xc0, 0xf, 0x61,
    0x80, 0x7f, 0xf0, 0x4f, 0x0, 0x35, 0x98, 0x7,
    0xff, 0xc, 0xec, 0x1, 0x68, 0x1, 0xff, 0xc5,
    0x4e, 0xe2, 0x0, 0x7f, 0x0,

    /* U+F005 "" */
    0x0, 0xff, 0x1b, 0x0, 0x7f, 0xf1, 0xc7, 0x26,
    0x0, 0x3f, 0xf8, 0xd2, 0x0, 0x71, 0x0, 0xff,
    0xe2, 0xb, 0x80, 0x52, 0x1, 0xff, 0xc4, 0x90,
    0xc, 0xe2, 0x1, 0xff, 0xc3, 0x70, 0xe, 0x60,
    0xf, 0xf8, 0x95, 0xec, 0x3, 0xd1, 0x6, 0x41,
    0x0, 0xd3, 0xbf, 0xb5, 0x8, 0x1, 0xf3, 0xcd,
    0xf7, 0xe1, 0x93, 0x10, 0x7, 0xff, 0x14, 0xe4,
    0x94, 0x3, 0xff, 0x8c, 0x32, 0x14, 0xc0, 0x1f,
    0xfc, 0x41, 0xd3, 0x0, 0x4b, 0x0, 0x7f, 0xf0,
    0x87, 0xc, 0x3, 0x4b, 0x80, 0x7f, 0xf0, 0x7,
    0x8, 0x3, 0xd0, 0x60, 0x1f, 0xf5, 0x10, 0x7,
    0xe2, 0x0, 0xff, 0x88, 0x3, 0xf8, 0x40, 0x3f,
    0xee, 0x0, 0xfc, 0x60, 0x1f, 0xfc, 0x3, 0x0,
    0xfc, 0xa0, 0x1e, 0x20, 0xe, 0x50, 0xf, 0xde,
    0x1, 0x9b, 0xb6, 0x88, 0x2, 0x11, 0x0, 0x7f,
    0x97, 0x64, 0x41, 0x76, 0x88, 0x3, 0xfd, 0x10,
    0xda, 0x20, 0xe, 0x5d, 0xab, 0x10, 0x8,

    /* U+F008 "" */
    0xc4, 0x3, 0xff, 0xff, 0xe0, 0x20, 0x26, 0x1c,
    0xe7, 0x0, 0x4, 0x7f, 0x0, 0x27, 0x24, 0xc1,
    0xd1, 0xc1, 0x7b, 0xbf, 0x28, 0x32, 0x38, 0x3,
    0xa2, 0x40, 0x3f, 0xc6, 0x1f, 0x1c, 0x1, 0x9c,
    0x3, 0xff, 0x80, 0x20, 0x1a, 0xfe, 0xc0, 0x3f,
    0xf8, 0x15, 0xf6, 0x0, 0x8b, 0x80, 0x77, 0xfe,
    0x40, 0x7b, 0x80, 0x1, 0xa2, 0x0, 0xa2, 0x3f,
    0x10, 0x62, 0x18, 0x0, 0xd1, 0x0, 0x51, 0x1f,
    0x88, 0x31, 0xc, 0x1, 0x17, 0x0, 0xef, 0xfc,
    0x80, 0xf7, 0x0, 0xb, 0xfb, 0x0, 0xff, 0xe0,
    0x57, 0xd8, 0x6, 0x70, 0xf, 0xfe, 0x0, 0x80,
    0x6e, 0x89, 0x0, 0xff, 0x18, 0x7c, 0x70, 0x1,
    0xd1, 0xc1, 0x7b, 0xbf, 0x28, 0x32, 0x38, 0x1c,
    0xe7, 0x0, 0x4, 0x7f, 0x0, 0x27, 0x24, 0xc0,

    /* U+F00B "" */
    0x0, 0xff, 0xe4, 0x6f, 0xfe, 0xa0, 0xcf, 0xff,
    0xfb, 0x48, 0x3, 0x38, 0x10, 0x7, 0xfc, 0x40,
    0x1f, 0xfd, 0xc3, 0x0, 0xc8, 0x8, 0x1, 0xff,
    0x1e, 0x7f, 0xe9, 0xa, 0xff, 0xff, 0xb3, 0x1f,
    0xfa, 0x42, 0xff, 0xff, 0xec, 0x30, 0xc, 0x80,
    0xa0, 0x1f, 0xf1, 0x80, 0x7f, 0xf7, 0xc, 0x3,
    0x38, 0x28, 0x7, 0xfc, 0x79, 0xff, 0xa8, 0x2f,
    0xff, 0xfe, 0xcc, 0x7f, 0xe9, 0xa, 0xff, 0xff,
    0xac, 0xc0, 0x32, 0x2, 0x0, 0x7f, 0xc8, 0x1,
    0xff, 0xdc, 0x20, 0xc, 0xe0, 0x40, 0x1f, 0xf1,
    0x6f, 0xfe, 0xa0, 0xcf, 0xff, 0xfb, 0x40,

    /* U+F00C "" */
    0x0, 0xff, 0xe2, 0x27, 0x30, 0x7, 0xff, 0x11,
    0x2c, 0x65, 0xc0, 0x3f, 0xf8, 0x49, 0x60, 0x14,
    0x0, 0x7f, 0xf0, 0x52, 0xc0, 0x34, 0x80, 0x7f,
    0xf0, 0x12, 0xc0, 0x34, 0xb0, 0x37, 0x20, 0x7,
    0xc9, 0x60, 0x1a, 0x58, 0x1e, 0x46, 0xd0, 0x3,
    0x92, 0xc0, 0x34, 0xb0, 0x2, 0x0, 0x2b, 0x40,
    0x9, 0x2c, 0x3, 0x4b, 0x0, 0x52, 0x1, 0xad,
    0x1, 0x2c, 0x3, 0x4b, 0x0, 0x66, 0x90, 0xd,
    0x71, 0x60, 0x1a, 0x98, 0x3, 0xcd, 0x40, 0x19,
    0xc0, 0x35, 0x28, 0x7, 0xe5, 0xa0, 0xf, 0xa9,
    0x40, 0x3f, 0xcb, 0x40, 0x1d, 0x4a, 0x1, 0xff,
    0xc0, 0x5a, 0x0, 0xa9, 0x40, 0x3f, 0xf8, 0x4b,
    0x43, 0x4a, 0x1, 0xfe,

    /* U+F00D "" */
    0x6, 0x70, 0xf, 0x86, 0x10, 0x22, 0x62, 0xc0,
    0x38, 0x71, 0xed, 0x1c, 0x0, 0x96, 0x1, 0xe,
    0x10, 0x3, 0xe0, 0x2, 0x4b, 0x1, 0xc2, 0x0,
    0xbd, 0xdc, 0x1, 0x25, 0xe1, 0x0, 0x56, 0x81,
    0xe, 0x1, 0x21, 0x0, 0x56, 0x80, 0x14, 0x38,
    0x7, 0xad, 0x0, 0x3a, 0x44, 0x3, 0x1a, 0x0,
    0x70, 0xe0, 0x80, 0x63, 0xb0, 0xc, 0x38, 0x40,
    0x1e, 0x4b, 0x0, 0xe, 0x10, 0x5, 0x6e, 0x1,
    0x25, 0x86, 0x90, 0x5, 0x69, 0xe, 0x1, 0x24,
    0x88, 0x5, 0x68, 0x0, 0x87, 0x0, 0xde, 0x21,
    0x68, 0x1, 0xa1, 0xc0, 0xe4, 0xbb, 0x88, 0x1,
    0xe8, 0xec, 0x0,

    /* U+F00E "" */
    0x0, 0xe3, 0x79, 0xa8, 0x40, 0xf, 0xfe, 0x1,
    0xe6, 0x21, 0x95, 0xef, 0x94, 0x3, 0xf9, 0x70,
    0xc0, 0x3c, 0x35, 0x0, 0x1f, 0x25, 0x0, 0xa,
    0x73, 0x69, 0x0, 0xe, 0xe0, 0xf, 0x50, 0x1,
    0x75, 0x88, 0xd6, 0xe4, 0x1, 0x4, 0x1, 0x98,
    0x40, 0xe8, 0x1, 0xdc, 0x30, 0x67, 0x0, 0x40,
    0x6, 0xd0, 0x7, 0x80, 0x7e, 0x80, 0x2, 0x80,
    0x65, 0x1, 0x33, 0x3b, 0x80, 0x14, 0xea, 0x8,
    0x0, 0x20, 0x8, 0x40, 0xc2, 0x62, 0x0, 0x6,
    0x8b, 0x2, 0x0, 0x8, 0x4, 0x20, 0x61, 0x88,
    0x80, 0x1, 0xa3, 0x81, 0x80, 0x4, 0x2, 0x20,
    0x13, 0x6b, 0xb0, 0x3, 0xee, 0x41, 0x0, 0x4,
    0x1, 0x58, 0x2, 0x0, 0x3f, 0x38, 0x82, 0x0,
    0x67, 0x10, 0x48, 0x0, 0x5d, 0x18, 0x2c, 0x0,
    0x20, 0x3, 0xac, 0x0, 0xf8, 0xaa, 0x44, 0x55,
    0x0, 0x4, 0x1, 0xe5, 0x90, 0x1, 0xd7, 0x72,
    0xd4, 0x2, 0x2c, 0x60, 0xe, 0x6b, 0x20, 0xf,
    0xa0, 0x40, 0x12, 0xc0, 0x1c, 0x9b, 0x6c, 0x88,
    0x69, 0xf7, 0x80, 0xa, 0x58, 0x3, 0xc9, 0x37,
    0x69, 0x60, 0x3, 0x48, 0x5, 0x2c, 0x1, 0xff,
    0xc2, 0x69, 0x0, 0xa0, 0x3, 0xff, 0x86, 0xd0,
    0x0, 0xb0, 0xf, 0xfe, 0x23, 0xd5, 0xa8,

    /* U+F010 "" */
    0x0, 0xe3, 0x79, 0xa8, 0x40, 0xf, 0xfe, 0x1,
    0xe6, 0x21, 0x95, 0xef, 0x94, 0x3, 0xf9, 0x70,
    0xc0, 0x3c, 0x35, 0x0, 0x1f, 0x25, 0x0, 0xa,
    0x73, 0x69, 0x0, 0xe, 0xe0, 0xf, 0x50, 0x1,
    0x75, 0x8c, 0x96, 0xe4, 0x1, 0x4, 0x1, 0x98,
    0x40, 0xe8, 0x3, 0xcc, 0xe0, 0x8, 0x0, 0xda,
    0x0, 0xf0, 0xf, 0xd0, 0x0, 0x50, 0xc, 0xa0,
    0x26, 0x28, 0x9e, 0x20, 0x40, 0x1, 0x0, 0x42,
    0x6, 0x11, 0x77, 0xef, 0x2, 0x0, 0x8, 0x4,
    0x20, 0x60, 0x20, 0x1e, 0x10, 0x30, 0x0, 0x80,
    0x44, 0x2, 0x71, 0xff, 0xec, 0x4, 0x0, 0x10,
    0x5, 0x60, 0x8, 0x0, 0xfc, 0xe2, 0x8, 0x1,
    0x9c, 0x41, 0x20, 0x3, 0xcb, 0x0, 0x8, 0x0,
    0xeb, 0x0, 0x3e, 0x28, 0x89, 0x2a, 0x80, 0x2,
    0x0, 0xf2, 0xc8, 0x0, 0xeb, 0xb9, 0x6a, 0x1,
    0x16, 0x30, 0x7, 0x35, 0x90, 0x7, 0xd0, 0x20,
    0x9, 0x60, 0xe, 0x4d, 0xb6, 0x44, 0x34, 0xfb,
    0xc0, 0x5, 0x2c, 0x1, 0xe4, 0x9b, 0xb4, 0xb0,
    0x1, 0xa4, 0x2, 0x96, 0x0, 0xff, 0xe1, 0x34,
    0x80, 0x50, 0x1, 0xff, 0xc3, 0x68, 0x0, 0x58,
    0x7, 0xff, 0x11, 0xea, 0xd4,

    /* U+F011 "" */
    0x0, 0xfc, 0x4c, 0xa0, 0x1f, 0xfc, 0x5f, 0x9a,
    0x30, 0xf, 0xfe, 0x3, 0x20, 0x7, 0x38, 0x1,
    0xc8, 0x3, 0xeb, 0x9a, 0x10, 0xf, 0x4c, 0x61,
    0x80, 0x75, 0x20, 0xa, 0x0, 0x79, 0xc0, 0x74,
    0x40, 0x25, 0x50, 0x1, 0x14, 0x3, 0xd6, 0x0,
    0x1a, 0x0, 0xa0, 0x0, 0x96, 0x1, 0xf2, 0xd0,
    0x1, 0x10, 0x8, 0x40, 0x9, 0x0, 0xfe, 0x54,
    0x0, 0x70, 0x60, 0x1, 0x8, 0x3, 0xfd, 0xe0,
    0x5, 0x3, 0x0, 0x60, 0x7, 0xfc, 0xa0, 0x10,
    0x80, 0x42, 0x1, 0xff, 0x8, 0x4, 0x60, 0x10,
    0x80, 0x65, 0x23, 0x50, 0xf, 0x8c, 0xc0, 0xd,
    0x0, 0xd1, 0xb8, 0x20, 0x12, 0x0, 0x43, 0x80,
    0x5, 0x10, 0xf, 0xf7, 0x0, 0x10, 0x10, 0x40,
    0x14, 0x1, 0xfc, 0x8a, 0x0, 0xe0, 0x4, 0x0,
    0x12, 0x40, 0x3e, 0x4b, 0x0, 0x1a, 0x80, 0x19,
    0x40, 0xd, 0xaa, 0x20, 0x3, 0x9b, 0x0, 0xb8,
    0x3, 0x52, 0x0, 0xa, 0xbb, 0xfd, 0x8c, 0x1,
    0x59, 0x0, 0x75, 0xb8, 0x7, 0xf1, 0x6a, 0x0,
    0x7d, 0x1a, 0xc2, 0x1, 0x92, 0x74, 0x80, 0x3f,
    0x8a, 0x7b, 0x9b, 0xdf, 0x6c, 0x1, 0xe0,

    /* U+F013 "" */
    0x0, 0xfe, 0x22, 0x0, 0x7f, 0xf1, 0x1b, 0xf7,
    0x5e, 0xc0, 0x1f, 0xfc, 0x2e, 0x0, 0xdc, 0x1,
    0xfe, 0x10, 0x1, 0x18, 0x6, 0x32, 0x0, 0x8,
    0x7, 0x47, 0x43, 0xea, 0x0, 0x64, 0xd7, 0x9e,
    0x80, 0x9, 0x1c, 0x1e, 0x0, 0x3f, 0x43, 0x3,
    0xa0, 0x2, 0x0, 0x3f, 0xf8, 0x90, 0x4, 0x60,
    0x1e, 0x38, 0x81, 0x80, 0x78, 0xc8, 0x90, 0x1,
    0xcb, 0x8e, 0xec, 0x50, 0xe, 0x82, 0x7, 0x90,
    0xd, 0x60, 0x1a, 0xc0, 0x34, 0xb8, 0x4, 0x20,
    0x10, 0x88, 0x3, 0x8, 0x80, 0x21, 0x0, 0xc2,
    0x1, 0x8, 0x80, 0x30, 0x88, 0x2, 0x10, 0x9,
    0xe4, 0x3, 0x58, 0x6, 0xb0, 0xd, 0x2e, 0x5,
    0x0, 0x1c, 0xb8, 0xee, 0xc5, 0x0, 0xe8, 0x22,
    0x18, 0x7, 0x8e, 0x20, 0x60, 0x1e, 0x32, 0x8,
    0x0, 0xff, 0xe2, 0x40, 0x1, 0x1c, 0x1a, 0x0,
    0x3f, 0x43, 0x83, 0xa0, 0x5, 0x1d, 0x2f, 0xc8,
    0x1, 0x93, 0x9e, 0x3a, 0x0, 0x38, 0x40, 0x2,
    0x60, 0x18, 0xc4, 0x0, 0x20, 0x1f, 0xee, 0x0,
    0xdc, 0x1, 0xff, 0xc2, 0x6f, 0xdd, 0x7b, 0x0,
    0x7c,

    /* U+F015 "" */
    0x0, 0xff, 0x23, 0x8, 0x4, 0xce, 0xc0, 0x1f,
    0xfc, 0x19, 0xb9, 0xf2, 0x0, 0x4c, 0x48, 0x7,
    0xfc, 0x36, 0xc0, 0x1, 0xd5, 0x10, 0x8, 0x40,
    0x3f, 0x8b, 0x10, 0xd, 0xc0, 0x15, 0x20, 0x1f,
    0xfc, 0x4, 0xd2, 0x5, 0xc8, 0xb1, 0x7, 0x0,
    0xff, 0x9e, 0xc0, 0x11, 0x51, 0xaf, 0x84, 0x1,
    0xff, 0x54, 0x0, 0x29, 0xad, 0xcb, 0x1f, 0x50,
    0x2, 0x50, 0xc, 0x38, 0xa0, 0x3a, 0xf8, 0x80,
    0x15, 0x3d, 0xb8, 0x2, 0xd8, 0x0, 0x7e, 0x60,
    0x7e, 0xd8, 0x40, 0x1d, 0x15, 0x14, 0x0, 0x99,
    0x6, 0x88, 0x36, 0x3d, 0x88, 0x7, 0xcb, 0x89,
    0x82, 0xc, 0xca, 0x8, 0x99, 0x80, 0x3f, 0xc7,
    0xe1, 0xe6, 0x66, 0x4f, 0x73, 0x60, 0xf, 0xfe,
    0x0, 0xc0, 0xe6, 0x0, 0x33, 0x80, 0x7f, 0xf0,
    0x9c, 0x3, 0xff, 0x82, 0xff, 0xee, 0x10, 0xf,
    0xfe, 0x37, 0x0, 0x4, 0x3, 0xff, 0xde, 0xc0,
    0x1c, 0x40, 0x11, 0x0, 0x66, 0x0, 0xf8, 0xbf,
    0xf9, 0x0, 0x2c, 0xff, 0xd4, 0x1, 0x80,

    /* U+F019 "" */
    0x0, 0xfc, 0xac, 0xc5, 0x0, 0xff, 0xe1, 0xbd,
    0x4c, 0xa9, 0xc0, 0x3f, 0xf8, 0x5e, 0x1, 0xbc,
    0x3, 0xff, 0xfe, 0x1, 0xff, 0xd7, 0x7e, 0xe9,
    0xc0, 0x33, 0xf7, 0x4e, 0x1, 0xe2, 0x11, 0x80,
    0x3c, 0x23, 0x10, 0x7, 0x96, 0x40, 0x3f, 0xd2,
    0xa0, 0x1f, 0x35, 0x0, 0x7e, 0xa6, 0x0, 0xfe,
    0x5a, 0x0, 0xf5, 0x28, 0x7, 0xfc, 0xb4, 0x1,
    0xa9, 0x40, 0x3c, 0xf5, 0x5d, 0x29, 0x60, 0xb,
    0x49, 0xaa, 0xe7, 0x85, 0x5e, 0x6c, 0x6c, 0xc3,
    0x63, 0x2a, 0xf4, 0x0, 0x7c, 0x5b, 0x54, 0xd2,
    0x0, 0xff, 0xe2, 0x33, 0x0, 0x3f, 0xf9, 0x49,
    0xe1, 0x6e, 0x1, 0xff, 0xc3, 0x4e, 0xa, 0x70,
    0x7, 0x5d, 0xff, 0xf0, 0x6a, 0xea, 0xed, 0xc0,

    /* U+F01C "" */
    0x0, 0xc7, 0xbf, 0xff, 0xf4, 0x80, 0x7e, 0x1d,
    0x20, 0xf, 0xf9, 0xa0, 0x3, 0xeb, 0x10, 0x67,
    0x7f, 0xe2, 0x7, 0x30, 0xe, 0x55, 0x2, 0xcc,
    0x47, 0xf7, 0x80, 0x38, 0x3, 0xd, 0x80, 0xd8,
    0x7, 0xf8, 0x9c, 0xa, 0x0, 0x2b, 0x10, 0xb1,
    0x0, 0xff, 0xa0, 0x81, 0xcc, 0x15, 0x40, 0xaa,
    0x0, 0xff, 0xe0, 0xf0, 0x3, 0x82, 0x0, 0x7,
    0x11, 0x38, 0x7, 0x8e, 0x22, 0xb2, 0x2, 0x52,
    0x0, 0x33, 0xbd, 0x8, 0x1, 0xde, 0xef, 0x88,
    0x0, 0x40, 0x1f, 0xa0, 0x3, 0x29, 0x80, 0x7d,
    0xe0, 0x1f, 0x8f, 0xff, 0x50, 0x7, 0xff, 0xac,
    0x40, 0x3f, 0xf9, 0x3d, 0x62, 0x1, 0xff, 0xc7,
    0x46,

    /* U+F021 "" */
    0x0, 0xfe, 0x11, 0x0, 0x79, 0xee, 0x80, 0x38,
    0x5f, 0x3f, 0xb9, 0xf6, 0xa0, 0x16, 0x22, 0x80,
    0x67, 0xe8, 0x30, 0xc, 0x95, 0xca, 0x1, 0xf5,
    0x40, 0x4, 0x48, 0x81, 0x0, 0xd, 0x48, 0x80,
    0x69, 0x50, 0x2, 0xee, 0xae, 0xdd, 0x88, 0x0,
    0x65, 0x0, 0x95, 0x80, 0x13, 0x44, 0x1, 0x8e,
    0xe8, 0x3, 0xd0, 0x0, 0x96, 0x0, 0xe7, 0xba,
    0xc3, 0x0, 0xc6, 0x40, 0x6c, 0x1, 0xeb, 0x45,
    0x63, 0x0, 0xc8, 0x0, 0xa0, 0xf, 0x9c, 0x3,
    0xf3, 0xff, 0x98, 0x3, 0xeb, 0xff, 0xfc, 0x1,
    0xff, 0xdc, 0xff, 0xfd, 0x60, 0x1f, 0x37, 0xf9,
    0x80, 0x3f, 0x38, 0x7, 0xd4, 0x0, 0x50, 0xc,
    0x6c, 0xaa, 0xb0, 0xf, 0x39, 0x81, 0x18, 0x6,
    0x3c, 0xaa, 0x38, 0x7, 0x34, 0x0, 0x20, 0x3,
    0xd5, 0x66, 0x1, 0x8e, 0xe4, 0x0, 0xca, 0x1,
    0x2b, 0x0, 0x13, 0x3a, 0xed, 0xb8, 0x80, 0x5,
    0x90, 0xc, 0x33, 0x44, 0x0, 0x14, 0x41, 0x0,
    0x51, 0x40, 0x1f, 0x2e, 0xd2, 0x0, 0x63, 0x7e,
    0x70, 0xc, 0xa9, 0x80, 0x12, 0xdf, 0xf7, 0x3f,
    0x20, 0x40, 0x38,

    /* U+F026 "" */
    0x0, 0xfe, 0x10, 0xf, 0x8b, 0xbc, 0x3, 0xc5,
    0x82, 0x20, 0xe, 0x2c, 0x10, 0x2, 0x3b, 0xec,
    0x10, 0xa, 0xe2, 0x30, 0x80, 0x7f, 0xfa, 0x88,
    0x3, 0xfb, 0x7f, 0xf3, 0x0, 0x7f, 0x4b, 0x0,
    0x7f, 0x4b, 0x0, 0x7f, 0x4b, 0xb0,

    /* U+F027 "" */
    0x0, 0xfd, 0x12, 0x1, 0xff, 0xc0, 0x97, 0x60,
    0xf, 0xfa, 0x58, 0x3, 0xff, 0x81, 0x2c, 0x1,
    0xfb, 0x7f, 0xf3, 0x0, 0x79, 0xcc, 0x8, 0x3,
    0xfc, 0x31, 0x88, 0x1, 0xff, 0xd, 0x4, 0x0,
    0x7f, 0xf0, 0x14, 0xc, 0x3, 0xff, 0x80, 0x80,
    0x40, 0x1f, 0xf0, 0xd8, 0x40, 0x7, 0xfc, 0x2f,
    0x4b, 0x71, 0x18, 0x40, 0x3d, 0xa, 0x8, 0xef,
    0xb0, 0x40, 0x3f, 0xf8, 0x25, 0x82, 0x1, 0xff,
    0xc1, 0x2c, 0x11, 0x0, 0x7f, 0xf0, 0xb, 0xfc,
    0x1, 0xc0,

    /* U+F028 "" */
    0x0, 0xff, 0xe2, 0x3d, 0x90, 0x7, 0xff, 0x4,
    0x40, 0x3d, 0xc9, 0x86, 0x1, 0xfe, 0x2e, 0xf0,
    0xf, 0x4b, 0xe, 0x10, 0x7, 0xe2, 0xc1, 0x10,
    0x6, 0x87, 0x9, 0x70, 0xf0, 0xf, 0x8b, 0x4,
    0x3, 0xcd, 0x16, 0x10, 0x64, 0xc0, 0x8e, 0xfb,
    0x4, 0x3, 0xec, 0x24, 0x80, 0xf0, 0xb0, 0xb8,
    0x8c, 0x20, 0x1e, 0x74, 0x2c, 0x7, 0x13, 0x31,
    0x18, 0x7, 0xfc, 0x31, 0x68, 0x2e, 0xc, 0x16,
    0xa, 0x1, 0xff, 0xd, 0x4, 0x5, 0x86, 0x81,
    0x87, 0x80, 0x7f, 0xf0, 0x14, 0xc, 0x4, 0x4,
    0x3, 0xff, 0x88, 0xa0, 0x60, 0x20, 0x20, 0x20,
    0x1f, 0xfc, 0x11, 0xa0, 0x80, 0xb0, 0xd0, 0x20,
    0xf2, 0x0, 0xff, 0xc, 0x5a, 0x13, 0x83, 0x5,
    0x82, 0xef, 0xfe, 0x60, 0xf, 0x3a, 0x16, 0x3,
    0x89, 0x98, 0x8c, 0x3, 0xa5, 0x80, 0x3e, 0xc1,
    0x48, 0xf, 0xb, 0x0, 0xfa, 0x58, 0x3, 0xcd,
    0x16, 0x10, 0x64, 0xc0, 0x1f, 0xa5, 0xd8, 0x3,
    0x43, 0x84, 0x38, 0x78, 0x7, 0xfa, 0x24, 0x3,
    0xd2, 0xe1, 0x84, 0x1, 0xff, 0xc6, 0xe4, 0xd3,
    0x0, 0x80,

    /* U+F029 "" */
    0x77, 0xf8, 0xc0, 0xe, 0xff, 0x1c, 0x47, 0xd6,
    0x0, 0x88, 0xfa, 0xc0, 0x3f, 0xf9, 0xf, 0xfe,
    0x0, 0xf9, 0xff, 0xc0, 0x1f, 0xfc, 0xb3, 0x77,
    0x0, 0x7c, 0x6e, 0xe0, 0xe, 0x48, 0x80, 0x7,
    0xc9, 0x10, 0x0, 0xff, 0xe4, 0xff, 0xfd, 0x0,
    0xf, 0xff, 0xa0, 0x3, 0xff, 0xb1, 0xff, 0xf4,
    0x0, 0x3f, 0xec, 0x0, 0x64, 0x0, 0x7f, 0xf0,
    0x4f, 0x30, 0x60, 0x12, 0x44, 0x0, 0x3f, 0x8c,
    0xc0, 0x18, 0xdd, 0xc0, 0x1f, 0x11, 0x80, 0x78,
    0xdd, 0xc0, 0x1f, 0x2f, 0x3b, 0xd8, 0x0, 0x48,
    0x80, 0x7, 0xe2, 0xb8, 0xa5, 0x0, 0xff, 0xe0,
    0xa6, 0x7, 0x4f, 0xff, 0xd0, 0x0, 0xff, 0x42,
    0x78, 0x64, 0x0,

    /* U+F030 "" */
    0x0, 0xf8, 0xd1, 0x31, 0x80, 0x7f, 0xf0, 0x7,
    0x72, 0xef, 0x66, 0x80, 0x7f, 0xcc, 0x40, 0x1e,
    0x27, 0x0, 0xe4, 0xdf, 0xfa, 0x0, 0x3f, 0x47,
    0xfd, 0xa9, 0x44, 0x1, 0xff, 0xc4, 0x2a, 0x10,
    0xf, 0xfe, 0x30, 0x80, 0x7c, 0x75, 0xdc, 0xa3,
    0x0, 0xff, 0xe0, 0xb6, 0xd, 0xd1, 0x63, 0x0,
    0x7f, 0xc5, 0x2d, 0x6a, 0x91, 0x92, 0x40, 0x1f,
    0xea, 0x9, 0x0, 0xc6, 0xd4, 0x1, 0xfe, 0x23,
    0x0, 0xf7, 0x90, 0x7, 0xf8, 0xc8, 0x3, 0xc2,
    0x60, 0x1f, 0xed, 0x14, 0x0, 0xea, 0xd0, 0xf,
    0xf2, 0x2d, 0xa8, 0x0, 0xb1, 0xd0, 0x3, 0xfe,
    0xa7, 0xaf, 0xed, 0x4a, 0x0, 0xff, 0xe0, 0xc7,
    0xe6, 0xfc, 0x0, 0x7c, 0x20, 0x1f, 0x8c, 0xc0,
    0x1f, 0x86, 0x0, 0x3f, 0xf8, 0xd0, 0xdf, 0xff,
    0xfc, 0x66,

    /* U+F03E "" */
    0x5e, 0xff, 0xff, 0xe2, 0x72, 0xd8, 0x80, 0x7f,
    0xf1, 0x6, 0xc4, 0x1, 0x38, 0xe0, 0x1f, 0xfc,
    0x11, 0x0, 0x4b, 0x1c, 0x28, 0x7, 0xff, 0xd,
    0x40, 0x2d, 0x0, 0xf2, 0x8, 0x7, 0xd6, 0x1,
    0x58, 0x7, 0x35, 0xe8, 0x80, 0x79, 0xe9, 0xf0,
    0xc0, 0x33, 0x48, 0x1e, 0x88, 0x7, 0x96, 0x0,
    0x39, 0xa4, 0x2, 0x3d, 0x10, 0xf, 0x36, 0x48,
    0x1, 0xa4, 0x3, 0x8d, 0x80, 0x39, 0xa4, 0x1a,
    0x5a, 0x40, 0x3f, 0xf8, 0x9, 0x20, 0x13, 0x48,
    0x7, 0xff, 0x4, 0xc0, 0x3f, 0xf8, 0xe9, 0x11,
    0xff, 0xc2, 0x40, 0x0, 0x81, 0xbb, 0xff, 0xf0,
    0x8c, 0x6, 0xc4, 0x3, 0xff, 0x88, 0x36,

    /* U+F043 "" */
    0x0, 0xf2, 0x10, 0x7, 0xfc, 0x77, 0xa2, 0x1,
    0xfe, 0x90, 0x3, 0x80, 0x7f, 0xa, 0x80, 0x28,
    0x3, 0xfa, 0x40, 0x23, 0x40, 0xf, 0x85, 0xc0,
    0x34, 0x0, 0x7d, 0x60, 0x1c, 0x6c, 0x1, 0xc8,
    0xa0, 0x1e, 0x92, 0x0, 0x86, 0x80, 0x3f, 0x70,
    0x5, 0x42, 0x1, 0xf8, 0xdc, 0xd, 0x0, 0x3f,
    0xd0, 0x32, 0x1, 0xff, 0xc0, 0x74, 0x0, 0xff,
    0xe0, 0x60, 0x82, 0xc8, 0x7, 0xf0, 0x88, 0xd,
    0xc0, 0x3f, 0x85, 0x41, 0xc5, 0x80, 0x3f, 0x6f,
    0x0, 0xcc, 0xa0, 0xc0, 0x3c, 0xaa, 0x30, 0x6b,
    0x4c, 0x60, 0xc, 0xe4, 0x1a, 0x40, 0x99, 0xec,
    0x1, 0x2c, 0x0, 0x7, 0x58, 0x3, 0xd1, 0x40,
    0x1d, 0x3d, 0x51, 0xb, 0xf7, 0x0, 0x80,

    /* U+F048 "" */
    0x47, 0x60, 0xf, 0x85, 0x87, 0xe2, 0x44, 0x3,
    0x8b, 0x26, 0x80, 0x3f, 0x16, 0x10, 0x38, 0x7,
    0xc7, 0x82, 0x1, 0xfc, 0x98, 0x20, 0x1f, 0xcb,
    0x60, 0x1f, 0xe6, 0xa0, 0xf, 0xf4, 0x48, 0x7,
    0xfc, 0xc0, 0x1f, 0xfd, 0xab, 0x10, 0xf, 0xf9,
    0x70, 0x80, 0x3f, 0xe2, 0xc3, 0x0, 0xff, 0x87,
    0xc, 0x3, 0xff, 0x81, 0x88, 0x1, 0xff, 0xc0,
    0xb5, 0x0, 0x84, 0x3, 0xf5, 0x38, 0x5d, 0x7f,
    0x84, 0x3, 0xd1, 0xee,

    /* U+F04B "" */
    0x6, 0x50, 0xf, 0xfe, 0x1d, 0xcd, 0x69, 0x80,
    0x7f, 0xf0, 0x50, 0x0, 0x59, 0x42, 0x1, 0xff,
    0xc4, 0x5e, 0x70, 0xf, 0xfe, 0x2c, 0x6a, 0x0,
    0x7f, 0xf1, 0xa, 0xec, 0x40, 0x1f, 0xfc, 0x44,
    0xd8, 0x0, 0xff, 0xe2, 0xbf, 0x28, 0x7, 0xff,
    0x10, 0x6a, 0xc8, 0x3, 0xff, 0x88, 0x9a, 0x40,
    0x1f, 0xfc, 0x54, 0x0, 0xff, 0xe2, 0xa0, 0x7,
    0xff, 0xd, 0x34, 0x80, 0x3f, 0xf8, 0x25, 0x56,
    0x40, 0x1f, 0xfc, 0x17, 0xd5, 0x0, 0xff, 0xe0,
    0xae, 0xc0, 0x7, 0xff, 0x4, 0xae, 0x88, 0x3,
    0xff, 0x83, 0x1a, 0x80, 0x1f, 0xfc, 0x15, 0xe7,
    0x0, 0xff, 0x20, 0x0, 0xb2, 0x84, 0x3, 0xfe,
    0xb9, 0xad, 0x30, 0xf, 0xfe, 0x8,

    /* U+F04C "" */
    0x6, 0x77, 0xc6, 0x1, 0x99, 0xdf, 0x18, 0x5c,
    0xc4, 0x6c, 0x30, 0x5, 0xcc, 0x46, 0xc3, 0x40,
    0xf, 0x20, 0x1, 0x0, 0x3c, 0x80, 0x1f, 0x78,
    0x7, 0xf7, 0x80, 0x7f, 0xff, 0xc0, 0x3f, 0xff,
    0xe0, 0x1f, 0xff, 0x61, 0x0, 0xf7, 0x0, 0x4,
    0x3, 0xdd, 0x0, 0x1c, 0x6e, 0x0, 0x80, 0xe,
    0x37, 0x6f, 0xfe, 0xc1, 0x0, 0x37, 0xff, 0x60,
    0x80,

    /* U+F04D "" */
    0x5, 0x77, 0xff, 0xe1, 0x18, 0x5d, 0x44, 0x7f,
    0xf0, 0xb0, 0xd0, 0x3, 0xff, 0x88, 0x80, 0x1f,
    0xfc, 0x5f, 0x0, 0xff, 0xff, 0x80, 0x7f, 0xff,
    0xc0, 0x3f, 0xfe, 0xc2, 0x1, 0xff, 0xc4, 0xe8,
    0x0, 0xff, 0xe1, 0x9b, 0xb7, 0xff, 0xff, 0xf,
    0x4,

    /* U+F051 "" */
    0x5, 0x20, 0xf, 0x95, 0xd9, 0x95, 0xa8, 0x1,
    0xe9, 0x89, 0xe0, 0x5, 0xb0, 0x7, 0x8, 0x7,
    0xa5, 0xc0, 0x3f, 0xf8, 0x11, 0x0, 0xf, 0xfe,
    0x3, 0xc8, 0x7, 0xff, 0x1, 0xac, 0x3, 0xff,
    0x80, 0x98, 0x1, 0xff, 0xc0, 0x32, 0x0, 0xff,
    0xec, 0xd1, 0x0, 0x7f, 0xad, 0x40, 0x3f, 0x87,
    0x10, 0x3, 0xf8, 0x70, 0xc0, 0x3f, 0x8b, 0x8,
    0x3, 0xde, 0x0, 0x2c, 0x20, 0xf, 0x90, 0x13,
    0x4, 0x3, 0x84, 0x0, 0x7f, 0x62, 0x1, 0xec,
    0xff, 0x0,

    /* U+F052 "" */
    0x0, 0xfe, 0x21, 0x0, 0xff, 0xe2, 0x56, 0xf2,
    0x0, 0x7f, 0xf0, 0xa9, 0x40, 0x16, 0x60, 0x1f,
    0xfc, 0x8, 0x50, 0xd, 0xa4, 0x1, 0xfe, 0x77,
    0x0, 0x70, 0xe0, 0x80, 0x7e, 0x68, 0x0, 0xf8,
    0x70, 0x40, 0x3c, 0xb2, 0x1, 0xfc, 0x5a, 0x1,
    0xc9, 0x40, 0x1f, 0xf1, 0xd8, 0x4, 0x76, 0x1,
    0xff, 0xc1, 0x4a, 0x0, 0x70, 0x7, 0xff, 0xd,
    0x54, 0x6, 0x1, 0xff, 0xc4, 0x30, 0xb0, 0xf,
    0xfe, 0x19, 0xb0, 0x2f, 0xff, 0xff, 0xf, 0x0,
    0x13, 0xff, 0xff, 0xc3, 0xe2, 0x6, 0x0, 0xff,
    0xe1, 0x8a, 0x80, 0x7f, 0xf1, 0xbc, 0x3, 0xff,
    0x8d, 0xe0, 0x80, 0x1f, 0xfc, 0x44, 0xb, 0xff,
    0xff, 0xe2, 0x18,

    /* U+F053 "" */
    0x0, 0xff, 0xe3, 0x2f, 0xc0, 0x7, 0xcb, 0x40,
    0xe8, 0x1, 0xcb, 0x40, 0x1, 0x60, 0xc, 0xb4,
    0x0, 0x1c, 0x20, 0x9, 0x68, 0x0, 0x3a, 0x40,
    0x12, 0xd0, 0x0, 0x74, 0xc0, 0x25, 0xa0, 0x0,
    0xe9, 0x80, 0x4b, 0x40, 0x1, 0xd3, 0x0, 0xd0,
    0x1, 0x59, 0x80, 0x74, 0x80, 0x56, 0x60, 0x1c,
    0x96, 0x0, 0x1d, 0x30, 0xe, 0x4b, 0x0, 0xe,
    0x98, 0x7, 0x25, 0x80, 0x7, 0x4c, 0x3, 0x92,
    0x80, 0x3, 0xa6, 0x1, 0xcb, 0x40, 0x1, 0xd2,
    0x0, 0xe5, 0xa0, 0x0, 0xb0, 0x7, 0x96, 0x81,
    0xd0, 0x3, 0xe5, 0xf8, 0x0,

    /* U+F054 "" */
    0x0, 0xff, 0x8b, 0x6c, 0x3, 0xf7, 0x12, 0x60,
    0x7, 0xca, 0x0, 0x3c, 0x0, 0xf4, 0xb0, 0x0,
    0xf0, 0x3, 0xd2, 0xc0, 0x3, 0xc0, 0xf, 0x4b,
    0x0, 0xf, 0x0, 0x3d, 0x2c, 0x0, 0x3c, 0x0,
    0xf4, 0xb0, 0x0, 0xf0, 0x3, 0xd2, 0x40, 0x3,
    0x60, 0xe, 0x92, 0x0, 0x1b, 0x0, 0x69, 0x60,
    0x1, 0xe0, 0x6, 0x96, 0x0, 0x1e, 0x0, 0x69,
    0x60, 0x1, 0xe0, 0x6, 0x96, 0x0, 0x1e, 0x0,
    0x69, 0x60, 0x1, 0xe0, 0x7, 0x28, 0x0, 0xf0,
    0x3, 0xdc, 0x49, 0x80, 0x1f, 0x16, 0xd8, 0x7,
    0xe0,

    /* U+F067 "" */
    0x0, 0xf8, 0x95, 0x40, 0x1f, 0xfc, 0x3d, 0xaa,
    0x40, 0x7, 0xff, 0x4, 0x80, 0x22, 0x0, 0xff,
    0xff, 0x80, 0x63, 0x77, 0xea, 0x0, 0x99, 0xdf,
    0x98, 0x36, 0x23, 0x9c, 0x2, 0x38, 0x8e, 0x96,
    0x10, 0xf, 0xfe, 0x27, 0x10, 0x7, 0xff, 0x13,
    0x72, 0xef, 0xa8, 0x2, 0x4b, 0xbe, 0xc5, 0x14,
    0x4e, 0x70, 0x8, 0x51, 0x38, 0xc0, 0x3f, 0xfe,
    0x26, 0x1, 0x18, 0x7, 0xff, 0x4, 0x48, 0x1,
    0xe0, 0x1f, 0xfc, 0x2d, 0xd7, 0x30, 0x7, 0xc0,

    /* U+F068 "" */
    0x49, 0x9f, 0xfe, 0x1c, 0x5, 0xb3, 0x7f, 0xf0,
    0xdd, 0xc0, 0x1f, 0xfc, 0x63, 0x0, 0xff, 0xe2,
    0x1e, 0x6e, 0xff, 0xf0, 0xf9, 0x0,

    /* U+F06E "" */
    0x0, 0xf9, 0xab, 0x7f, 0xdd, 0x90, 0x60, 0x1f,
    0xfc, 0x8, 0xf9, 0x52, 0x1, 0x11, 0xbe, 0x61,
    0x0, 0x3f, 0x1e, 0xb8, 0x1, 0xb7, 0xfb, 0xe8,
    0x80, 0xee, 0x40, 0x3c, 0x98, 0x40, 0xa, 0x92,
    0x22, 0x92, 0xe1, 0x80, 0x1a, 0xc0, 0x31, 0xd8,
    0x4, 0xea, 0x0, 0x5a, 0xd9, 0x1d, 0x10, 0x2,
    0x58, 0x0, 0x74, 0x3, 0x40, 0x5, 0xe0, 0x6,
    0x71, 0x60, 0x9, 0x20, 0x2c, 0x40, 0x24, 0x2,
    0x22, 0xb8, 0x5, 0x21, 0x60, 0x19, 0xc9, 0x40,
    0x30, 0x82, 0xed, 0x0, 0x61, 0x1, 0x0, 0xe5,
    0x60, 0xc, 0x20, 0x40, 0x1e, 0x30, 0x10, 0xe,
    0x58, 0x10, 0x9, 0x1, 0x4c, 0x3, 0xa4, 0x10,
    0x3, 0x39, 0xe, 0x80, 0x68, 0xd, 0x50, 0x0,
    0xd2, 0x8c, 0x80, 0x49, 0x0, 0x3, 0xb0, 0x9,
    0xd4, 0x6b, 0xfb, 0x8a, 0x3a, 0x20, 0x4, 0xb0,
    0xc, 0x98, 0x40, 0xa, 0x92, 0x1, 0x5, 0xc3,
    0x0, 0x35, 0x80, 0x78, 0xf6, 0x0, 0xd, 0xbf,
    0xdf, 0x44, 0x7, 0x72, 0x1, 0xfc, 0xff, 0x4a,
    0x42, 0x31, 0xbe, 0x61, 0x0, 0x38,

    /* U+F070 "" */
    0x0, 0x30, 0x7, 0xff, 0x32, 0xe7, 0x4, 0x3,
    0xff, 0x94, 0xe0, 0x7e, 0x80, 0x1f, 0xfc, 0x9c,
    0x60, 0x1b, 0x70, 0x2, 0x46, 0x77, 0xf6, 0xca,
    0x0, 0x7f, 0xa6, 0x80, 0x11, 0x7d, 0x6e, 0x62,
    0x31, 0x35, 0xf3, 0x0, 0x7f, 0x2e, 0x90, 0x20,
    0x81, 0xdf, 0xf7, 0xd9, 0x80, 0xcd, 0x88, 0x7,
    0xe2, 0xd4, 0x0, 0xa9, 0x0, 0xc5, 0x31, 0x80,
    0x9, 0xe4, 0x1, 0xfd, 0x70, 0x0, 0x99, 0x26,
    0x75, 0x4, 0x98, 0x0, 0x70, 0x40, 0x3a, 0xec,
    0x0, 0x7c, 0x10, 0x6a, 0x0, 0x2d, 0x4, 0x0,
    0x43, 0x40, 0x19, 0x91, 0x1a, 0x60, 0x7e, 0x60,
    0x20, 0x12, 0x8a, 0x0, 0x64, 0x50, 0xb, 0x40,
    0x5, 0x8c, 0x3, 0x8e, 0x1, 0xc4, 0x2, 0x1,
    0xbc, 0x2, 0xd0, 0xd, 0x20, 0x14, 0x50, 0x6,
    0x10, 0x10, 0xd, 0xe0, 0x13, 0x18, 0x6, 0x40,
    0x9, 0x74, 0x80, 0x19, 0x0, 0x19, 0x54, 0x1,
    0xb4, 0x40, 0x28, 0x0, 0xc5, 0xaa, 0x2, 0xe0,
    0x11, 0x58, 0x7, 0xe, 0x8, 0x0, 0xe4, 0x3,
    0xaa, 0x40, 0x31, 0x60, 0x80, 0x78, 0xbc, 0xc0,
    0xd, 0x88, 0x1, 0x9b, 0x4, 0x2, 0x30, 0xf,
    0xc3, 0x92, 0x20, 0x77, 0xfd, 0xc3, 0x3, 0xf4,
    0x2, 0xd5, 0x0, 0xfe, 0x6e, 0xa6, 0x21, 0x10,
    0x79, 0x0, 0xdb, 0x80, 0x2a, 0x40, 0x3f, 0xcb,
    0x3b, 0xdf, 0xd8, 0x40, 0x14, 0x58, 0x83, 0x58,
    0x7, 0xff, 0x25, 0x3c, 0xc0, 0x40, 0x3f, 0xf9,
    0x43, 0x93, 0x40,

    /* U+F071 "" */
    0x0, 0xff, 0x9e, 0x8c, 0x3, 0xff, 0x91, 0x10,
    0x5d, 0x10, 0xf, 0xfe, 0x31, 0x38, 0x0, 0x60,
    0x3, 0xff, 0x8d, 0x0, 0x19, 0x8c, 0x3, 0xff,
    0x88, 0x8a, 0x1, 0xd0, 0x1, 0xff, 0xc4, 0x80,
    0xf, 0x22, 0x80, 0x7f, 0xf0, 0x98, 0xc0, 0x3e,
    0x80, 0xf, 0xfe, 0x14, 0x0, 0x17, 0x75, 0x60,
    0x2, 0x70, 0xf, 0xfe, 0x4, 0x8, 0x0, 0xc8,
    0x8a, 0x1, 0x40, 0x80, 0x7f, 0x89, 0xc0, 0x23,
    0x0, 0x18, 0x6, 0x80, 0xf, 0xf4, 0x0, 0x61,
    0x0, 0x8, 0x6, 0x62, 0x0, 0xfc, 0x6a, 0x1,
    0x9c, 0x0, 0xe0, 0x1d, 0x20, 0x1f, 0xbc, 0x3,
    0x84, 0x0, 0x20, 0x1c, 0x88, 0x0, 0xf3, 0x18,
    0x7, 0x14, 0xcc, 0x1, 0xe9, 0x0, 0xf4, 0x0,
    0x7d, 0x96, 0xe0, 0x1e, 0x27, 0x0, 0xd0, 0x20,
    0x1e, 0x65, 0x2a, 0x0, 0xfa, 0x44, 0x0, 0x2e,
    0x1, 0xf0, 0x80, 0x4, 0x3, 0xe1, 0x80, 0x5,
    0x80, 0x7e, 0x74, 0x1a, 0x0, 0xfc, 0xc4, 0xa,
    0x1, 0xfd, 0x7c, 0xa0, 0x1f, 0xca, 0x8, 0x1,
    0xff, 0xc9, 0x30, 0xa9, 0x77, 0xff, 0xe3, 0xda,
    0x0,

    /* U+F074 "" */
    0x0, 0xff, 0xe1, 0xa1, 0x80, 0x7f, 0xf1, 0xaf,
    0x14, 0x3, 0xff, 0x8f, 0x4a, 0x1d, 0xff, 0x98,
    0x3, 0x87, 0x3f, 0xc0, 0x15, 0x28, 0x80, 0x69,
    0x50, 0xd, 0xa6, 0x1, 0xea, 0x0, 0xf5, 0x28,
    0x2, 0xcc, 0x3, 0xe8, 0xdd, 0xb0, 0x80, 0x1a,
    0x12, 0x80, 0x8, 0xd0, 0xa, 0x1c, 0x8a, 0x3f,
    0x14, 0x87, 0x60, 0x3, 0x39, 0x0, 0x21, 0xc0,
    0x38, 0xb6, 0xda, 0x0, 0xb, 0x20, 0x8, 0x97,
    0x0, 0xf8, 0xd2, 0x40, 0x9, 0x40, 0x13, 0xb0,
    0x7, 0xe3, 0xb0, 0x1, 0x59, 0x80, 0x4e, 0xc0,
    0x1f, 0x16, 0x80, 0x7, 0xf, 0x24, 0x1, 0x13,
    0x0, 0x2, 0x28, 0xfc, 0x40, 0x70, 0xf4, 0x19,
    0xc8, 0x0, 0xf0, 0x1b, 0xb6, 0x10, 0x3, 0x48,
    0xa0, 0x4, 0x68, 0x4, 0xee, 0x0, 0xf5, 0x18,
    0x3, 0xc, 0x3, 0xe9, 0x10, 0xd, 0x2a, 0x1,
    0xb4, 0xc0, 0x3d, 0x5d, 0xff, 0x98, 0x3, 0x87,
    0x3f, 0xc0, 0x15, 0xa0, 0x7, 0xff, 0x16, 0x90,
    0x3, 0xff, 0x89, 0x78, 0xa0, 0x0,

    /* U+F077 "" */
    0x0, 0xfd, 0x28, 0x1, 0xff, 0xc3, 0xc6, 0xb5,
    0x0, 0xff, 0xe0, 0xe1, 0x80, 0x29, 0x40, 0x3f,
    0xec, 0x30, 0xd, 0x4a, 0x1, 0xfd, 0x86, 0x0,
    0x51, 0x0, 0x52, 0x80, 0x7d, 0x86, 0x0, 0x6a,
    0xd1, 0x0, 0x52, 0x80, 0x76, 0x18, 0x1, 0xa4,
    0xf, 0x44, 0x1, 0x4a, 0x1, 0x61, 0x80, 0x1a,
    0x40, 0x23, 0xd1, 0x0, 0x52, 0x85, 0x18, 0x1,
    0xa4, 0x3, 0x8f, 0x44, 0x1, 0x45, 0xa0, 0x6,
    0x90, 0xf, 0x8f, 0x44, 0x4, 0xde, 0x62, 0x40,
    0x3f, 0x8f, 0x1b, 0x4,

    /* U+F078 "" */
    0x6, 0x70, 0xf, 0xf8, 0xa4, 0x81, 0xe6, 0x24,
    0x3, 0xf8, 0xb1, 0xb0, 0x78, 0x0, 0xd2, 0x1,
    0xf1, 0xe0, 0x80, 0x9c, 0xa0, 0x1, 0xa4, 0x3,
    0x8f, 0x44, 0x1, 0x44, 0x16, 0x80, 0x6, 0x90,
    0x8, 0xf4, 0x40, 0x14, 0xa0, 0x15, 0xa0, 0x1,
    0xa4, 0xf, 0x44, 0x1, 0x4a, 0x1, 0xd6, 0x80,
    0x6, 0xad, 0x10, 0x5, 0x28, 0x7, 0xd6, 0x80,
    0x5, 0x10, 0x5, 0x28, 0x7, 0xf5, 0xa0, 0x6,
    0xa5, 0x0, 0xff, 0xad, 0x0, 0x14, 0xa0, 0x1f,
    0xfc, 0x1b, 0x6b, 0x50, 0xf, 0x80,

    /* U+F079 "" */
    0x0, 0xd3, 0x82, 0x1, 0xff, 0xca, 0xa6, 0x3c,
    0x10, 0x2, 0xc4, 0x7f, 0x84, 0x3, 0xd4, 0xa0,
    0x2, 0xc2, 0xb, 0x77, 0xff, 0x80, 0x3a, 0x94,
    0x3, 0x16, 0x15, 0x8, 0x7, 0xff, 0xa, 0x14,
    0xc, 0x0, 0x60, 0x3e, 0x9d, 0xff, 0xee, 0x0,
    0xfb, 0xc0, 0xf8, 0x1, 0x50, 0x2, 0x1, 0xff,
    0xc4, 0x7c, 0xc1, 0x80, 0x4f, 0x98, 0x0, 0xff,
    0xe2, 0x98, 0x7, 0x8c, 0x3, 0xff, 0xdc, 0x7a,
    0xe0, 0x18, 0xf5, 0xc0, 0x3f, 0xf8, 0x92, 0x50,
    0xc0, 0xf, 0xd2, 0x80, 0xf, 0xb6, 0x23, 0xe3,
    0x81, 0x8, 0x0, 0x30, 0x84, 0x80, 0x7c, 0x8e,
    0xff, 0x60, 0x60, 0x80, 0x74, 0xb0, 0x6, 0x12,
    0x0, 0xfe, 0x10, 0x2c, 0x10, 0xa, 0x58, 0x3,
    0xdb, 0xff, 0xfd, 0xc4, 0x5, 0x82, 0x12, 0xc0,
    0x1f, 0xfc, 0x92, 0xfc, 0x60, 0xc,

    /* U+F07B "" */
    0x5e, 0xff, 0xf4, 0x80, 0x7f, 0xd6, 0x20, 0x1e,
    0x69, 0x0, 0xff, 0x8, 0x7, 0xe6, 0xa8, 0x8f,
    0x98, 0x3, 0xfe, 0x57, 0x7f, 0xa6, 0xc0, 0x3f,
    0xf8, 0xe8, 0x1, 0xff, 0xff, 0x0, 0xff, 0xff,
    0x80, 0x7f, 0x84, 0x3, 0xff, 0x8c, 0x36, 0x20,
    0x1f, 0xfc, 0x41, 0xb0,

    /* U+F093 "" */
    0x0, 0xfe, 0x31, 0x0, 0xff, 0xe2, 0xb6, 0x60,
    0x40, 0x3f, 0xf8, 0x6d, 0x20, 0x58, 0x20, 0x1f,
    0xfc, 0x16, 0x90, 0x8, 0xb0, 0x40, 0x3f, 0xe6,
    0x90, 0xe, 0x2c, 0x10, 0xf, 0xe6, 0x90, 0xf,
    0x8b, 0x4, 0x3, 0xe6, 0x90, 0xf, 0xe2, 0xc1,
    0x0, 0xf5, 0x80, 0x7f, 0xc4, 0xe0, 0x1e, 0xde,
    0xe9, 0x0, 0x35, 0x77, 0x4c, 0x1, 0xf0, 0x8c,
    0x1, 0xc2, 0x38, 0x3, 0xff, 0xfe, 0x1, 0xfc,
    0xf5, 0x5c, 0x40, 0x1e, 0x2a, 0xae, 0x78, 0x55,
    0xea, 0x99, 0x44, 0x25, 0x29, 0x57, 0xa0, 0x3,
    0xcf, 0x22, 0x0, 0x1b, 0x70, 0xf, 0xfe, 0xa,
    0x44, 0x64, 0x0, 0xff, 0xe4, 0x27, 0x85, 0xb8,
    0x7, 0xff, 0xd, 0x38, 0x29, 0xc0, 0x1d, 0x77,
    0xff, 0xc1, 0xab, 0xab, 0xb7, 0x0,

    /* U+F095 "" */
    0x0, 0xff, 0xe1, 0xa3, 0x10, 0x7, 0xff, 0x14,
    0x6e, 0x77, 0xad, 0x40, 0x3f, 0xf8, 0x4c, 0x1,
    0xa, 0x50, 0x7, 0xff, 0xa, 0x40, 0x3f, 0xf8,
    0xea, 0x20, 0x1c, 0x40, 0x1f, 0xfc, 0x1e, 0x0,
    0xf3, 0x0, 0x7f, 0xf0, 0x74, 0x3, 0xc6, 0x1,
    0xff, 0xc1, 0x6a, 0x0, 0xec, 0x0, 0xff, 0xe1,
    0x2d, 0x0, 0x42, 0x80, 0x1f, 0xfc, 0x3e, 0x0,
    0x9c, 0x3, 0xff, 0x86, 0x88, 0x0, 0xac, 0x3,
    0xff, 0x84, 0x54, 0x1, 0x39, 0x0, 0x78, 0x4c,
    0x3, 0x87, 0xc4, 0x0, 0x50, 0x1, 0xc5, 0x3d,
    0x8e, 0x1, 0x1f, 0x90, 0x5, 0xc0, 0x19, 0x2f,
    0x58, 0x1, 0x8, 0xf, 0x82, 0x1, 0x51, 0x80,
    0x6a, 0x40, 0xe, 0xae, 0x80, 0xd, 0x4a, 0x1,
    0xc4, 0x1, 0xe1, 0x10, 0x4, 0x36, 0xa0, 0x1e,
    0x40, 0xf, 0xf2, 0x7a, 0x0, 0x7d, 0x80, 0x1f,
    0x8a, 0xac, 0x40, 0x3f, 0x28, 0x7, 0xa, 0xde,
    0xa8, 0x7, 0xf8, 0x6a, 0x26, 0xf7, 0xa9, 0x0,
    0x3f, 0xe0,

    /* U+F0C4 "" */
    0x0, 0x12, 0xa0, 0x7, 0xff, 0xa, 0x76, 0xaf,
    0x8c, 0x3, 0xc9, 0x54, 0x50, 0x76, 0x0, 0x87,
    0x40, 0x3a, 0x2d, 0x55, 0x4b, 0x20, 0x59, 0x0,
    0x2c, 0x1, 0x43, 0x80, 0x48, 0xa2, 0xa, 0x6e,
    0x0, 0x10, 0x4, 0x38, 0x4, 0x96, 0x4, 0xc,
    0xf4, 0x0, 0x20, 0x87, 0x0, 0x92, 0xc0, 0x10,
    0x3, 0xa, 0x0, 0x89, 0x70, 0x9, 0x2c, 0x2,
    0x5a, 0x10, 0xc, 0x4c, 0x1, 0x25, 0x80, 0x72,
    0xf7, 0x28, 0x3, 0xc9, 0x60, 0x1f, 0x85, 0x50,
    0x3, 0xa4, 0x3, 0xf1, 0x2c, 0xa0, 0x7, 0x78,
    0x80, 0x7a, 0x76, 0x98, 0x3, 0xc5, 0x82, 0x1,
    0x9d, 0x80, 0x39, 0x24, 0x2, 0x2c, 0x10, 0xa,
    0x40, 0xb2, 0x0, 0x1c, 0xd4, 0x1, 0x16, 0x8,
    0x0, 0x41, 0x4d, 0xc0, 0x4, 0xb, 0x40, 0x11,
    0x60, 0x81, 0x3, 0x3d, 0x0, 0x8, 0x0, 0xb4,
    0x1, 0x16, 0xc, 0x0, 0xc2, 0x81, 0xa8, 0x4,
    0xb6, 0x1, 0x12, 0xaa, 0x84, 0x0, 0x9a, 0x1,
    0xc9, 0xd3, 0x2d, 0x40, 0x5e, 0xe7, 0xd8, 0x80,
    0x78, 0x59, 0x84, 0x0,

    /* U+F0C5 "" */
    0x0, 0xe8, 0xbb, 0xf2, 0x84, 0x80, 0x7e, 0x74,
    0x4f, 0x68, 0xb5, 0x80, 0x7f, 0xf1, 0x52, 0xc0,
    0x3f, 0xf8, 0xa9, 0x10, 0xcc, 0x48, 0x7, 0xf0,
    0xff, 0xd0, 0xe6, 0x65, 0x0, 0xfc, 0xaa, 0x44,
    0x8c, 0x3, 0xff, 0x80, 0x55, 0x77, 0x48, 0x7,
    0xff, 0xfc, 0x3, 0xff, 0xfe, 0x1, 0xff, 0xc3,
    0x20, 0x40, 0xf, 0xfb, 0x40, 0x21, 0x9a, 0xff,
    0xff, 0x9c, 0x3, 0x37, 0x7f, 0xfa, 0x0, 0x3f,
    0xf8, 0xbe, 0x1, 0xd4, 0xef, 0xfe, 0x86, 0x0,
    0xe0,

    /* U+F0C7 "" */
    0x6, 0x77, 0xff, 0x30, 0x7, 0x5c, 0xc4, 0x7f,
    0xa7, 0x44, 0x2, 0x40, 0xf, 0xfe, 0x1, 0x68,
    0x80, 0x66, 0xff, 0xfd, 0xc4, 0x7, 0xa2, 0x1,
    0x8, 0x7, 0xe1, 0x60, 0x1, 0xe8, 0x7, 0xff,
    0x14, 0xcc, 0x1, 0xff, 0xc5, 0x70, 0xf, 0xfe,
    0x42, 0xc4, 0x7f, 0x28, 0x7, 0xc4, 0xef, 0xfc,
    0x20, 0x1f, 0xfd, 0x11, 0xbf, 0xd3, 0x0, 0xff,
    0xe0, 0xc2, 0x1, 0x70, 0x7, 0xff, 0x4, 0x80,
    0x22, 0x0, 0xff, 0xe0, 0xf0, 0x4, 0xc0, 0x1f,
    0xfc, 0x15, 0xc8, 0xa9, 0x0, 0xf8, 0x40, 0x3c,
    0x6e, 0xa0, 0x1f, 0x3c, 0x0, 0x7f, 0xf0, 0xd4,
    0xdb, 0xff, 0xff, 0x87, 0x40,

    /* U+F0C9 "" */
    0x0, 0xff, 0xe3, 0x77, 0xff, 0xff, 0x11, 0x84,
    0x3, 0xff, 0x89, 0xca, 0x67, 0xff, 0xc4, 0xca,
    0xcc, 0xff, 0xe2, 0x20, 0x7, 0xff, 0x63, 0x37,
    0x7f, 0xf8, 0x8a, 0x64, 0x5f, 0xfc, 0x4d, 0x20,
    0xf, 0xfe, 0x26, 0xeb, 0xff, 0xff, 0x88, 0xa0,
    0x1f, 0xfd, 0x8a, 0xcc, 0xff, 0xe2, 0x22, 0x99,
    0xff, 0xf1, 0x30, 0x40, 0x3f, 0xf8, 0x9d, 0xcf,
    0xff, 0xfe, 0x23, 0x0,

    /* U+F0E0 "" */
    0x5e, 0xff, 0xff, 0xe2, 0x72, 0xd8, 0x80, 0x7f,
    0xf1, 0x6, 0xc4, 0x3, 0xff, 0x8c, 0x30, 0x1,
    0xff, 0xc6, 0x87, 0xc1, 0x0, 0xff, 0xe1, 0xe,
    0x3f, 0x7, 0xa0, 0x7, 0xff, 0x1, 0x3c, 0x38,
    0x71, 0xae, 0x0, 0x3f, 0xd1, 0x6d, 0x82, 0x0,
    0x8b, 0x6c, 0x20, 0xf, 0x16, 0x35, 0xc0, 0x7,
    0x27, 0xbe, 0xa8, 0x6, 0x5d, 0x7f, 0x40, 0xf,
    0x86, 0xe2, 0xa8, 0x44, 0xaa, 0x45, 0x88, 0x7,
    0xf9, 0xf1, 0xf7, 0x4f, 0x8e, 0x1, 0xff, 0xc1,
    0x3d, 0xdc, 0x60, 0x1f, 0xfc, 0x42, 0x20, 0x7,
    0xf0, 0x80, 0x7f, 0xf1, 0x86, 0xc4, 0x3, 0xff,
    0x88, 0x36,

    /* U+F0E7 "" */
    0x0, 0xa, 0x27, 0x84, 0x3, 0xd5, 0x77, 0xf0,
    0x7, 0x94, 0x3, 0xc4, 0x1, 0xe1, 0x0, 0xf5,
    0x80, 0x71, 0x0, 0x78, 0x8c, 0x3, 0x98, 0x3,
    0xca, 0x1, 0xe2, 0x0, 0xf6, 0x0, 0x7b, 0x80,
    0x3d, 0x7f, 0xf9, 0x40, 0x80, 0x3f, 0xe1, 0x7,
    0x0, 0xff, 0x22, 0x0, 0x80, 0x3f, 0xd2, 0x0,
    0x40, 0xf, 0xe6, 0x20, 0x5, 0xff, 0xe7, 0x0,
    0x86, 0x0, 0x3f, 0x20, 0x5, 0x2, 0x1, 0xf8,
    0xc0, 0x4, 0xc0, 0x1f, 0x8c, 0x2, 0x90, 0xf,
    0xe4, 0x0, 0x2a, 0x0, 0x7f, 0x60, 0x2, 0x0,
    0x3f, 0xc8, 0xe, 0x40, 0x1f, 0xc4, 0x3, 0x0,
    0x1f, 0xe2, 0x6a, 0x0, 0xf8,

    /* U+F0EA "" */
    0x0, 0xe6, 0x71, 0x0, 0xff, 0xa, 0x25, 0x73,
    0x1e, 0x89, 0x18, 0x7, 0xbe, 0xee, 0x46, 0xb1,
    0xbb, 0xb1, 0x0, 0x38, 0x40, 0x30, 0xb8, 0x7,
    0x8, 0x7, 0xf9, 0xf0, 0x3, 0xff, 0x8a, 0xae,
    0xfe, 0x0, 0xff, 0x4d, 0x44, 0x71, 0x0, 0x7f,
    0x9b, 0x3f, 0xf9, 0x47, 0x88, 0x3, 0xf1, 0x0,
    0x7c, 0x38, 0x40, 0x1f, 0xfc, 0x41, 0xc2, 0x0,
    0xff, 0xe0, 0x8a, 0x21, 0x54, 0x1, 0xff, 0xc0,
    0xd0, 0xbb, 0x9c, 0x3, 0xff, 0x80, 0xff, 0xfa,
    0x80, 0x3f, 0xfd, 0x46, 0x1, 0xff, 0xc5, 0xcf,
    0xfc, 0x1, 0xff, 0xeb, 0x94, 0x4f, 0xf7, 0x0,

    /* U+F0F3 "" */
    0x0, 0xfc, 0x62, 0x1, 0xff, 0xc3, 0x5c, 0xc0,
    0x7, 0xff, 0xf, 0x0, 0x84, 0x3, 0xff, 0x80,
    0xfc, 0xc0, 0xe, 0xb2, 0x0, 0xfe, 0xa8, 0x10,
    0xc, 0x9a, 0x60, 0x1f, 0x42, 0x80, 0x7e, 0xd1,
    0x0, 0xe1, 0x70, 0xf, 0xe1, 0x90, 0xe, 0x40,
    0xf, 0xf9, 0x40, 0x38, 0x80, 0x3f, 0xe2, 0x0,
    0xef, 0x0, 0xff, 0xe2, 0x88, 0x7, 0xff, 0x0,
    0x40, 0x32, 0x0, 0x7f, 0xf0, 0x10, 0x2, 0x12,
    0x0, 0xff, 0xe0, 0x60, 0x5, 0x0, 0x1f, 0xfc,
    0x16, 0x10, 0x56, 0x0, 0xff, 0xe1, 0x60, 0x58,
    0x7, 0xff, 0xc, 0x99, 0xc0, 0x3f, 0xf8, 0x62,
    0xb3, 0xff, 0xff, 0xc3, 0xe3, 0x0, 0xf5, 0x7f,
    0xe2, 0x0, 0xff, 0xe0, 0x48, 0x4, 0xa4, 0x1,
    0xff, 0xc0, 0x3d, 0x8a, 0xa0, 0x7, 0xc0,

    /* U+F11C "" */
    0x5e, 0xff, 0xff, 0xe3, 0xd8, 0x58, 0x80, 0x7f,
    0xf1, 0xd1, 0x84, 0xd, 0xdc, 0xa, 0xea, 0xe,
    0xe4, 0x7, 0x70, 0x23, 0xb8, 0x1, 0xc0, 0x4,
    0x88, 0x7, 0x47, 0x4, 0x43, 0x86, 0x20, 0x3d,
    0x10, 0x0, 0xff, 0xe1, 0x98, 0x80, 0x4, 0xc0,
    0x3e, 0x7f, 0xf0, 0x5f, 0xd8, 0x7f, 0xa4, 0x3f,
    0xc1, 0x3f, 0xe0, 0xf, 0x9a, 0xe4, 0x26, 0xdc,
    0x2e, 0xc8, 0x8b, 0xb0, 0x7, 0xf7, 0xa2, 0x1,
    0x11, 0xa0, 0x88, 0x33, 0x22, 0x4, 0x3, 0xf7,
    0xa2, 0x1, 0x11, 0xa0, 0x88, 0x33, 0x22, 0x4,
    0x3, 0xf3, 0x5c, 0x84, 0xdb, 0x85, 0xd9, 0x11,
    0x76, 0x0, 0xf9, 0xff, 0xc1, 0x7f, 0xff, 0xc1,
    0x3f, 0xe0, 0xf, 0xfe, 0x38, 0x98, 0x7, 0xc9,
    0x10, 0xe, 0x88, 0xfe, 0x1e, 0x88, 0x0, 0x42,
    0x6, 0xee, 0x5, 0x77, 0xfe, 0x4, 0x77, 0x0,
    0x3a, 0xc4, 0x3, 0xff, 0x8e, 0x8c,

    /* U+F124 "" */
    0x0, 0xff, 0xe3, 0x2b, 0x0, 0x7f, 0xf1, 0x45,
    0xfa, 0xa6, 0x80, 0x3f, 0xf8, 0x43, 0x1d, 0x2,
    0x0, 0x50, 0xf, 0xfe, 0x1, 0x57, 0x38, 0x7,
    0x28, 0x7, 0xf9, 0x2f, 0x54, 0x3, 0xe9, 0x0,
    0xfc, 0xb9, 0x68, 0x1, 0xf9, 0xc, 0x3, 0xcd,
    0xb4, 0x60, 0x1f, 0xef, 0x0, 0xc3, 0x1d, 0x24,
    0x1, 0xff, 0x12, 0x0, 0x4b, 0xce, 0x20, 0x1f,
    0xfc, 0x18, 0x0, 0xd6, 0x1, 0xff, 0xc3, 0x15,
    0x0, 0xc6, 0x1, 0xff, 0xc3, 0x90, 0xe, 0xf5,
    0x33, 0xf1, 0x0, 0x7c, 0xe0, 0x1c, 0x55, 0x99,
    0xe9, 0x0, 0xf3, 0x80, 0x7f, 0xf2, 0x64, 0x3,
    0xff, 0x90, 0xc2, 0x1, 0xff, 0xc8, 0xb0, 0xf,
    0xfe, 0x42, 0x10, 0x7, 0xff, 0x22, 0x0, 0x3f,
    0xf8, 0x8e, 0x1, 0x19, 0x80, 0x3f, 0xf8, 0x86,
    0x20, 0x8, 0x0, 0xff, 0xe3, 0x64, 0x62, 0x0,
    0x7e,

    /* U+F15A "" */
    0x0, 0xc8, 0x80, 0x45, 0x0, 0xff, 0xae, 0x82,
    0x68, 0x40, 0x3f, 0xf9, 0x44, 0x67, 0x0, 0xa0,
    0x1, 0x40, 0x3d, 0xd9, 0x90, 0x2, 0xc8, 0x2f,
    0xec, 0xc0, 0x25, 0x20, 0xf, 0xe4, 0xc3, 0x0,
    0x4e, 0xc8, 0x5, 0xfe, 0xe7, 0x0, 0xa4, 0x3,
    0x18, 0x7, 0xc, 0x10, 0x1, 0x80, 0x3f, 0xf8,
    0x6, 0x0, 0x50, 0xf, 0xc6, 0x8d, 0x82, 0x5,
    0x0, 0x1f, 0xb2, 0xe4, 0xc0, 0xc, 0x40, 0x1f,
    0x95, 0x48, 0x20, 0x4, 0xc4, 0x0, 0xfa, 0xa9,
    0x7c, 0xe0, 0x17, 0x80, 0x7f, 0xd0, 0x1, 0x28,
    0x7, 0xfc, 0x60, 0x11, 0x80, 0x9e, 0x0, 0x46,
    0x64, 0x8c, 0x0, 0x94, 0x27, 0x18, 0x2, 0xcc,
    0x5b, 0x80, 0x47, 0x0, 0x40, 0x1f, 0xc2, 0x95,
    0x80, 0xa, 0xff, 0x80, 0x78, 0x83, 0xb9, 0x6a,
    0x1, 0xfc, 0x20, 0x1f, 0xfc, 0x14, 0x40, 0x22,
    0x0, 0x3e,

    /* U+F15B "" */
    0x24, 0x4f, 0x8c, 0xc, 0x3, 0x6d, 0xdf, 0xde,
    0x18, 0xc0, 0x1f, 0xfc, 0x29, 0x60, 0xf, 0xfe,
    0x14, 0xb0, 0x7, 0xff, 0xa, 0x58, 0x3, 0xfc,
    0x89, 0xb4, 0x3, 0xf1, 0xd, 0xdf, 0x0, 0x7e,
    0x1e, 0xff, 0xe0, 0xf, 0xff, 0xf8, 0x7, 0xff,
    0xfc, 0x3, 0xff, 0xa4, 0xe8, 0x9f, 0xfc, 0x17,

    /* U+F164 "" */
    0x0, 0xff, 0x89, 0xcc, 0x3, 0xff, 0x8b, 0x31,
    0x8c, 0x1, 0xff, 0xc3, 0x14, 0x0, 0x58, 0x7,
    0xff, 0xd, 0x0, 0x22, 0x0, 0xff, 0xe1, 0xc8,
    0x4, 0x40, 0x1f, 0xfc, 0x27, 0x30, 0x9, 0x40,
    0x3f, 0xf8, 0x29, 0x0, 0x1a, 0x40, 0x3f, 0xf8,
    0x3, 0x40, 0x18, 0x6e, 0xaa, 0x60, 0xf, 0xda,
    0x20, 0x18, 0x55, 0x74, 0xcd, 0x99, 0x40, 0x41,
    0x80, 0x7f, 0xcc, 0xc3, 0x39, 0xc1, 0x0, 0x3f,
    0xf8, 0x4, 0x1, 0xff, 0xc7, 0x80, 0xf, 0xfe,
    0x39, 0x80, 0x7f, 0xf1, 0xcc, 0x3, 0xff, 0x8e,
    0xa0, 0x1f, 0xfd, 0xa3, 0x0, 0x1f, 0x18, 0x7,
    0xff, 0xa, 0x40, 0x3e, 0xa3, 0x0, 0xff, 0x8,
    0x0, 0xf8, 0xc0, 0xd, 0x9a, 0xc2, 0x1, 0xe3,
    0x40, 0xa7, 0x7a, 0x80, 0x22, 0x9e, 0xc9, 0x88,
    0x4e, 0x60, 0x0,

    /* U+F165 "" */
    0x0, 0xff, 0xe0, 0x1a, 0x20, 0xc0, 0x3f, 0xf8,
    0x2b, 0x7f, 0x97, 0x6c, 0xf8, 0x0, 0x6f, 0xfd,
    0xa0, 0x73, 0xd4, 0x80, 0x1e, 0x73, 0x2, 0x0,
    0x88, 0x21, 0x84, 0x3, 0xf9, 0xc0, 0x3e, 0x70,
    0xf, 0xfb, 0xc0, 0x3f, 0xf8, 0xe8, 0x1, 0xff,
    0xdc, 0x40, 0xf, 0xfe, 0x39, 0x80, 0x8, 0x3,
    0xff, 0x88, 0x40, 0xba, 0xa0, 0x1f, 0xfc, 0x39,
    0x4, 0x64, 0x0, 0x30, 0x7, 0xff, 0x0, 0xc4,
    0x52, 0x22, 0xb, 0x10, 0xf, 0xf9, 0x3f, 0x32,
    0xf0, 0x1d, 0x0, 0xf1, 0x16, 0x5a, 0x13, 0x38,
    0x40, 0x7, 0x0, 0x18, 0x77, 0x75, 0x8, 0x7,
    0xe7, 0x40, 0x8, 0x58, 0x3, 0xff, 0x85, 0x64,
    0x1, 0x50, 0x7, 0xff, 0xe, 0xc0, 0x23, 0x0,
    0xff, 0xe1, 0xa0, 0x4, 0x20, 0x1f, 0xfc, 0x32,
    0x20, 0x1, 0x80, 0x3f, 0xf8, 0x9c, 0xb3, 0x0,
    0x1c,

    /* U+F1E0 "" */
    0x0, 0xff, 0xe0, 0x23, 0xb0, 0x80, 0x7f, 0xf0,
    0x6e, 0xd1, 0x3c, 0x80, 0x1f, 0xf4, 0x20, 0x6,
    0xb1, 0x0, 0xff, 0x30, 0x7, 0x9c, 0x3, 0xfc,
    0x20, 0x1e, 0x10, 0xf, 0xe9, 0x0, 0xf8, 0xc0,
    0x23, 0x20, 0x2, 0xf3, 0x0, 0x79, 0x10, 0xf,
    0xf9, 0xb9, 0x74, 0x20, 0x94, 0x80, 0x2f, 0x60,
    0xd0, 0x1, 0x1a, 0x0, 0xd5, 0xad, 0xff, 0x40,
    0x2, 0xc0, 0x3c, 0x9e, 0xa0, 0x1f, 0x88, 0x3,
    0xd8, 0x20, 0x1f, 0xc4, 0x1, 0xec, 0x10, 0xf,
    0xeb, 0x0, 0xf2, 0x7b, 0x0, 0x7e, 0x68, 0x0,
    0x8d, 0x40, 0x67, 0x16, 0xff, 0xa0, 0x2, 0x7f,
    0xcd, 0xca, 0xb1, 0x3, 0xa4, 0x1, 0x7b, 0x0,
    0xc6, 0x40, 0x4, 0xe7, 0x0, 0xf2, 0x20, 0x3,
    0xfa, 0x0, 0x3e, 0x30, 0xf, 0xf0, 0x80, 0x78,
    0x40, 0x3f, 0xcc, 0x1, 0xe7, 0x0, 0xff, 0x42,
    0x0, 0x6b, 0x10, 0xf, 0xfa, 0xed, 0x13, 0xc8,
    0x0,

    /* U+F1EB "" */
    0x0, 0xff, 0x11, 0xa1, 0x90, 0x7, 0xff, 0x10,
    0xe3, 0x3f, 0x72, 0xf3, 0x7f, 0x20, 0xc0, 0x3f,
    0xcd, 0xb8, 0xe6, 0x1, 0xf1, 0xbe, 0x6b, 0x0,
    0x78, 0xf6, 0x48, 0x3, 0xc2, 0x1, 0xe2, 0x9d,
    0x30, 0xa, 0x30, 0x80, 0x24, 0x8d, 0xff, 0x77,
    0xfb, 0x61, 0x0, 0x22, 0xc8, 0xa, 0x70, 0x9,
    0x76, 0xdc, 0x80, 0x38, 0x9e, 0xf5, 0x40, 0x27,
    0xa1, 0x0, 0x16, 0x51, 0x0, 0x7f, 0xc5, 0x58,
    0x40, 0x1, 0xb4, 0x5c, 0x30, 0x9, 0x67, 0x7b,
    0xfb, 0x65, 0x40, 0x23, 0xc5, 0x4b, 0xb, 0xa1,
    0x0, 0x36, 0xd3, 0x10, 0x80, 0x93, 0x56, 0xb0,
    0x0, 0x6a, 0xc0, 0x38, 0x6e, 0x48, 0x3, 0xf8,
    0xa6, 0xc4, 0x3, 0xf4, 0xa0, 0x4, 0xb5, 0x9b,
    0x94, 0xa0, 0x12, 0x48, 0x7, 0xe8, 0x30, 0x4e,
    0xa5, 0x32, 0x35, 0xae, 0x40, 0x38, 0x0, 0xfe,
    0xcb, 0xb0, 0x80, 0x7c, 0x37, 0x6c, 0x0, 0xff,
    0x90, 0x2, 0x19, 0xd9, 0x10, 0x9, 0x0, 0x3f,
    0xf8, 0x96, 0xc4, 0xd6, 0x1, 0xff, 0xc8, 0x50,
    0x9, 0x40, 0x3f, 0xf9, 0x6, 0x1, 0x18, 0x7,
    0xff, 0x23, 0xc4, 0x7, 0xc0, 0x3f, 0xf9, 0x7,
    0xdd, 0x18, 0x7, 0xf8,

    /* U+F240 "" */
    0x17, 0x88, 0xff, 0xe4, 0x30, 0x3, 0x61, 0xdf,
    0xff, 0x91, 0x30, 0x6, 0x1, 0xff, 0xca, 0x40,
    0x9, 0xff, 0xff, 0xf8, 0xc6, 0x7, 0xa0, 0x12,
    0x7f, 0xff, 0xf1, 0x0, 0x31, 0x0, 0x7f, 0xf2,
    0x65, 0x0, 0x3f, 0xf9, 0x6a, 0x60, 0x1f, 0xfe,
    0x4c, 0x70, 0xe, 0x4f, 0xff, 0xfe, 0x20, 0x7,
    0xc9, 0x11, 0xff, 0xc6, 0x20, 0x2b, 0x10, 0x37,
    0x7f, 0xfe, 0x30, 0x83, 0xa5, 0x8, 0x7, 0xff,
    0x20, 0xe0, 0x0,

    /* U+F241 "" */
    0x17, 0x88, 0xff, 0xe4, 0x30, 0x3, 0x61, 0xdf,
    0xff, 0x91, 0x30, 0x6, 0x1, 0xff, 0xca, 0x40,
    0x9, 0xff, 0xff, 0xf8, 0xc6, 0x7, 0xa0, 0x10,
    0xff, 0xff, 0xf0, 0x18, 0x3, 0xe2, 0x0, 0xff,
    0xe4, 0xca, 0x0, 0x7f, 0xf2, 0xd4, 0xc0, 0x3f,
    0xfc, 0x98, 0xe0, 0x1c, 0x3f, 0xff, 0xfc, 0x6,
    0x0, 0xff, 0x24, 0x47, 0xff, 0x18, 0x80, 0xac,
    0x40, 0xdd, 0xff, 0xf8, 0xc2, 0xe, 0x94, 0x20,
    0x1f, 0xfc, 0x83, 0x80,

    /* U+F242 "" */
    0x17, 0x88, 0xff, 0xe4, 0x30, 0x3, 0x61, 0xdf,
    0xff, 0x91, 0x30, 0x6, 0x1, 0xff, 0xca, 0x40,
    0x9, 0xff, 0xff, 0xf8, 0xc6, 0x7, 0xa0, 0x10,
    0xff, 0xfe, 0xa0, 0xf, 0xf8, 0x80, 0x3f, 0xf9,
    0x32, 0x80, 0x1f, 0xfc, 0xb5, 0x30, 0xf, 0xff,
    0x26, 0x38, 0x7, 0xf, 0xff, 0xea, 0x0, 0xff,
    0xe1, 0x24, 0x47, 0xff, 0x18, 0x80, 0xac, 0x40,
    0xdd, 0xff, 0xf8, 0xc2, 0xe, 0x94, 0x20, 0x1f,
    0xfc, 0x83, 0x80,

    /* U+F243 "" */
    0x17, 0x88, 0xff, 0xe4, 0x30, 0x3, 0x61, 0xdf,
    0xff, 0x91, 0x30, 0x6, 0x1, 0xff, 0xca, 0x40,
    0x9, 0xff, 0xff, 0xf8, 0xc6, 0x7, 0xa0, 0x10,
    0xff, 0xee, 0x0, 0xff, 0xe1, 0x90, 0x7, 0xff,
    0x26, 0x50, 0x3, 0xff, 0x96, 0xa6, 0x1, 0xff,
    0xe4, 0xc7, 0x0, 0xe1, 0xff, 0xdc, 0x1, 0xff,
    0xc6, 0x48, 0x8f, 0xfe, 0x31, 0x1, 0x58, 0x81,
    0xbb, 0xff, 0xf1, 0x84, 0x1d, 0x28, 0x40, 0x3f,
    0xf9, 0x7, 0x0,

    /* U+F244 "" */
    0x17, 0x88, 0xff, 0xe4, 0x30, 0x3, 0x61, 0xdf,
    0xff, 0x91, 0x30, 0x6, 0x1, 0xff, 0xca, 0x40,
    0x9, 0xff, 0xff, 0xf8, 0xc6, 0x7, 0xa0, 0x1f,
    0xfc, 0xc2, 0x0, 0xff, 0xe4, 0xca, 0x0, 0x7f,
    0xf2, 0xd4, 0xc0, 0x3f, 0xfc, 0x98, 0xe0, 0x1f,
    0xfd, 0x14, 0x88, 0xff, 0xe3, 0x10, 0x15, 0x88,
    0x1b, 0xbf, 0xff, 0x18, 0x41, 0xd2, 0x84, 0x3,
    0xff, 0x90, 0x70, 0x0,

    /* U+F287 "" */
    0x0, 0xff, 0xe1, 0x8, 0x7, 0xff, 0x33, 0x3b,
    0x84, 0x1, 0xff, 0xc7, 0x7c, 0xd3, 0x1, 0xb0,
    0xf, 0xfe, 0x34, 0xc3, 0xb0, 0x7, 0xff, 0x24,
    0x9a, 0x2e, 0xca, 0x7, 0x0, 0x1f, 0xf1, 0x90,
    0x6, 0xb1, 0x70, 0x5, 0x7e, 0x8, 0x7, 0xf1,
    0x6e, 0x6c, 0x80, 0x5, 0xa0, 0x3, 0xfc, 0x38,
    0x60, 0x17, 0x10, 0x1, 0x98, 0x7a, 0xa, 0x67,
    0xfe, 0x43, 0xc9, 0x10, 0x30, 0xd, 0x38, 0x61,
    0x99, 0xff, 0x50, 0x1, 0xb0, 0xc, 0x3, 0x4e,
    0x65, 0x62, 0x59, 0x9f, 0xa8, 0x0, 0xb8, 0x1c,
    0x40, 0x6, 0x61, 0x9c, 0x96, 0x40, 0x67, 0xf2,
    0x1e, 0x50, 0x81, 0x6e, 0x6c, 0x80, 0x72, 0x94,
    0x80, 0x7c, 0x38, 0x60, 0x1c, 0x64, 0x1, 0xf5,
    0xa9, 0x85, 0x7f, 0xce, 0x1, 0xff, 0xc5, 0x63,
    0xda, 0x40, 0xb, 0xc0, 0x3f, 0xf8, 0xd8, 0xc2,
    0x1, 0xff, 0xcc, 0x8b, 0x40, 0xb, 0xc0, 0x3f,
    0xf9, 0x37, 0xbb, 0x38, 0x7, 0x80,

    /* U+F293 "" */
    0x0, 0xf1, 0xa1, 0x88, 0x7, 0xf1, 0xdf, 0xe5,
    0xe7, 0x71, 0xc0, 0x3c, 0xd8, 0x80, 0x5, 0x0,
    0xc, 0x58, 0x6, 0x49, 0x0, 0xd6, 0xc0, 0x12,
    0x40, 0x5, 0x20, 0x1e, 0x95, 0x0, 0x9c, 0x40,
    0xc8, 0x3, 0xea, 0x40, 0x9, 0xc1, 0x0, 0x4,
    0xe0, 0x13, 0x32, 0xcc, 0x1, 0x81, 0xa0, 0x5,
    0x88, 0x0, 0x52, 0x3e, 0x0, 0x70, 0x60, 0x3,
    0xbd, 0x20, 0x78, 0x1a, 0x0, 0x20, 0x10, 0xa,
    0x1d, 0x85, 0x4b, 0x4, 0x3, 0x18, 0x6, 0x86,
    0x0, 0x69, 0x0, 0x7f, 0xca, 0x0, 0xb0, 0xf,
    0x18, 0x6, 0xc3, 0x1, 0x77, 0x0, 0x70, 0x80,
    0x58, 0x76, 0x2e, 0xe8, 0x60, 0xc, 0xa0, 0x9,
    0x3b, 0x43, 0x9, 0xb, 0x0, 0x10, 0x78, 0x2,
    0x71, 0x0, 0x7, 0x85, 0x80, 0x7, 0x7, 0x0,
    0x8c, 0x2, 0x50, 0xc1, 0x0, 0x78, 0xb, 0x0,
    0x78, 0xb0, 0x40, 0x2, 0xa0, 0x9, 0x20, 0xc,
    0xd8, 0x20, 0x15, 0x80, 0x6c, 0x50, 0xa, 0xc4,
    0x2, 0x95, 0x0, 0xc3, 0x5b, 0xa, 0x88, 0x6a,
    0xf6, 0x0, 0x80,

    /* U+F2EA "" */
    0x0, 0xfe, 0x22, 0x8, 0x7, 0xf0, 0x80, 0x43,
    0x1b, 0xfb, 0xae, 0xd8, 0x10, 0xe, 0x8e, 0x60,
    0x6e, 0x72, 0x0, 0xc4, 0xfc, 0xe0, 0x18, 0x42,
    0x6e, 0x40, 0x3f, 0xd1, 0x40, 0x1e, 0x40, 0x0,
    0xc6, 0xff, 0xba, 0x48, 0x0, 0xb2, 0x1, 0xf1,
    0x7b, 0x90, 0x0, 0x5b, 0x54, 0x0, 0xca, 0x1,
    0xe2, 0x70, 0xf, 0xa9, 0x0, 0x10, 0x1, 0xf4,
    0xa0, 0x7, 0xd4, 0x0, 0x24, 0xf1, 0x0, 0xc2,
    0x1, 0xf8, 0x54, 0x1, 0x8d, 0xdf, 0xfb, 0x90,
    0x3, 0xf6, 0x80, 0xc, 0x3, 0xff, 0x88, 0x20,
    0x1f, 0xfc, 0x71, 0x0, 0x8, 0x7, 0xff, 0x13,
    0x0, 0x4, 0x1, 0xff, 0xc3, 0x24, 0x0, 0x60,
    0x7, 0xff, 0xe, 0x40, 0x2, 0x80, 0x18, 0x64,
    0x40, 0x3e, 0xa4, 0x0, 0x58, 0x6, 0x1c, 0x6f,
    0x72, 0x0, 0xb, 0x6a, 0x80, 0x15, 0x40, 0x19,
    0xc8, 0x6, 0x37, 0xfd, 0xd2, 0x40, 0x4, 0xa0,
    0xe, 0x69, 0x0, 0xff, 0x3d, 0x80, 0x7c, 0xdd,
    0x4, 0x1, 0x89, 0xb6, 0x0, 0x3f, 0x85, 0xf7,
    0xf7, 0x5f, 0xb2, 0x40, 0x1c,

    /* U+F2ED "" */
    0x0, 0xe2, 0xab, 0xbc, 0xe0, 0x1e, 0x57, 0x7d,
    0xca, 0x89, 0xa1, 0xdf, 0x8a, 0xa2, 0x31, 0x80,
    0x7a, 0x23, 0x94, 0x40, 0x3f, 0xf8, 0x83, 0xdf,
    0xff, 0xfc, 0x46, 0x6, 0x88, 0xff, 0xe1, 0x10,
    0x2, 0x9d, 0xff, 0xf8, 0x4c, 0x1, 0xff, 0xcb,
    0x88, 0x0, 0x31, 0x0, 0x78, 0x40, 0x3f, 0x8,
    0x80, 0x2, 0x20, 0x0, 0x80, 0x7f, 0xff, 0xc0,
    0x3f, 0xfe, 0x2, 0x20, 0x0, 0x88, 0x0, 0x20,
    0x1e, 0x70, 0x4, 0x40, 0x1, 0x88, 0x3, 0xc2,
    0x0, 0x70, 0x6, 0x0, 0x7f, 0xf0, 0x44, 0xc0,
    0xf, 0x50, 0xef, 0xfe, 0x8c, 0x0, 0x0,

    /* U+F304 "" */
    0x0, 0xff, 0xe1, 0x8b, 0x20, 0x7, 0xff, 0x14,
    0x72, 0x6e, 0x0, 0x3f, 0xf8, 0x63, 0xe4, 0x0,
    0x78, 0x0, 0xff, 0xe1, 0x30, 0x80, 0x67, 0x80,
    0xf, 0xf8, 0x65, 0xdc, 0x1, 0xce, 0x1, 0xfe,
    0x1f, 0x6b, 0x87, 0x0, 0xc6, 0x1, 0xfc, 0x3e,
    0x20, 0x97, 0xe, 0x0, 0x1e, 0x0, 0xfc, 0x3e,
    0x20, 0x12, 0x5c, 0x38, 0xf9, 0x0, 0x7c, 0x3e,
    0x20, 0x1c, 0x97, 0x1e, 0x20, 0x1f, 0xf, 0x88,
    0x7, 0xca, 0x22, 0x0, 0xf8, 0x7c, 0x40, 0x3e,
    0x1c, 0x10, 0xf, 0x87, 0xc4, 0x3, 0xe1, 0xc2,
    0x0, 0xf8, 0x7c, 0x40, 0x3e, 0x1c, 0x20, 0xf,
    0x87, 0xc4, 0x3, 0xe1, 0xc2, 0x0, 0xf8, 0x7c,
    0x40, 0x3e, 0x1c, 0x20, 0xf, 0xd2, 0x20, 0x1f,
    0xe, 0x10, 0x7, 0xf1, 0x0, 0x7c, 0x38, 0x40,
    0x1f, 0xe6, 0x0, 0xf0, 0xe1, 0x0, 0x7f, 0xc4,
    0x1, 0xc3, 0x84, 0x1, 0xff, 0xc0, 0x10, 0xc,
    0x38, 0x40, 0x1f, 0xfc, 0x1a, 0x8a, 0xce, 0xe1,
    0x0, 0x7f, 0xf0, 0x40,

    /* U+F379 "" */
    0x0, 0xfe, 0x11, 0x0, 0x7f, 0xf0, 0x86, 0x37,
    0xfb, 0x9f, 0x8e, 0x1, 0xfe, 0x7e, 0x72, 0x0,
    0xc7, 0x1c, 0xa0, 0x1f, 0x54, 0x0, 0x7f, 0xd,
    0x40, 0x7, 0x4a, 0x80, 0x73, 0x99, 0x0, 0x67,
    0x70, 0x4, 0xac, 0x1, 0xa, 0x94, 0x87, 0xa0,
    0x6, 0x83, 0x0, 0x40, 0x6, 0x28, 0xd1, 0x82,
    0x50, 0xe, 0x80, 0x42, 0x0, 0xc7, 0x20, 0x42,
    0x1c, 0xc0, 0x19, 0x7, 0x0, 0x3c, 0x61, 0x54,
    0xd0, 0x90, 0xe, 0x72, 0x0, 0xf6, 0x7, 0x93,
    0x80, 0x7d, 0xc2, 0x1, 0xe4, 0x4, 0xda, 0xb,
    0x0, 0xe1, 0x10, 0x7, 0x18, 0x26, 0x71, 0x86,
    0x0, 0x70, 0x90, 0x6, 0x9f, 0xc, 0x1, 0xa0,
    0x50, 0xe, 0xec, 0x0, 0xe1, 0x8, 0xba, 0x90,
    0x40, 0xe, 0x44, 0x8, 0x5, 0x3e, 0x10, 0x8c,
    0x4d, 0x20, 0x18, 0xc8, 0x20, 0x3, 0x32, 0x89,
    0xe6, 0xc8, 0x7, 0x78, 0x1, 0x94, 0x2, 0x4a,
    0x4f, 0x0, 0xf9, 0xcc, 0x2, 0xa4, 0x0, 0xc4,
    0x60, 0x1e, 0x58, 0x0, 0xeb, 0x60, 0xf, 0xf4,
    0x50, 0x7, 0xd3, 0xac, 0x20, 0x18, 0x9f, 0x9c,
    0x3, 0xf8, 0xa7, 0xb9, 0x9b, 0xdb, 0x2, 0x1,
    0xc0,

    /* U+F55A "" */
    0x0, 0xf3, 0x77, 0xff, 0xff, 0xe, 0xc8, 0x3,
    0xa2, 0x44, 0x3, 0xff, 0x86, 0x92, 0x1, 0xa1,
    0xc0, 0x3f, 0xf8, 0xc8, 0x1, 0x43, 0x80, 0x79,
    0xe8, 0x3, 0x53, 0x80, 0x7e, 0x87, 0x0, 0xf2,
    0x42, 0xd8, 0x2, 0xd6, 0x10, 0x3, 0xd0, 0xe0,
    0x1f, 0x22, 0x1, 0x2e, 0xc8, 0x8, 0x80, 0xe,
    0x87, 0x0, 0xfe, 0xb4, 0x4, 0x40, 0x25, 0x80,
    0x79, 0xc0, 0x3f, 0xea, 0x10, 0xa, 0x80, 0x3e,
    0x70, 0xf, 0xfa, 0x84, 0x2, 0xa0, 0xf, 0xa1,
    0xc0, 0x3f, 0xad, 0x1, 0x10, 0x9, 0x60, 0x1f,
    0x43, 0x80, 0x7c, 0x88, 0x4, 0xbb, 0x20, 0x22,
    0x0, 0x3e, 0x87, 0x0, 0xf2, 0x42, 0xd8, 0x2,
    0xd6, 0x10, 0x3, 0xf4, 0x38, 0x7, 0x9e, 0x80,
    0x35, 0x38, 0x7, 0xfa, 0x1c, 0x3, 0xff, 0x8c,
    0x80, 0x1d, 0x12, 0x20, 0x1f, 0xfc, 0x33, 0x90,

    /* U+F58F "" */
    0x0, 0xfe, 0x11, 0x0, 0x7f, 0xf0, 0x85, 0xf3,
    0xfb, 0x9f, 0x8e, 0x20, 0x1f, 0xcf, 0xd0, 0x62,
    0x66, 0x13, 0x8e, 0x70, 0xf, 0xaa, 0x1, 0xf7,
    0xb3, 0x1d, 0xae, 0x11, 0x40, 0x1d, 0x2a, 0x5b,
    0x4, 0x1, 0x8a, 0x34, 0x96, 0x40, 0x25, 0x62,
    0xc2, 0x0, 0xfc, 0x58, 0x4c, 0xa0, 0xb, 0xf,
    0x10, 0xf, 0xf0, 0xf8, 0x58, 0x28, 0xb1, 0x0,
    0x7f, 0xf0, 0x9, 0x85, 0x7c, 0x28, 0x3, 0xff,
    0x85, 0x41, 0xee, 0x6, 0x1, 0xff, 0xc2, 0x30,
    0x72, 0x10, 0x0, 0xaa, 0x0, 0x79, 0x14, 0x40,
    0x2, 0x40, 0x12, 0x75, 0x5a, 0x80, 0x65, 0xba,
    0xe4, 0x0, 0xf4, 0x0, 0x44, 0x1, 0x88, 0x2,
    0x80, 0xf, 0x10, 0x7, 0xff, 0x0, 0x80, 0x3f,
    0xf9, 0x6f, 0x20, 0x1f, 0xfc, 0x49, 0x78, 0x70,
    0x50, 0xf, 0xfe, 0x2, 0x83, 0xc0, 0x5, 0x24,
    0x0, 0x40, 0xc, 0x80, 0x2, 0x90, 0xf, 0x16,
    0xf7, 0xc, 0x3, 0x1f, 0x73, 0x48, 0x2,

    /* U+F7C2 "" */
    0x0, 0xc5, 0x11, 0xf3, 0x98, 0x6, 0x2c, 0x77,
    0xfa, 0x31, 0x80, 0x3, 0xe2, 0x1, 0xfd, 0x0,
    0x38, 0x53, 0xe3, 0x5e, 0x53, 0xee, 0x2, 0x2c,
    0x20, 0xf, 0xfe, 0x6, 0x90, 0x7, 0xff, 0x4,
    0xc0, 0x3f, 0xf8, 0xd3, 0xe3, 0x5e, 0x53, 0xee,
    0x1, 0xff, 0xff, 0x0, 0xff, 0xff, 0x80, 0x7f,
    0xf1, 0x5, 0x80, 0x3f, 0xf8, 0x2d, 0x30, 0xa8,
    0x9f, 0xcb, 0x30,

    /* U+F8A2 "" */
    0x0, 0xff, 0xe3, 0xb8, 0x7, 0xff, 0x1e, 0xa0,
    0x40, 0x38, 0x40, 0x3f, 0xea, 0x50, 0xf, 0x57,
    0x18, 0x7, 0xf9, 0x40, 0x3d, 0x6a, 0xc, 0x1,
    0xff, 0xc4, 0xc4, 0x0, 0xff, 0xe2, 0x8e, 0x18,
    0x5, 0x37, 0x7f, 0xe0, 0xd, 0xa6, 0x1, 0x8d,
    0x13, 0xfc, 0x1, 0x94, 0x3, 0xff, 0x8e, 0x32,
    0xc0, 0x19, 0xa6, 0x7f, 0xf8, 0x16, 0x0, 0x97,
    0x0, 0xb1, 0x9b, 0xff, 0x80, 0x80, 0x14, 0x40,
    0x3, 0xff, 0x90, 0xf4, 0x68, 0x1, 0xff, 0xc2
};


/*---------------------
 *  GLYPH DESCRIPTION
 *--------------------*/

static const lv_font_fmt_txt_glyph_dsc_t glyph_dsc[] = {
    {.bitmap_index = 0, .adv_w = 0, .box_w = 0, .box_h = 0, .ofs_x = 0, .ofs_y = 0} /* id = 0 reserved */,
    {.bitmap_index = 0, .adv_w = 86, .box_w = 0, .box_h = 0, .ofs_x = 0, .ofs_y = 0},
    {.bitmap_index = 0, .adv_w = 86, .box_w = 3, .box_h = 14, .ofs_x = 1, .ofs_y = 0},
    {.bitmap_index = 21, .adv_w = 125, .box_w = 6, .box_h = 6, .ofs_x = 1, .ofs_y = 8},
    {.bitmap_index = 36, .adv_w = 225, .box_w = 14, .box_h = 14, .ofs_x = 0, .ofs_y = 0},
    {.bitmap_index = 123, .adv_w = 199, .box_w = 12, .box_h = 20, .ofs_x = 0, .ofs_y = -3},
    {.bitmap_index = 211, .adv_w = 270, .box_w = 17, .box_h = 14, .ofs_x = 0, .ofs_y = 0},
    {.bitmap_index = 316, .adv_w = 220, .box_w = 14, .box_h = 15, .ofs_x = 0, .ofs_y = -1},
    {.bitmap_index = 409, .adv_w = 67, .box_w = 2, .box_h = 6, .ofs_x = 1, .ofs_y = 8},
    {.bitmap_index = 415, .adv_w = 108, .box_w = 6, .box_h = 19, .ofs_x = 1, .ofs_y = -4},
    {.bitmap_index = 466, .adv_w = 108, .box_w = 5, .box_h = 19, .ofs_x = 0, .ofs_y = -4},
    {.bitmap_index = 516, .adv_w = 128, .box_w = 8, .box_h = 8, .ofs_x = 0, .ofs_y = 7},
    {.bitmap_index = 549, .adv_w = 186, .box_w = 10, .box_h = 10, .ofs_x = 1, .ofs_y = 3},
    {.bitmap_index = 573, .adv_w = 73, .box_w = 4, .box_h = 6, .ofs_x = 0, .ofs_y = -3},
    {.bitmap_index = 585, .adv_w = 123, .box_w = 6, .box_h = 2, .ofs_x = 1, .ofs_y = 5},
    {.bitmap_index = 590, .adv_w = 73, .box_w = 4, .box_h = 3, .ofs_x = 0, .ofs_y = 0},
    {.bitmap_index = 596, .adv_w = 113, .box_w = 9, .box_h = 20, .ofs_x = -1, .ofs_y = -2},
    {.bitmap_index = 660, .adv_w = 213, .box_w = 13, .box_h = 14, .ofs_x = 0, .ofs_y = 0},
    {.bitmap_index = 739, .adv_w = 118, .box_w = 6, .box_h = 14, .ofs_x = 0, .ofs_y = 0},
    {.bitmap_index = 750, .adv_w = 184, .box_w = 11, .box_h = 14, .ofs_x = 0, .ofs_y = 0},
    {.bitmap_index = 814, .adv_w = 183, .box_w = 11, .box_h = 14, .ofs_x = 0, .ofs_y = 0},
    {.bitmap_index = 875, .adv_w = 214, .box_w = 14, .box_h = 14, .ofs_x = 0, .ofs_y = 0},
    {.bitmap_index = 937, .adv_w = 184, .box_w = 11, .box_h = 14, .ofs_x = 0, .ofs_y = 0},
    {.bitmap_index = 1001, .adv_w = 197, .box_w = 12, .box_h = 14, .ofs_x = 0, .ofs_y = 0},
    {.bitmap_index = 1078, .adv_w = 191, .box_w = 12, .box_h = 14, .ofs_x = 0, .ofs_y = 0},
    {.bitmap_index = 1137, .adv_w = 206, .box_w = 12, .box_h = 14, .ofs_x = 0, .ofs_y = 0},
    {.bitmap_index = 1218, .adv_w = 197, .box_w = 12, .box_h = 14, .ofs_x = 0, .ofs_y = 0},
    {.bitmap_index = 1295, .adv_w = 73, .box_w = 4, .box_h = 11, .ofs_x = 0, .ofs_y = 0},
    {.bitmap_index = 1312, .adv_w = 73, .box_w = 4, .box_h = 14, .ofs_x = 0, .ofs_y = -3},
    {.bitmap_index = 1335, .adv_w = 186, .box_w = 10, .box_h = 10, .ofs_x = 1, .ofs_y = 2},
    {.bitmap_index = 1379, .adv_w = 186, .box_w = 10, .box_h = 7, .ofs_x = 1, .ofs_y = 4},
    {.bitmap_index = 1397, .adv_w = 186, .box_w = 10, .box_h = 10, .ofs_x = 1, .ofs_y = 2},
    {.bitmap_index = 1441, .adv_w = 183, .box_w = 11, .box_h = 14, .ofs_x = 0, .ofs_y = 0},
    {.bitmap_index = 1501, .adv_w = 331, .box_w = 20, .box_h = 18, .ofs_x = 0, .ofs_y = -4},
    {.bitmap_index = 1660, .adv_w = 234, .box_w = 16, .box_h = 14, .ofs_x = -1, .ofs_y = 0},
    {.bitmap_index = 1741, .adv_w = 242, .box_w = 13, .box_h = 14, .ofs_x = 2, .ofs_y = 0},
    {.bitmap_index = 1807, .adv_w = 228, .box_w = 14, .box_h = 14, .ofs_x = 0, .ofs_y = 0},
    {.bitmap_index = 1881, .adv_w = 264, .box_w = 14, .box_h = 14, .ofs_x = 2, .ofs_y = 0},
    {.bitmap_index = 1948, .adv_w = 214, .box_w = 11, .box_h = 14, .ofs_x = 2, .ofs_y = 0},
    {.bitmap_index = 1980, .adv_w = 203, .box_w = 10, .box_h = 14, .ofs_x = 2, .ofs_y = 0},
    {.bitmap_index = 2005, .adv_w = 247, .box_w = 14, .box_h = 14, .ofs_x = 0, .ofs_y = 0},
    {.bitmap_index = 2081, .adv_w = 260, .box_w = 13, .box_h = 14, .ofs_x = 2, .ofs_y = 0},
    {.bitmap_index = 2103, .adv_w = 99, .box_w = 3, .box_h = 14, .ofs_x = 2, .ofs_y = 0},
    {.bitmap_index = 2108, .adv_w = 164, .box_w = 10, .box_h = 14, .ofs_x = -1, .ofs_y = 0},
    {.bitmap_index = 2141, .adv_w = 230, .box_w = 13, .box_h = 14, .ofs_x = 2, .ofs_y = 0},
    {.bitmap_index = 2205, .adv_w = 190, .box_w = 10, .box_h = 14, .ofs_x = 2, .ofs_y = 0},
    {.bitmap_index = 2219, .adv_w = 306, .box_w = 15, .box_h = 14, .ofs_x = 2, .ofs_y = 0},
    {.bitmap_index = 2292, .adv_w = 260, .box_w = 13, .box_h = 14, .ofs_x = 2, .ofs_y = 0},
    {.bitmap_index = 2349, .adv_w = 269, .box_w = 16, .box_h = 14, .ofs_x = 0, .ofs_y = 0},
    {.bitmap_index = 2439, .adv_w = 231, .box_w = 12, .box_h = 14, .ofs_x = 2, .ofs_y = 0},
    {.bitmap_index = 2492, .adv_w = 269, .box_w = 17, .box_h = 17, .ofs_x = 0, .ofs_y = -3},
    {.bitmap_index = 2605, .adv_w = 233, .box_w = 12, .box_h = 14, .ofs_x = 2, .ofs_y = 0},
    {.bitmap_index = 2668, .adv_w = 199, .box_w = 12, .box_h = 14, .ofs_x = 0, .ofs_y = 0},
    {.bitmap_index = 2741, .adv_w = 188, .box_w = 12, .box_h = 14, .ofs_x = 0, .ofs_y = 0},
    {.bitmap_index = 2761, .adv_w = 253, .box_w = 13, .box_h = 14, .ofs_x = 1, .ofs_y = 0},
    {.bitmap_index = 2805, .adv_w = 228, .box_w = 16, .box_h = 14, .ofs_x = -1, .ofs_y = 0},
    {.bitmap_index = 2888, .adv_w = 360, .box_w = 22, .box_h = 14, .ofs_x = 0, .ofs_y = 0},
    {.bitmap_index = 3019, .adv_w = 215, .box_w = 14, .box_h = 14, .ofs_x = 0, .ofs_y = 0},
    {.bitmap_index = 3100, .adv_w = 207, .box_w = 15, .box_h = 14, .ofs_x = -1, .ofs_y = 0},
    {.bitmap_index = 3159, .adv_w = 210, .box_w = 13, .box_h = 14, .ofs_x = 0, .ofs_y = 0},
    {.bitmap_index = 3219, .adv_w = 107, .box_w = 5, .box_h = 19, .ofs_x = 2, .ofs_y = -4},
    {.bitmap_index = 3235, .adv_w = 113, .box_w = 9, .box_h = 20, .ofs_x = -1, .ofs_y = -2},
    {.bitmap_index = 3297, .adv_w = 107, .box_w = 5, .box_h = 19, .ofs_x = 0, .ofs_y = -4},
    {.bitmap_index = 3312, .adv_w = 187, .box_w = 10, .box_h = 9, .ofs_x = 1, .ofs_y = 3},
    {.bitmap_index = 3351, .adv_w = 160, .box_w = 10, .box_h = 3, .ofs_x = 0, .ofs_y = -2},
    {.bitmap_index = 3358, .adv_w = 192, .box_w = 6, .box_h = 3, .ofs_x = 2, .ofs_y = 12},
    {.bitmap_index = 3368, .adv_w = 191, .box_w = 10, .box_h = 11, .ofs_x = 1, .ofs_y = 0},
    {.bitmap_index = 3422, .adv_w = 218, .box_w = 12, .box_h = 15, .ofs_x = 1, .ofs_y = 0},
    {.bitmap_index = 3486, .adv_w = 183, .box_w = 11, .box_h = 11, .ofs_x = 0, .ofs_y = 0},
    {.bitmap_index = 3539, .adv_w = 218, .box_w = 12, .box_h = 15, .ofs_x = 0, .ofs_y = 0},
    {.bitmap_index = 3602, .adv_w = 196, .box_w = 12, .box_h = 11, .ofs_x = 0, .ofs_y = 0},
    {.bitmap_index = 3661, .adv_w = 113, .box_w = 8, .box_h = 15, .ofs_x = 0, .ofs_y = 0},
    {.bitmap_index = 3691, .adv_w = 221, .box_w = 12, .box_h = 15, .ofs_x = 0, .ofs_y = -4},
    {.bitmap_index = 3773, .adv_w = 218, .box_w = 11, .box_h = 15, .ofs_x = 1, .ofs_y = 0},
    {.bitmap_index = 3810, .adv_w = 89, .box_w = 4, .box_h = 15, .ofs_x = 1, .ofs_y = 0},
    {.bitmap_index = 3823, .adv_w = 91, .box_w = 7, .box_h = 19, .ofs_x = -2, .ofs_y = -4},
    {.bitmap_index = 3852, .adv_w = 197, .box_w = 12, .box_h = 15, .ofs_x = 1, .ofs_y = 0},
    {.bitmap_index = 3905, .adv_w = 89, .box_w = 3, .box_h = 15, .ofs_x = 1, .ofs_y = 0},
    {.bitmap_index = 3910, .adv_w = 338, .box_w = 19, .box_h = 11, .ofs_x = 1, .ofs_y = 0},
    {.bitmap_index = 3967, .adv_w = 218, .box_w = 11, .box_h = 11, .ofs_x = 1, .ofs_y = 0},
    {.bitmap_index = 4002, .adv_w = 203, .box_w = 12, .box_h = 11, .ofs_x = 0, .ofs_y = 0},
    {.bitmap_index = 4062, .adv_w = 218, .box_w = 12, .box_h = 15, .ofs_x = 1, .ofs_y = -4},
    {.bitmap_index = 4130, .adv_w = 218, .box_w = 12, .box_h = 15, .ofs_x = 0, .ofs_y = -4},
    {.bitmap_index = 4196, .adv_w = 131, .box_w = 7, .box_h = 11, .ofs_x = 1, .ofs_y = 0},
    {.bitmap_index = 4219, .adv_w = 160, .box_w = 10, .box_h = 11, .ofs_x = 0, .ofs_y = 0},
    {.bitmap_index = 4273, .adv_w = 132, .box_w = 8, .box_h = 14, .ofs_x = 0, .ofs_y = 0},
    {.bitmap_index = 4306, .adv_w = 217, .box_w = 11, .box_h = 11, .ofs_x = 1, .ofs_y = 0},
    {.bitmap_index = 4339, .adv_w = 179, .box_w = 13, .box_h = 11, .ofs_x = -1, .ofs_y = 0},
    {.bitmap_index = 4398, .adv_w = 288, .box_w = 18, .box_h = 11, .ofs_x = 0, .ofs_y = 0},
    {.bitmap_index = 4490, .adv_w = 177, .box_w = 11, .box_h = 11, .ofs_x = 0, .ofs_y = 0},
    {.bitmap_index = 4544, .adv_w = 179, .box_w = 13, .box_h = 15, .ofs_x = -1, .ofs_y = -4},
    {.bitmap_index = 4621, .adv_w = 167, .box_w = 10, .box_h = 11, .ofs_x = 0, .ofs_y = 0},
    {.bitmap_index = 4663, .adv_w = 112, .box_w = 6, .box_h = 19, .ofs_x = 1, .ofs_y = -4},
    {.bitmap_index = 4703, .adv_w = 96, .box_w = 2, .box_h = 19, .ofs_x = 2, .ofs_y = -4},
    {.bitmap_index = 4708, .adv_w = 112, .box_w = 6, .box_h = 19, .ofs_x = 0, .ofs_y = -4},
    {.bitmap_index = 4750, .adv_w = 186, .box_w = 10, .box_h = 4, .ofs_x = 1, .ofs_y = 5},
    {.bitmap_index = 4770, .adv_w = 86, .box_w = 0, .box_h = 0, .ofs_x = 0, .ofs_y = 0},
    {.bitmap_index = 4770, .adv_w = 86, .box_w = 3, .box_h = 14, .ofs_x = 1, .ofs_y = -3},
    {.bitmap_index = 4790, .adv_w = 183, .box_w = 11, .box_h = 16, .ofs_x = 0, .ofs_y = -2},
    {.bitmap_index = 4858, .adv_w = 207, .box_w = 13, .box_h = 14, .ofs_x = 0, .ofs_y = 0},
    {.bitmap_index = 4919, .adv_w = 224, .box_w = 14, .box_h = 15, .ofs_x = 0, .ofs_y = -1},
    {.bitmap_index = 5011, .adv_w = 226, .box_w = 16, .box_h = 14, .ofs_x = -1, .ofs_y = 0},
    {.bitmap_index = 5097, .adv_w = 96, .box_w = 2, .box_h = 19, .ofs_x = 2, .ofs_y = -4},
    {.bitmap_index = 5111, .adv_w = 160, .box_w = 10, .box_h = 17, .ofs_x = 0, .ofs_y = -3},
    {.bitmap_index = 5192, .adv_w = 192, .box_w = 6, .box_h = 3, .ofs_x = 3, .ofs_y = 13},
    {.bitmap_index = 5200, .adv_w = 257, .box_w = 16, .box_h = 15, .ofs_x = 0, .ofs_y = 0},
    {.bitmap_index = 5309, .adv_w = 129, .box_w = 7, .box_h = 7, .ofs_x = 0, .ofs_y = 8},
    {.bitmap_index = 5334, .adv_w = 161, .box_w = 10, .box_h = 8, .ofs_x = 0, .ofs_y = 2},
    {.bitmap_index = 5374, .adv_w = 186, .box_w = 10, .box_h = 6, .ofs_x = 1, .ofs_y = 2},
    {.bitmap_index = 5387, .adv_w = 257, .box_w = 16, .box_h = 15, .ofs_x = 0, .ofs_y = 0},
    {.bitmap_index = 5497, .adv_w = 192, .box_w = 8, .box_h = 3, .ofs_x = 2, .ofs_y = 12},
    {.bitmap_index = 5505, .adv_w = 134, .box_w = 8, .box_h = 8, .ofs_x = 0, .ofs_y = 7},
    {.bitmap_index = 5537, .adv_w = 186, .box_w = 10, .box_h = 13, .ofs_x = 1, .ofs_y = 0},
    {.bitmap_index = 5572, .adv_w = 138, .box_w = 8, .box_h = 8, .ofs_x = 0, .ofs_y = 7},
    {.bitmap_index = 5603, .adv_w = 138, .box_w = 8, .box_h = 8, .ofs_x = 0, .ofs_y = 7},
    {.bitmap_index = 5633, .adv_w = 192, .box_w = 6, .box_h = 3, .ofs_x = 4, .ofs_y = 12},
    {.bitmap_index = 5642, .adv_w = 218, .box_w = 11, .box_h = 15, .ofs_x = 1, .ofs_y = -4},
    {.bitmap_index = 5679, .adv_w = 207, .box_w = 11, .box_h = 18, .ofs_x = 0, .ofs_y = -3},
    {.bitmap_index = 5720, .adv_w = 85, .box_w = 3, .box_h = 3, .ofs_x = 1, .ofs_y = 4},
    {.bitmap_index = 5725, .adv_w = 192, .box_w = 5, .box_h = 6, .ofs_x = 3, .ofs_y = -5},
    {.bitmap_index = 5741, .adv_w = 138, .box_w = 7, .box_h = 8, .ofs_x = 1, .ofs_y = 7},
    {.bitmap_index = 5759, .adv_w = 134, .box_w = 8, .box_h = 8, .ofs_x = 0, .ofs_y = 7},
    {.bitmap_index = 5791, .adv_w = 161, .box_w = 10, .box_h = 8, .ofs_x = 0, .ofs_y = 2},
    {.bitmap_index = 5830, .adv_w = 331, .box_w = 20, .box_h = 15, .ofs_x = 1, .ofs_y = -1},
    {.bitmap_index = 5939, .adv_w = 331, .box_w = 19, .box_h = 15, .ofs_x = 1, .ofs_y = -1},
    {.bitmap_index = 6041, .adv_w = 331, .box_w = 21, .box_h = 15, .ofs_x = 0, .ofs_y = -1},
    {.bitmap_index = 6168, .adv_w = 183, .box_w = 11, .box_h = 14, .ofs_x = 1, .ofs_y = -3},
    {.bitmap_index = 6226, .adv_w = 234, .box_w = 16, .box_h = 18, .ofs_x = -1, .ofs_y = 0},
    {.bitmap_index = 6326, .adv_w = 234, .box_w = 16, .box_h = 18, .ofs_x = -1, .ofs_y = 0},
    {.bitmap_index = 6425, .adv_w = 234, .box_w = 16, .box_h = 18, .ofs_x = -1, .ofs_y = 0},
    {.bitmap_index = 6527, .adv_w = 234, .box_w = 16, .box_h = 19, .ofs_x = -1, .ofs_y = 0},
    {.bitmap_index = 6633, .adv_w = 234, .box_w = 16, .box_h = 18, .ofs_x = -1, .ofs_y = 0},
    {.bitmap_index = 6734, .adv_w = 234, .box_w = 16, .box_h = 20, .ofs_x = -1, .ofs_y = 0},
    {.bitmap_index = 6844, .adv_w = 335, .box_w = 21, .box_h = 14, .ofs_x = -1, .ofs_y = 0},
    {.bitmap_index = 6934, .adv_w = 228, .box_w = 14, .box_h = 19, .ofs_x = 0, .ofs_y = -5},
    {.bitmap_index = 7031, .adv_w = 214, .box_w = 11, .box_h = 18, .ofs_x = 2, .ofs_y = 0},
    {.bitmap_index = 7078, .adv_w = 214, .box_w = 11, .box_h = 18, .ofs_x = 2, .ofs_y = 0},
    {.bitmap_index = 7126, .adv_w = 214, .box_w = 11, .box_h = 18, .ofs_x = 2, .ofs_y = 0},
    {.bitmap_index = 7178, .adv_w = 214, .box_w = 11, .box_h = 18, .ofs_x = 2, .ofs_y = 0},
    {.bitmap_index = 7226, .adv_w = 99, .box_w = 6, .box_h = 18, .ofs_x = -1, .ofs_y = 0},
    {.bitmap_index = 7245, .adv_w = 99, .box_w = 6, .box_h = 18, .ofs_x = 1, .ofs_y = 0},
    {.bitmap_index = 7264, .adv_w = 99, .box_w = 8, .box_h = 18, .ofs_x = -1, .ofs_y = 0},
    {.bitmap_index = 7290, .adv_w = 99, .box_w = 6, .box_h = 18, .ofs_x = 0, .ofs_y = 0},
    {.bitmap_index = 7307, .adv_w = 267, .box_w = 16, .box_h = 14, .ofs_x = 0, .ofs_y = 0},
    {.bitmap_index = 7389, .adv_w = 260, .box_w = 13, .box_h = 19, .ofs_x = 2, .ofs_y = 0},
    {.bitmap_index = 7470, .adv_w = 269, .box_w = 16, .box_h = 19, .ofs_x = 0, .ofs_y = 0},
    {.bitmap_index = 7584, .adv_w = 269, .box_w = 16, .box_h = 19, .ofs_x = 0, .ofs_y = 0},
    {.bitmap_index = 7697, .adv_w = 269, .box_w = 16, .box_h = 19, .ofs_x = 0, .ofs_y = 0},
    {.bitmap_index = 7813, .adv_w = 269, .box_w = 16, .box_h = 19, .ofs_x = 0, .ofs_y = 0},
    {.bitmap_index = 7929, .adv_w = 269, .box_w = 16, .box_h = 19, .ofs_x = 0, .ofs_y = 0},
    {.bitmap_index = 8041, .adv_w = 186, .box_w = 8, .box_h = 9, .ofs_x = 2, .ofs_y = 3},
    {.bitmap_index = 8076, .adv_w = 269, .box_w = 16, .box_h = 18, .ofs_x = 0, .ofs_y = -2},
    {.bitmap_index = 8198, .adv_w = 253, .box_w = 13, .box_h = 19, .ofs_x = 1, .ofs_y = 0},
    {.bitmap_index = 8262, .adv_w = 253, .box_w = 13, .box_h = 19, .ofs_x = 1, .ofs_y = 0},
    {.bitmap_index = 8326, .adv_w = 253, .box_w = 13, .box_h = 19, .ofs_x = 1, .ofs_y = 0},
    {.bitmap_index = 8394, .adv_w = 253, .box_w = 13, .box_h = 19, .ofs_x = 1, .ofs_y = 0},
    {.bitmap_index = 8456, .adv_w = 207, .box_w = 15, .box_h = 18, .ofs_x = -1, .ofs_y = 0},
    {.bitmap_index = 8532, .adv_w = 231, .box_w = 12, .box_h = 14, .ofs_x = 2, .ofs_y = 0},
    {.bitmap_index = 8592, .adv_w = 216, .box_w = 12, .box_h = 15, .ofs_x = 1, .ofs_y = 0},
    {.bitmap_index = 8666, .adv_w = 191, .box_w = 10, .box_h = 15, .ofs_x = 1, .ofs_y = 0},
    {.bitmap_index = 8735, .adv_w = 191, .box_w = 10, .box_h = 15, .ofs_x = 1, .ofs_y = 0},
    {.bitmap_index = 8804, .adv_w = 191, .box_w = 10, .box_h = 15, .ofs_x = 1, .ofs_y = 0},
    {.bitmap_index = 8877, .adv_w = 191, .box_w = 10, .box_h = 15, .ofs_x = 1, .ofs_y = 0},
    {.bitmap_index = 8951, .adv_w = 191, .box_w = 10, .box_h = 15, .ofs_x = 1, .ofs_y = 0},
    {.bitmap_index = 9021, .adv_w = 191, .box_w = 10, .box_h = 17, .ofs_x = 1, .ofs_y = 0},
    {.bitmap_index = 9099, .adv_w = 316, .box_w = 18, .box_h = 11, .ofs_x = 1, .ofs_y = 0},
    {.bitmap_index = 9190, .adv_w = 183, .box_w = 11, .box_h = 16, .ofs_x = 0, .ofs_y = -5},
    {.bitmap_index = 9265, .adv_w = 196, .box_w = 12, .box_h = 15, .ofs_x = 0, .ofs_y = 0},
    {.bitmap_index = 9339, .adv_w = 196, .box_w = 12, .box_h = 15, .ofs_x = 0, .ofs_y = 0},
    {.bitmap_index = 9413, .adv_w = 196, .box_w = 12, .box_h = 15, .ofs_x = 0, .ofs_y = 0},
    {.bitmap_index = 9491, .adv_w = 196, .box_w = 12, .box_h = 15, .ofs_x = 0, .ofs_y = 0},
    {.bitmap_index = 9566, .adv_w = 89, .box_w = 6, .box_h = 15, .ofs_x = -1, .ofs_y = 0},
    {.bitmap_index = 9584, .adv_w = 89, .box_w = 6, .box_h = 15, .ofs_x = 1, .ofs_y = 0},
    {.bitmap_index = 9601, .adv_w = 89, .box_w = 7, .box_h = 15, .ofs_x = -1, .ofs_y = 0},
    {.bitmap_index = 9622, .adv_w = 89, .box_w = 6, .box_h = 15, .ofs_x = 0, .ofs_y = 0},
    {.bitmap_index = 9636, .adv_w = 191, .box_w = 11, .box_h = 16, .ofs_x = 0, .ofs_y = 0},
    {.bitmap_index = 9718, .adv_w = 218, .box_w = 11, .box_h = 15, .ofs_x = 1, .ofs_y = 0},
    {.bitmap_index = 9773, .adv_w = 203, .box_w = 12, .box_h = 15, .ofs_x = 0, .ofs_y = 0},
    {.bitmap_index = 9848, .adv_w = 203, .box_w = 12, .box_h = 15, .ofs_x = 0, .ofs_y = 0},
    {.bitmap_index = 9923, .adv_w = 203, .box_w = 12, .box_h = 15, .ofs_x = 0, .ofs_y = 0},
    {.bitmap_index = 10002, .adv_w = 203, .box_w = 12, .box_h = 15, .ofs_x = 0, .ofs_y = 0},
    {.bitmap_index = 10081, .adv_w = 203, .box_w = 12, .box_h = 15, .ofs_x = 0, .ofs_y = 0},
    {.bitmap_index = 10157, .adv_w = 186, .box_w = 10, .box_h = 11, .ofs_x = 1, .ofs_y = 2},
    {.bitmap_index = 10192, .adv_w = 203, .box_w = 12, .box_h = 15, .ofs_x = 0, .ofs_y = -2},
    {.bitmap_index = 10275, .adv_w = 217, .box_w = 11, .box_h = 15, .ofs_x = 1, .ofs_y = 0},
    {.bitmap_index = 10323, .adv_w = 217, .box_w = 11, .box_h = 15, .ofs_x = 1, .ofs_y = 0},
    {.bitmap_index = 10371, .adv_w = 217, .box_w = 11, .box_h = 15, .ofs_x = 1, .ofs_y = 0},
    {.bitmap_index = 10423, .adv_w = 217, .box_w = 11, .box_h = 15, .ofs_x = 1, .ofs_y = 0},
    {.bitmap_index = 10473, .adv_w = 179, .box_w = 13, .box_h = 19, .ofs_x = -1, .ofs_y = -4},
    {.bitmap_index = 10566, .adv_w = 218, .box_w = 12, .box_h = 19, .ofs_x = 1, .ofs_y = -4},
    {.bitmap_index = 10637, .adv_w = 179, .box_w = 13, .box_h = 19, .ofs_x = -1, .ofs_y = -4},
    {.bitmap_index = 10731, .adv_w = 160, .box_w = 10, .box_h = 3, .ofs_x = 0, .ofs_y = 4},
    {.bitmap_index = 10738, .adv_w = 320, .box_w = 20, .box_h = 3, .ofs_x = 0, .ofs_y = 4},
    {.bitmap_index = 10748, .adv_w = 73, .box_w = 4, .box_h = 6, .ofs_x = 0, .ofs_y = 9},
    {.bitmap_index = 10761, .adv_w = 73, .box_w = 4, .box_h = 6, .ofs_x = 0, .ofs_y = 9},
    {.bitmap_index = 10773, .adv_w = 133, .box_w = 8, .box_h = 6, .ofs_x = 0, .ofs_y = 9},
    {.bitmap_index = 10798, .adv_w = 133, .box_w = 8, .box_h = 6, .ofs_x = 0, .ofs_y = 9},
    {.bitmap_index = 10823, .adv_w = 100, .box_w = 4, .box_h = 4, .ofs_x = 1, .ofs_y = 4},
    {.bitmap_index = 10832, .adv_w = 221, .box_w = 13, .box_h = 3, .ofs_x = 0, .ofs_y = 0},
    {.bitmap_index = 10852, .adv_w = 260, .box_w = 13, .box_h = 20, .ofs_x = 2, .ofs_y = -3},
    {.bitmap_index = 10943, .adv_w = 230, .box_w = 14, .box_h = 21, .ofs_x = 0, .ofs_y = -3},
    {.bitmap_index = 11042, .adv_w = 230, .box_w = 12, .box_h = 21, .ofs_x = 0, .ofs_y = -3},
    {.bitmap_index = 11113, .adv_w = 320, .box_w = 20, .box_h = 21, .ofs_x = 0, .ofs_y = -3},
    {.bitmap_index = 11223, .adv_w = 320, .box_w = 20, .box_h = 21, .ofs_x = 0, .ofs_y = -3},
    {.bitmap_index = 11385, .adv_w = 320, .box_w = 22, .box_h = 19, .ofs_x = -1, .ofs_y = -2},
    {.bitmap_index = 11510, .adv_w = 360, .box_w = 22, .box_h = 21, .ofs_x = 0, .ofs_y = -3},
    {.bitmap_index = 11645, .adv_w = 320, .box_w = 20, .box_h = 15, .ofs_x = 0, .ofs_y = 0},
    {.bitmap_index = 11757, .adv_w = 320, .box_w = 20, .box_h = 19, .ofs_x = 0, .ofs_y = -2},
    {.bitmap_index = 11844, .adv_w = 320, .box_w = 20, .box_h = 15, .ofs_x = 0, .ofs_y = 0},
    {.bitmap_index = 11944, .adv_w = 220, .box_w = 14, .box_h = 15, .ofs_x = 0, .ofs_y = 0},
    {.bitmap_index = 12035, .adv_w = 320, .box_w = 20, .box_h = 21, .ofs_x = 0, .ofs_y = -3},
    {.bitmap_index = 12210, .adv_w = 320, .box_w = 20, .box_h = 21, .ofs_x = 0, .ofs_y = -3},
    {.bitmap_index = 12375, .adv_w = 320, .box_w = 20, .box_h = 21, .ofs_x = 0, .ofs_y = -3},
    {.bitmap_index = 12534, .adv_w = 320, .box_w = 20, .box_h = 21, .ofs_x = 0, .ofs_y = -3},
    {.bitmap_index = 12687, .adv_w = 360, .box_w = 23, .box_h = 19, .ofs_x = 0, .ofs_y = -2},
    {.bitmap_index = 12830, .adv_w = 320, .box_w = 20, .box_h = 21, .ofs_x = 0, .ofs_y = -3},
    {.bitmap_index = 12934, .adv_w = 360, .box_w = 23, .box_h = 15, .ofs_x = 0, .ofs_y = 0},
    {.bitmap_index = 13031, .adv_w = 320, .box_w = 20, .box_h = 21, .ofs_x = 0, .ofs_y = -3},
    {.bitmap_index = 13186, .adv_w = 160, .box_w = 10, .box_h = 16, .ofs_x = 0, .ofs_y = 0},
    {.bitmap_index = 13224, .adv_w = 240, .box_w = 15, .box_h = 16, .ofs_x = 0, .ofs_y = -1},
    {.bitmap_index = 13298, .adv_w = 360, .box_w = 23, .box_h = 19, .ofs_x = 0, .ofs_y = -2},
    {.bitmap_index = 13452, .adv_w = 280, .box_w = 18, .box_h = 19, .ofs_x = 0, .ofs_y = -2},
    {.bitmap_index = 13551, .adv_w = 320, .box_w = 20, .box_h = 19, .ofs_x = 0, .ofs_y = -2},
    {.bitmap_index = 13665, .adv_w = 320, .box_w = 20, .box_h = 15, .ofs_x = 0, .ofs_y = 0},
    {.bitmap_index = 13760, .adv_w = 220, .box_w = 14, .box_h = 21, .ofs_x = 0, .ofs_y = -3},
    {.bitmap_index = 13863, .adv_w = 280, .box_w = 13, .box_h = 19, .ofs_x = 2, .ofs_y = -2},
    {.bitmap_index = 13931, .adv_w = 280, .box_w = 18, .box_h = 21, .ofs_x = 0, .ofs_y = -3},
    {.bitmap_index = 14033, .adv_w = 280, .box_w = 18, .box_h = 19, .ofs_x = 0, .ofs_y = -2},
    {.bitmap_index = 14090, .adv_w = 280, .box_w = 18, .box_h = 19, .ofs_x = 0, .ofs_y = -2},
    {.bitmap_index = 14131, .adv_w = 280, .box_w = 13, .box_h = 19, .ofs_x = 2, .ofs_y = -2},
    {.bitmap_index = 14205, .adv_w = 280, .box_w = 19, .box_h = 19, .ofs_x = -1, .ofs_y = -2},
    {.bitmap_index = 14304, .adv_w = 200, .box_w = 11, .box_h = 19, .ofs_x = 1, .ofs_y = -2},
    {.bitmap_index = 14389, .adv_w = 200, .box_w = 11, .box_h = 19, .ofs_x = 1, .ofs_y = -2},
    {.bitmap_index = 14470, .adv_w = 280, .box_w = 18, .box_h = 19, .ofs_x = 0, .ofs_y = -2},
    {.bitmap_index = 14542, .adv_w = 280, .box_w = 18, .box_h = 5, .ofs_x = 0, .ofs_y = 5},
    {.bitmap_index = 14564, .adv_w = 360, .box_w = 23, .box_h = 15, .ofs_x = 0, .ofs_y = 0},
    {.bitmap_index = 14714, .adv_w = 400, .box_w = 26, .box_h = 21, .ofs_x = -1, .ofs_y = -3},
    {.bitmap_index = 14917, .adv_w = 360, .box_w = 24, .box_h = 21, .ofs_x = -1, .ofs_y = -3},
    {.bitmap_index = 15070, .adv_w = 320, .box_w = 20, .box_h = 19, .ofs_x = 0, .ofs_y = -2},
    {.bitmap_index = 15212, .adv_w = 280, .box_w = 18, .box_h = 11, .ofs_x = 0, .ofs_y = 2},
    {.bitmap_index = 15288, .adv_w = 280, .box_w = 18, .box_h = 11, .ofs_x = 0, .ofs_y = 2},
    {.bitmap_index = 15366, .adv_w = 400, .box_w = 26, .box_h = 16, .ofs_x = 0, .ofs_y = -1},
    {.bitmap_index = 15484, .adv_w = 320, .box_w = 20, .box_h = 15, .ofs_x = 0, .ofs_y = 0},
    {.bitmap_index = 15528, .adv_w = 320, .box_w = 20, .box_h = 21, .ofs_x = 0, .ofs_y = -3},
    {.bitmap_index = 15638, .adv_w = 320, .box_w = 21, .box_h = 21, .ofs_x = -1, .ofs_y = -3},
    {.bitmap_index = 15776, .adv_w = 280, .box_w = 18, .box_h = 19, .ofs_x = 0, .ofs_y = -2},
    {.bitmap_index = 15924, .adv_w = 280, .box_w = 18, .box_h = 21, .ofs_x = 0, .ofs_y = -3},
    {.bitmap_index = 15997, .adv_w = 280, .box_w = 18, .box_h = 19, .ofs_x = 0, .ofs_y = -2},
    {.bitmap_index = 16090, .adv_w = 280, .box_w = 18, .box_h = 17, .ofs_x = 0, .ofs_y = -1},
    {.bitmap_index = 16150, .adv_w = 320, .box_w = 20, .box_h = 15, .ofs_x = 0, .ofs_y = 0},
    {.bitmap_index = 16240, .adv_w = 200, .box_w = 14, .box_h = 21, .ofs_x = -1, .ofs_y = -3},
    {.bitmap_index = 16333, .adv_w = 280, .box_w = 18, .box_h = 21, .ofs_x = 0, .ofs_y = -3},
    {.bitmap_index = 16421, .adv_w = 280, .box_w = 18, .box_h = 21, .ofs_x = 0, .ofs_y = -3},
    {.bitmap_index = 16532, .adv_w = 360, .box_w = 23, .box_h = 15, .ofs_x = 0, .ofs_y = 0},
    {.bitmap_index = 16658, .adv_w = 320, .box_w = 22, .box_h = 21, .ofs_x = -1, .ofs_y = -3},
    {.bitmap_index = 16779, .adv_w = 240, .box_w = 16, .box_h = 21, .ofs_x = 0, .ofs_y = -3},
    {.bitmap_index = 16901, .adv_w = 240, .box_w = 15, .box_h = 21, .ofs_x = 0, .ofs_y = -3},
    {.bitmap_index = 16949, .adv_w = 320, .box_w = 20, .box_h = 21, .ofs_x = 0, .ofs_y = -3},
    {.bitmap_index = 17064, .adv_w = 320, .box_w = 20, .box_h = 21, .ofs_x = 0, .ofs_y = -3},
    {.bitmap_index = 17185, .adv_w = 280, .box_w = 18, .box_h = 21, .ofs_x = 0, .ofs_y = -3},
    {.bitmap_index = 17314, .adv_w = 400, .box_w = 25, .box_h = 19, .ofs_x = 0, .ofs_y = -2},
    {.bitmap_index = 17478, .adv_w = 400, .box_w = 25, .box_h = 13, .ofs_x = 0, .ofs_y = 1},
    {.bitmap_index = 17545, .adv_w = 400, .box_w = 25, .box_h = 13, .ofs_x = 0, .ofs_y = 1},
    {.bitmap_index = 17613, .adv_w = 400, .box_w = 25, .box_h = 13, .ofs_x = 0, .ofs_y = 1},
    {.bitmap_index = 17680, .adv_w = 400, .box_w = 25, .box_h = 13, .ofs_x = 0, .ofs_y = 1},
    {.bitmap_index = 17747, .adv_w = 400, .box_w = 25, .box_h = 13, .ofs_x = 0, .ofs_y = 1},
    {.bitmap_index = 17807, .adv_w = 400, .box_w = 26, .box_h = 17, .ofs_x = 0, .ofs_y = -1},
    {.bitmap_index = 17941, .adv_w = 280, .box_w = 16, .box_h = 21, .ofs_x = 1, .ofs_y = -3},
    {.bitmap_index = 18088, .adv_w = 320, .box_w = 20, .box_h = 21, .ofs_x = 0, .ofs_y = -3},
    {.bitmap_index = 18237, .adv_w = 280, .box_w = 18, .box_h = 21, .ofs_x = 0, .ofs_y = -3},
    {.bitmap_index = 18324, .adv_w = 320, .box_w = 21, .box_h = 21, .ofs_x = -1, .ofs_y = -3},
    {.bitmap_index = 18464, .adv_w = 320, .box_w = 20, .box_h = 21, .ofs_x = 0, .ofs_y = -3},
    {.bitmap_index = 18625, .adv_w = 400, .box_w = 25, .box_h = 15, .ofs_x = 0, .ofs_y = 0},
    {.bitmap_index = 18745, .adv_w = 320, .box_w = 20, .box_h = 19, .ofs_x = 0, .ofs_y = -2},
    {.bitmap_index = 18880, .adv_w = 240, .box_w = 15, .box_h = 21, .ofs_x = 0, .ofs_y = -3},
    {.bitmap_index = 18939, .adv_w = 322, .box_w = 21, .box_h = 13, .ofs_x = 0, .ofs_y = 1}
};

/*---------------------
 *  CHARACTER MAPPING
 *--------------------*/

static const uint16_t unicode_list_3[] = {
    0x0, 0x1, 0x5, 0x6, 0x9, 0xa, 0xf, 0x13,
    0xac, 0x2e1c, 0x2e1d, 0xcfee, 0xcfef, 0xcff1, 0xcff2, 0xcff5,
    0xcff8, 0xcff9, 0xcffa, 0xcffb, 0xcffd, 0xcffe, 0xd000, 0xd002,
    0xd006, 0xd009, 0xd00e, 0xd013, 0xd014, 0xd015, 0xd016, 0xd01d,
    0xd02b, 0xd030, 0xd035, 0xd038, 0xd039, 0xd03a, 0xd03e, 0xd03f,
    0xd040, 0xd041, 0xd054, 0xd055, 0xd05b, 0xd05d, 0xd05e, 0xd061,
    0xd064, 0xd065, 0xd066, 0xd068, 0xd080, 0xd082, 0xd0b1, 0xd0b2,
    0xd0b4, 0xd0b6, 0xd0cd, 0xd0d4, 0xd0d7, 0xd0e0, 0xd109, 0xd111,
    0xd147, 0xd148, 0xd151, 0xd152, 0xd1cd, 0xd1d8, 0xd22d, 0xd22e,
    0xd22f, 0xd230, 0xd231, 0xd274, 0xd280, 0xd2d7, 0xd2da, 0xd2f1,
    0xd366, 0xd547, 0xd57c, 0xd7af, 0xd88f
};

/*Collect the unicode lists and glyph_id offsets*/
static const lv_font_fmt_txt_cmap_t cmaps[] =
{
    {
        .range_start = 32, .range_length = 95, .glyph_id_start = 1,
        .unicode_list = NULL, .glyph_id_ofs_list = NULL, .list_length = 0, .type = LV_FONT_FMT_TXT_CMAP_FORMAT0_TINY
    },
    {
        .range_start = 160, .range_length = 13, .glyph_id_start = 96,
        .unicode_list = NULL, .glyph_id_ofs_list = NULL, .list_length = 0, .type = LV_FONT_FMT_TXT_CMAP_FORMAT0_TINY
    },
    {
        .range_start = 174, .range_length = 82, .glyph_id_start = 109,
        .unicode_list = NULL, .glyph_id_ofs_list = NULL, .list_length = 0, .type = LV_FONT_FMT_TXT_CMAP_FORMAT0_TINY
    },
    {
        .range_start = 8211, .range_length = 55440, .glyph_id_start = 191,
        .unicode_list = unicode_list_3, .glyph_id_ofs_list = NULL, .list_length = 85, .type = LV_FONT_FMT_TXT_CMAP_SPARSE_TINY
    }
};

/*-----------------
 *    KERNING
 *----------------*/


/*Map glyph_ids to kern left classes*/
static const uint8_t kern_left_class_mapping[] =
{
    0, 0, 1, 2, 0, 3, 4, 5,
    2, 6, 0, 7, 8, 9, 8, 9,
    10, 11, 0, 12, 13, 14, 15, 16,
    17, 18, 11, 19, 19, 0, 0, 0,
    20, 21, 0, 0, 0, 0, 0, 0,
    0, 0, 0, 0, 0, 0, 0, 0,
    0, 0, 0, 0, 0, 0, 0, 0,
    0, 0, 0, 0, 22, 23, 0, 0,
    24, 0, 0, 0, 0, 0, 0, 0,
    0, 0, 0, 0, 0, 0, 0, 0,
    0, 0, 0, 0, 0, 0, 0, 0,
    0, 0, 0, 0, 22, 0, 0, 8,
    0, 25, 26, 27, 28, 29, 0, 30,
    0, 21, 0, 31, 0, 21, 0, 32,
    8, 0, 0, 0, 33, 0, 8, 0,
    0, 0, 8, 0, 0, 0, 34, 0,
    0, 0, 0, 0, 0, 0, 0, 0,
    0, 0, 0, 0, 0, 0, 0, 0,
    0, 0, 0, 0, 0, 0, 0, 0,
    0, 0, 0, 0, 0, 0, 0, 0,
    0, 0, 0, 0, 0, 0, 0, 0,
    0, 0, 0, 0, 0, 0, 0, 0,
    0, 0, 0, 0, 0, 0, 8, 0,
    0, 0, 0, 0, 0, 0, 0, 8,
    0, 35, 36, 35, 36, 8, 9, 37,
    0, 0, 0, 0, 0, 0, 0, 0,
    0, 0, 0, 0, 0, 0, 0, 0,
    0, 0, 0, 0, 0, 0, 0, 0,
    0, 0, 0, 0, 0, 0, 0, 0,
    0, 0, 0, 0, 0, 0, 0, 0,
    0, 0, 0, 0, 0, 0, 0, 0,
    0, 0, 0, 0, 0, 0, 0, 0,
    0, 0, 0, 0, 0, 0, 0, 0,
    0, 0, 0, 0, 0, 0, 0, 0,
    0, 0, 0, 0
};

/*Map glyph_ids to kern right classes*/
static const uint8_t kern_right_class_mapping[] =
{
    0, 0, 1, 2, 0, 3, 4, 5,
    2, 0, 6, 7, 8, 9, 8, 9,
    10, 11, 12, 13, 14, 15, 16, 11,
    17, 18, 19, 20, 20, 0, 0, 0,
    21, 22, 0, 0, 0, 0, 0, 0,
    0, 0, 0, 0, 0, 0, 0, 0,
    0, 0, 0, 0, 0, 0, 0, 0,
    0, 0, 0, 0, 23, 24, 25, 0,
    26, 0, 0, 0, 0, 0, 0, 0,
    0, 0, 0, 0, 0, 0, 0, 0,
    0, 0, 0, 0, 0, 0, 0, 0,
    0, 0, 0, 0, 0, 0, 25, 8,
    0, 27, 28, 29, 30, 31, 0, 32,
    0, 22, 0, 8, 8, 22, 0, 33,
    8, 0, 0, 0, 34, 35, 8, 0,
    0, 0, 36, 0, 0, 0, 37, 0,
    0, 0, 0, 0, 0, 0, 0, 0,
    0, 0, 0, 0, 0, 0, 0, 0,
    0, 0, 0, 0, 0, 0, 0, 0,
    0, 0, 0, 0, 0, 0, 0, 0,
    0, 0, 0, 0, 0, 0, 0, 0,
    0, 0, 0, 0, 0, 0, 0, 0,
    0, 0, 0, 0, 0, 0, 8, 0,
    0, 0, 0, 0, 0, 0, 0, 8,
    0, 38, 39, 38, 39, 8, 9, 40,
    0, 0, 0, 0, 0, 0, 0, 0,
    0, 0, 0, 0, 0, 0, 0, 0,
    0, 0, 0, 0, 0, 0, 0, 0,
    0, 0, 0, 0, 0, 0, 0, 0,
    0, 0, 0, 0, 0, 0, 0, 0,
    0, 0, 0, 0, 0, 0, 0, 0,
    0, 0, 0, 0, 0, 0, 0, 0,
    0, 0, 0, 0, 0, 0, 0, 0,
    0, 0, 0, 0, 0, 0, 0, 0,
    0, 0, 0, 0
};

/*Kern values between classes*/
static const int8_t kern_class_values[] =
{
    0, 0, 0, 0, 0, 0, 2, 0,
    0, 0, 0, 3, 0, 0, 0, 0,
    2, 0, 0, 0, 0, 0, 0, 0,
    0, 0, 0, 0, 0, 0, 4, 0,
    0, 0, 0, 0, 0, 0, 0, 0,
    0, 14, 0, 9, -7, 0, 6, 0,
    -18, -19, 2, 15, 7, 5, -13, 2,
    16, 0, 13, 3, 10, -5, 0, 19,
    3, -2, 0, -5, 0, -6, 6, 0,
    6, 0, 15, 0, -14, 0, 0, 0,
    0, -10, 0, 0, 0, 0, -6, 5,
    6, 0, 0, -3, 0, -2, 3, 0,
    -3, 0, -3, -2, -6, 0, 0, -3,
    0, -6, 0, 0, 0, 0, 0, 0,
    -5, 0, 0, 0, -3, -8, -3, 0,
    0, -9, 0, -39, 0, -6, -16, 6,
    10, 0, 0, -6, 3, 3, 11, 6,
    -5, 6, 0, 0, -18, 0, 0, -12,
    0, 0, 0, 7, 0, 0, 0, 0,
    -9, 0, 0, 0, 0, -6, -6, 0,
    -4, -16, 0, -13, -2, 0, -10, 0,
    1, 12, 0, -10, -3, 0, 0, 0,
    -5, 0, 0, -2, -24, 0, 0, -26,
    -3, 12, -3, 0, 0, 0, 0, 0,
    -13, 0, -14, 0, 0, -10, -8, 0,
    0, 0, 0, 0, 0, 0, 0, 0,
    0, 11, 0, 3, 0, 0, -6, 0,
    0, 0, 0, 0, 0, 0, 0, 12,
    3, 0, 0, 0, 0, 0, 4, 0,
    0, 0, 0, 0, 0, 0, 0, 0,
    2, 6, 3, 10, -3, 0, 6, -3,
    -11, -44, 2, 9, 6, 0, -4, 0,
    12, 0, 10, 0, 10, 0, 0, 0,
    0, -3, 0, -5, 0, 2, 0, 0,
    10, 0, 12, 4, -26, 10, 10, 0,
    0, 0, -5, -12, 0, 0, -3, 0,
    -2, 0, 2, -6, -4, -6, 2, 0,
    -3, 0, 0, 0, -13, 2, 0, -21,
    0, 0, 0, 3, 0, 2, -7, 3,
    0, 0, -28, -3, 0, 0, 0, 0,
    0, -18, 3, -20, 0, 0, -11, -2,
    0, 32, -4, -4, 3, 3, -3, 0,
    -4, 3, 0, 0, -17, -6, 0, -31,
    0, 3, 0, -4, 0, -3, -10, 0,
    -20, 0, -41, 0, 3, -6, -6, 0,
    0, 19, -6, 0, -12, 11, 0, -22,
    -31, -22, -6, 10, 0, 0, -21, 0,
    4, -7, 0, -5, 0, -6, 0, 8,
    10, -39, -21, -21, -3, 0, 13, -6,
    15, -21, 0, -16, -24, 16, 17, 0,
    0, 2, 0, 0, 0, 0, 2, 2,
    -4, -6, 0, 0, 0, -3, 0, 0,
    -2, 0, 0, 0, -6, 0, 0, -6,
    0, -6, 0, 0, 0, 0, -4, 0,
    0, 0, 0, 0, -10, 0, 0, 0,
    0, 0, 0, 3, -2, 0, 0, -2,
    3, 3, 0, 0, 0, 0, -6, 0,
    0, 0, 0, 0, 0, 0, 0, -2,
    0, 10, 0, -3, 0, 0, 0, 0,
    0, 0, 0, 0, 0, 0, 0, 0,
    0, -3, 0, -3, 0, 0, 0, 0,
    0, 0, 0, 0, -2, -2, 0, -3,
    -4, 0, 0, 0, 0, 0, 0, 0,
    0, 0, 0, 0, 0, 0, 0, 0,
    -5, 0, 0, 0, 0, 0, 0, 0,
    0, -10, -2, -10, 6, 0, -6, 3,
    6, 9, 0, -8, 0, -4, 0, 0,
    -15, 3, -2, 2, -17, 3, 0, -16,
    0, 6, 0, 4, 3, 3, -3, 7,
    -10, 0, -6, 0, 3, -7, -3, 0,
    0, 0, 0, -3, 0, 0, -3, 0,
    0, 0, 0, 0, -2, -2, 0, -2,
    -4, 0, 0, 0, 0, 0, 0, -3,
    0, 0, 0, 0, 0, 0, 0, 0,
    -4, 0, 0, 0, 0, 0, 0, 0,
    0, -2, 0, -6, 3, 0, -4, 2,
    3, 3, 0, 0, 0, 0, 0, 0,
    -2, 0, 0, 0, 0, 0, 0, 0,
    0, 0, 0, 3, 0, 3, 0, 6,
    -6, 0, 0, 0, 0, -3, 0, 0,
    0, 10, -2, 0, -10, 0, 9, -16,
    -17, -13, -6, 3, 0, -3, -21, -6,
    0, -6, 0, -6, 5, -6, 0, 3,
    -1, -10, -9, -16, -4, -6, 4, -3,
    2, -8, 9, -5, -20, 3, 6, 0,
    0, 0, 0, -3, 0, 0, 2, 0,
    3, 0, 0, 0, 0, 0, 0, 0,
    0, 0, 0, 0, -3, 0, 0, -10,
    0, 0, 0, 0, 0, 0, -3, 3,
    0, 0, 0, 0, -6, -2, 0, 0,
    0, 3, 0, 0, 0, 0, 0, 0,
    0, 15, 0, 0, 0, 0, 0, 0,
    2, 0, 0, 0, -3, 0, 0, -6,
    0, 3, 0, 0, 0, 0, -13, 0,
    0, 0, 0, 0, 0, 0, 0, 0,
    -2, 0, 0, 0, -6, 0, 4, 0,
    -16, -10, 0, 0, 0, -5, -16, 0,
    0, -3, 3, 0, -15, 0, -5, 0,
    0, -6, -2, -3, 0, 0, -5, 0,
    3, 0, 0, 3, -34, 7, 7, 0,
    0, -5, 0, 0, 0, 4, 0, 2,
    -6, -6, 0, -3, -3, -4, 0, 0,
    0, 0, 0, 0, -10, 0, 0, -6,
    3, -10, 0, 0, 0, 0, 0, 0,
    3, 0, 0, 0, -6, -4, -5, 0,
    0, 3, 0, 0, 0, 3, 0, -3,
    0, 12, 0, 6, 0, 0, -4, 0,
    6, 0, 0, 0, 3, 0, 0, 10,
    0, 9, 0, 0, 0, 0, 4, 0,
    0, 0, 0, 0, 0, 0, 0, 0,
    0, -19, 0, -3, 5, 10, -44, 0,
    32, 4, -6, -6, 3, 3, -2, 0,
    -16, 0, 0, 15, -19, -6, 0, -22,
    12, 45, 13, 0, 0, 0, 0, 10,
    -19, 0, -10, 3, 10, -17, -17, 0,
    0, -2, 6, -9, 0, 0, -3, 0,
    3, 41, -6, -3, 10, 9, -9, 3,
    0, 0, 3, 3, -4, -10, 0, -42,
    9, 0, 4, -9, 5, -2, -3, 9,
    0, 0, -23, 3, 0, 0, 0, 10,
    0, 0, 0, 0, 0, 0, 0, 0,
    0, 13, 0, -6, 0, 0, 0, 0,
    0, 0, 0, 0, 0, 0, 0, -18,
    0, 4, 0, 0, 0, 0, -6, 0,
    0, 0, 0, 0, 0, 0, 0, 0,
    0, 0, 0, 0, -7, -7, 4, -4,
    6, 0, -2, -7, -2, -5, -6, 0,
    -4, -2, -2, 2, -5, 0, -2, -15,
    -3, 0, 0, -3, 0, 0, 0, -3,
    5, 0, 0, 0, -2, 6, 7, 0,
    0, 0, -3, 0, -12, 0, 8, -10,
    0, 4, -12, 5, -3, -3, -11, -4,
    2, -11, -6, -10, 0, -4, 0, 5,
    0, 5, -8, -10, 0, 0, 0, -3,
    0, -6, 4, -4, -7, 0, 0, 0,
    0, 0, 0, 0, 0, 0, 2, 2,
    -3, 0, 0, 0, -3, 0, 0, 0,
    -4, 0, 0, 0, 0, 0, 0, 0,
    0, -2, 0, 0, 0, 0, 0, 0,
    0, 0, 0, 0, -2, 0, 0, 0,
    4, 6, 0, 0, 0, 4, 0, -7,
    -10, -10, -4, 10, 0, 3, -3, 0,
    9, -3, 0, -13, 0, 0, 0, 16,
    4, -3, -6, 0, 0, 0, 0, 0,
    0, 0, 0, 0, -13, 0, 3, 0,
    0, 0, 0, 0, 0, 0, 0, 6,
    0, 7, 0, 0, 0, 0, 5, 0,
    2, 3, 0, 0, 0, 0, 0, 0,
    0, 2, 0, 2, 0, 0, 0, 0,
    0, 2, 0, 0, 0, 3, 3, 0,
    0, 0, 0, 0, 0, 0, 4, -3,
    0, 3, 0, 0, 0, 0, 2, 2,
    0, 0, 0, 0, -3, 0, 0, -18,
    0, 3, 0, 0, 0, 0, 0, 0,
    0, 0, 0, 0, 2, 0, 0, 0,
    0, 6, 6, 7, 0, 0, 10, 0,
    -20, -18, 0, 14, 10, 5, -13, 2,
    13, 0, 12, 0, 6, 3, 0, 17,
    0, 0, 0, -5, 0, 0, 0, 0,
    0, 0, 0, 0, -20, 0, 0, 0,
    0, 0, -5, 0, 0, 0, 0, 0,
    0, 0, 0, -2, 0, 0, 0, 0,
    0, 0, 0, 0, 7, 0, 0, -21,
    0, 0, 0, 0, 0, 0, 0, 0,
    0, 0, 0, 0, 0, 0, 0, 0,
    0, -11, 0, -19, -5, 0, -27, -13,
    0, 13, -15, -14, 0, 0, -14, 0,
    -14, -14, 0, 0, -43, -17, 0, -30,
    3, 16, 0, -11, 3, -6, -16, 0,
    -19, -4, -28, -3, -8, -7, -6, 0,
    0, 0, 3, 13, -4, 0, 10, 0,
    -6, -17, 0, 12, 4, 6, -12, 0,
    13, -2, 10, 0, 12, 0, 0, 17,
    0, 0, 0, -4, 0, 0, 0, 3,
    0, 10, 12, 0, -10, 9, 9, 0,
    0, 0, 3, 13, -4, 0, 10, 0,
    -6, -17, 0, 15, 6, 5, -18, 0,
    9, 0, 3, 0, 12, 0, 0, 17,
    0, 0, 0, -9, 0, 0, 3, 3,
    0, 0, 12, 0, -10, 9, 9, 0,
    0, 0, 0, 0, 0, 0, 0, 0,
    0, 0, 0, 0, 0, 0, 0, 0,
    0, 0, 0, 0, -7, 0, 0, -6,
    0, -3, 0, 0, 0, 0, 0, 0,
    0, 0, 0, 0, 0, -3, 0, 0
};


/*Collect the kern class' data in one place*/
static const lv_font_fmt_txt_kern_classes_t kern_classes =
{
    .class_pair_values   = kern_class_values,
    .left_class_mapping  = kern_left_class_mapping,
    .right_class_mapping = kern_right_class_mapping,
    .left_class_cnt      = 37,
    .right_class_cnt     = 40,
};

/*--------------------
 *  ALL CUSTOM DATA
 *--------------------*/

#if LVGL_VERSION_MAJOR == 8
/*Store all the custom data of the font*/
static  lv_font_fmt_txt_glyph_cache_t cache;
#endif

#if LVGL_VERSION_MAJOR >= 8
static const lv_font_fmt_txt_dsc_t font_dsc = {
#else
static lv_font_fmt_txt_dsc_t font_dsc = {
#endif
    .glyph_bitmap = glyph_bitmap,
    .glyph_dsc = glyph_dsc,
    .cmaps = cmaps,
    .kern_dsc = &kern_classes,
    .kern_scale = 16,
    .cmap_num = 4,
    .bpp = 4,
    .kern_classes = 1,
    .bitmap_format = 1,
#if LVGL_VERSION_MAJOR == 8
    .cache = &cache
#endif
};



/*-----------------
 *  PUBLIC FONT
 *----------------*/

/*Initialize a public general font descriptor*/
#if LVGL_VERSION_MAJOR >= 8
const lv_font_t lv_font_montserrat_20 = {
#else
lv_font_t lv_font_montserrat_20 = {
#endif
    .get_glyph_dsc = lv_font_get_glyph_dsc_fmt_txt,    /*Function pointer to get glyph's data*/
    .get_glyph_bitmap = lv_font_get_bitmap_fmt_txt,    /*Function pointer to get glyph's bitmap*/
    .line_height = 25,          /*The maximum line height required by the font*/
    .base_line = 5,             /*Baseline measured from the bottom of the line*/
#if !(LVGL_VERSION_MAJOR == 6 && LVGL_VERSION_MINOR == 0)
    .subpx = LV_FONT_SUBPX_NONE,
#endif
#if LV_VERSION_CHECK(7, 4, 0) || LVGL_VERSION_MAJOR >= 8
    .underline_position = -2,
    .underline_thickness = 1,
#endif
    .dsc = &font_dsc,          /*The custom font data. Will be accessed by `get_glyph_bitmap/dsc` */
#if LV_VERSION_CHECK(8, 2, 0) || LVGL_VERSION_MAJOR >= 9
    .fallback = NULL,
#endif
    .user_data = NULL,
};



#endif /*#if LV_FONT_MONTSERRAT_20*/

